filepath,label
ESC-50/audio/1-100210-A-36.wav,background
ESC-50/audio/1-100210-B-36.wav,background
ESC-50/audio/1-104089-A-22.wav,background
ESC-50/audio/1-104089-B-22.wav,background
ESC-50/audio/1-105224-A-22.wav,background
ESC-50/audio/1-110537-A-22.wav,background
ESC-50/audio/1-115920-A-22.wav,background
ESC-50/audio/1-115920-B-22.wav,background
ESC-50/audio/1-115921-A-22.wav,background
ESC-50/audio/1-118559-A-17.wav,background
ESC-50/audio/1-137296-A-16.wav,background
ESC-50/audio/1-17367-A-10.wav,background
ESC-50/audio/1-1791-A-26.wav,background
ESC-50/audio/1-18631-A-23.wav,background
ESC-50/audio/1-19840-A-36.wav,background
ESC-50/audio/1-19872-A-36.wav,background
ESC-50/audio/1-19872-B-36.wav,background
ESC-50/audio/1-21189-A-10.wav,background
ESC-50/audio/1-21934-A-38.wav,background
ESC-50/audio/1-21935-A-38.wav,background
ESC-50/audio/1-26222-A-10.wav,background
ESC-50/audio/1-29532-A-16.wav,background
ESC-50/audio/1-29561-A-10.wav,background
ESC-50/audio/1-30039-A-26.wav,background
ESC-50/audio/1-30043-A-26.wav,background
ESC-50/audio/1-30709-A-23.wav,background
ESC-50/audio/1-30709-B-23.wav,background
ESC-50/audio/1-30709-C-23.wav,background
ESC-50/audio/1-33658-A-26.wav,background
ESC-50/audio/1-35687-A-38.wav,background
ESC-50/audio/1-36164-A-26.wav,background
ESC-50/audio/1-36164-B-26.wav,background
ESC-50/audio/1-36393-A-23.wav,background
ESC-50/audio/1-36397-A-23.wav,background
ESC-50/audio/1-36400-A-23.wav,background
ESC-50/audio/1-36402-A-23.wav,background
ESC-50/audio/1-42139-A-38.wav,background
ESC-50/audio/1-46744-A-36.wav,background
ESC-50/audio/1-47709-A-16.wav,background
ESC-50/audio/1-47714-A-16.wav,background
ESC-50/audio/1-48413-A-38.wav,background
ESC-50/audio/1-50060-A-10.wav,background
ESC-50/audio/1-50625-A-17.wav,background
ESC-50/audio/1-50688-A-17.wav,background
ESC-50/audio/1-51035-A-16.wav,background
ESC-50/audio/1-51036-A-16.wav,background
ESC-50/audio/1-51037-A-16.wav,background
ESC-50/audio/1-51433-A-17.wav,background
ESC-50/audio/1-51436-A-17.wav,background
ESC-50/audio/1-54958-A-10.wav,background
ESC-50/audio/1-56311-A-10.wav,background
ESC-50/audio/1-57163-A-38.wav,background
ESC-50/audio/1-60460-A-36.wav,background
ESC-50/audio/1-61221-A-17.wav,background
ESC-50/audio/1-62849-A-38.wav,background
ESC-50/audio/1-62850-A-38.wav,background
ESC-50/audio/1-63871-A-10.wav,background
ESC-50/audio/1-67152-A-17.wav,background
ESC-50/audio/1-69760-A-16.wav,background
ESC-50/audio/1-72695-A-26.wav,background
ESC-50/audio/1-73123-A-26.wav,background
ESC-50/audio/1-79220-A-17.wav,background
ESC-50/audio/1-79236-A-36.wav,background
ESC-50/audio/1-94036-A-22.wav,background
ESC-50/audio/2-101676-A-10.wav,background
ESC-50/audio/2-102414-A-17.wav,background
ESC-50/audio/2-102414-B-17.wav,background
ESC-50/audio/2-102414-C-17.wav,background
ESC-50/audio/2-102414-D-17.wav,background
ESC-50/audio/2-102414-E-17.wav,background
ESC-50/audio/2-102414-F-17.wav,background
ESC-50/audio/2-102414-G-17.wav,background
ESC-50/audio/2-104952-A-16.wav,background
ESC-50/audio/2-104952-B-16.wav,background
ESC-50/audio/2-106072-A-36.wav,background
ESC-50/audio/2-106073-A-36.wav,background
ESC-50/audio/2-109371-A-16.wav,background
ESC-50/audio/2-109371-B-16.wav,background
ESC-50/audio/2-109371-C-16.wav,background
ESC-50/audio/2-109371-D-16.wav,background
ESC-50/audio/2-109374-A-16.wav,background
ESC-50/audio/2-109759-A-26.wav,background
ESC-50/audio/2-109759-B-26.wav,background
ESC-50/audio/2-117625-A-10.wav,background
ESC-50/audio/2-119748-A-38.wav,background
ESC-50/audio/2-122820-A-36.wav,background
ESC-50/audio/2-122820-B-36.wav,background
ESC-50/audio/2-126433-A-17.wav,background
ESC-50/audio/2-127108-A-38.wav,background
ESC-50/audio/2-131943-A-38.wav,background
ESC-50/audio/2-134700-A-38.wav,background
ESC-50/audio/2-135728-A-38.wav,background
ESC-50/audio/2-140147-A-38.wav,background
ESC-50/audio/2-141584-A-38.wav,background
ESC-50/audio/2-141681-A-36.wav,background
ESC-50/audio/2-141681-B-36.wav,background
ESC-50/audio/2-141682-A-36.wav,background
ESC-50/audio/2-141682-B-36.wav,background
ESC-50/audio/2-205966-A-16.wav,background
ESC-50/audio/2-25292-A-22.wav,background
ESC-50/audio/2-25293-A-22.wav,background
ESC-50/audio/2-50774-A-23.wav,background
ESC-50/audio/2-54961-A-23.wav,background
ESC-50/audio/2-54962-A-23.wav,background
ESC-50/audio/2-57733-A-22.wav,background
ESC-50/audio/2-60791-A-26.wav,background
ESC-50/audio/2-60794-A-26.wav,background
ESC-50/audio/2-60795-A-26.wav,background
ESC-50/audio/2-60900-A-22.wav,background
ESC-50/audio/2-62226-A-26.wav,background
ESC-50/audio/2-66205-A-23.wav,background
ESC-50/audio/2-72970-A-10.wav,background
ESC-50/audio/2-73027-A-10.wav,background
ESC-50/audio/2-73260-A-10.wav,background
ESC-50/audio/2-76408-A-22.wav,background
ESC-50/audio/2-76408-B-22.wav,background
ESC-50/audio/2-76408-C-22.wav,background
ESC-50/audio/2-76408-D-22.wav,background
ESC-50/audio/2-79769-A-26.wav,background
ESC-50/audio/2-79775-A-26.wav,background
ESC-50/audio/2-81731-A-10.wav,background
ESC-50/audio/2-82367-A-10.wav,background
ESC-50/audio/2-82455-A-23.wav,background
ESC-50/audio/2-84965-A-23.wav,background
ESC-50/audio/2-87781-A-10.wav,background
ESC-50/audio/2-88724-A-38.wav,background
ESC-50/audio/2-95567-A-23.wav,background
ESC-50/audio/2-98392-A-23.wav,background
ESC-50/audio/3-107123-A-26.wav,background
ESC-50/audio/3-108160-A-23.wav,background
ESC-50/audio/3-108451-A-17.wav,background
ESC-50/audio/3-108451-B-17.wav,background
ESC-50/audio/3-110536-A-26.wav,background
ESC-50/audio/3-112557-A-23.wav,background
ESC-50/audio/3-112557-B-23.wav,background
ESC-50/audio/3-117504-A-16.wav,background
ESC-50/audio/3-117504-B-16.wav,background
ESC-50/audio/3-118487-A-26.wav,background
ESC-50/audio/3-119459-A-26.wav,background
ESC-50/audio/3-126113-A-26.wav,background
ESC-50/audio/3-127874-A-17.wav,background
ESC-50/audio/3-130330-A-22.wav,background
ESC-50/audio/3-132747-A-26.wav,background
ESC-50/audio/3-132852-A-10.wav,background
ESC-50/audio/3-134699-A-16.wav,background
ESC-50/audio/3-134699-B-16.wav,background
ESC-50/audio/3-134699-C-16.wav,background
ESC-50/audio/3-136608-A-16.wav,background
ESC-50/audio/3-138114-A-22.wav,background
ESC-50/audio/3-140774-A-10.wav,background
ESC-50/audio/3-142005-A-10.wav,background
ESC-50/audio/3-142006-A-10.wav,background
ESC-50/audio/3-142349-A-17.wav,background
ESC-50/audio/3-142593-A-38.wav,background
ESC-50/audio/3-143929-A-10.wav,background
ESC-50/audio/3-143933-A-38.wav,background
ESC-50/audio/3-144128-A-23.wav,background
ESC-50/audio/3-144128-B-23.wav,background
ESC-50/audio/3-145719-A-17.wav,background
ESC-50/audio/3-149448-A-17.wav,background
ESC-50/audio/3-149465-A-22.wav,background
ESC-50/audio/3-150363-A-38.wav,background
ESC-50/audio/3-151206-A-23.wav,background
ESC-50/audio/3-152020-A-36.wav,background
ESC-50/audio/3-152020-B-36.wav,background
ESC-50/audio/3-152020-C-36.wav,background
ESC-50/audio/3-152912-A-26.wav,background
ESC-50/audio/3-152997-A-26.wav,background
ESC-50/audio/3-154439-A-17.wav,background
ESC-50/audio/3-157149-A-10.wav,background
ESC-50/audio/3-157487-A-10.wav,background
ESC-50/audio/3-157615-A-10.wav,background
ESC-50/audio/3-159346-A-36.wav,background
ESC-50/audio/3-159346-B-36.wav,background
ESC-50/audio/3-159347-A-36.wav,background
ESC-50/audio/3-159347-B-36.wav,background
ESC-50/audio/3-159348-A-36.wav,background
ESC-50/audio/3-161500-A-17.wav,background
ESC-50/audio/3-164688-A-38.wav,background
ESC-50/audio/3-166125-A-23.wav,background
ESC-50/audio/3-166125-B-23.wav,background
ESC-50/audio/3-170377-A-38.wav,background
ESC-50/audio/3-170383-A-38.wav,background
ESC-50/audio/3-171012-A-38.wav,background
ESC-50/audio/3-171041-A-38.wav,background
ESC-50/audio/3-177082-A-22.wav,background
ESC-50/audio/3-177083-A-22.wav,background
ESC-50/audio/3-181278-A-22.wav,background
ESC-50/audio/3-197435-A-22.wav,background
ESC-50/audio/3-197435-B-22.wav,background
ESC-50/audio/3-246513-A-16.wav,background
ESC-50/audio/3-246513-B-16.wav,background
ESC-50/audio/4-132803-A-26.wav,background
ESC-50/audio/4-132810-A-26.wav,background
ESC-50/audio/4-132816-A-26.wav,background
ESC-50/audio/4-133674-A-26.wav,background
ESC-50/audio/4-144083-A-16.wav,background
ESC-50/audio/4-144083-B-16.wav,background
ESC-50/audio/4-144083-C-16.wav,background
ESC-50/audio/4-144085-A-16.wav,background
ESC-50/audio/4-146200-A-36.wav,background
ESC-50/audio/4-155670-A-26.wav,background
ESC-50/audio/4-160999-A-10.wav,background
ESC-50/audio/4-161127-A-10.wav,background
ESC-50/audio/4-163264-A-10.wav,background
ESC-50/audio/4-163606-A-16.wav,background
ESC-50/audio/4-163608-B-16.wav,background
ESC-50/audio/4-163609-A-16.wav,background
ESC-50/audio/4-163609-B-16.wav,background
ESC-50/audio/4-164206-A-10.wav,background
ESC-50/audio/4-164243-A-26.wav,background
ESC-50/audio/4-166661-A-10.wav,background
ESC-50/audio/4-167571-A-26.wav,background
ESC-50/audio/4-168868-A-17.wav,background
ESC-50/audio/4-171706-A-23.wav,background
ESC-50/audio/4-172377-A-17.wav,background
ESC-50/audio/4-172732-A-36.wav,background
ESC-50/audio/4-172733-A-36.wav,background
ESC-50/audio/4-172734-A-36.wav,background
ESC-50/audio/4-172736-A-36.wav,background
ESC-50/audio/4-172736-B-36.wav,background
ESC-50/audio/4-175945-A-38.wav,background
ESC-50/audio/4-176914-A-23.wav,background
ESC-50/audio/4-177250-A-10.wav,background
ESC-50/audio/4-179984-A-38.wav,background
ESC-50/audio/4-180380-A-10.wav,background
ESC-50/audio/4-180453-A-17.wav,background
ESC-50/audio/4-181035-A-38.wav,background
ESC-50/audio/4-181286-A-10.wav,background
ESC-50/audio/4-181599-A-26.wav,background
ESC-50/audio/4-181628-A-17.wav,background
ESC-50/audio/4-181865-A-38.wav,background
ESC-50/audio/4-181999-A-36.wav,background
ESC-50/audio/4-182839-A-17.wav,background
ESC-50/audio/4-186693-A-17.wav,background
ESC-50/audio/4-187504-A-17.wav,background
ESC-50/audio/4-187504-B-17.wav,background
ESC-50/audio/4-188033-A-38.wav,background
ESC-50/audio/4-189828-A-22.wav,background
ESC-50/audio/4-189830-A-22.wav,background
ESC-50/audio/4-189832-A-22.wav,background
ESC-50/audio/4-189832-B-22.wav,background
ESC-50/audio/4-189833-A-22.wav,background
ESC-50/audio/4-189836-A-22.wav,background
ESC-50/audio/4-189838-A-22.wav,background
ESC-50/audio/4-191327-A-38.wav,background
ESC-50/audio/4-194680-A-36.wav,background
ESC-50/audio/4-194711-A-38.wav,background
ESC-50/audio/4-198025-A-23.wav,background
ESC-50/audio/4-198965-A-38.wav,background
ESC-50/audio/4-205526-A-23.wav,background
ESC-50/audio/4-205526-B-23.wav,background
ESC-50/audio/4-205738-A-22.wav,background
ESC-50/audio/4-207116-A-23.wav,background
ESC-50/audio/4-210000-A-23.wav,background
ESC-50/audio/4-210000-B-23.wav,background
ESC-50/audio/5-117773-A-16.wav,background
ESC-50/audio/5-157204-A-16.wav,background
ESC-50/audio/5-157204-B-16.wav,background
ESC-50/audio/5-171118-A-26.wav,background
ESC-50/audio/5-179496-A-16.wav,background
ESC-50/audio/5-179496-B-16.wav,background
ESC-50/audio/5-181766-A-10.wav,background
ESC-50/audio/5-182007-A-36.wav,background
ESC-50/audio/5-182010-A-36.wav,background
ESC-50/audio/5-182012-A-36.wav,background
ESC-50/audio/5-188365-A-36.wav,background
ESC-50/audio/5-188655-A-10.wav,background
ESC-50/audio/5-193339-A-10.wav,background
ESC-50/audio/5-194892-A-10.wav,background
ESC-50/audio/5-195710-A-10.wav,background
ESC-50/audio/5-198321-A-10.wav,background
ESC-50/audio/5-201194-A-38.wav,background
ESC-50/audio/5-202898-A-10.wav,background
ESC-50/audio/5-203739-A-10.wav,background
ESC-50/audio/5-205589-A-17.wav,background
ESC-50/audio/5-205589-B-17.wav,background
ESC-50/audio/5-207781-A-17.wav,background
ESC-50/audio/5-208624-A-38.wav,background
ESC-50/audio/5-209698-A-38.wav,background
ESC-50/audio/5-209833-A-38.wav,background
ESC-50/audio/5-209989-A-22.wav,background
ESC-50/audio/5-210571-A-38.wav,background
ESC-50/audio/5-212054-A-36.wav,background
ESC-50/audio/5-212059-A-36.wav,background
ESC-50/audio/5-212181-A-38.wav,background
ESC-50/audio/5-212730-A-17.wav,background
ESC-50/audio/5-212734-A-17.wav,background
ESC-50/audio/5-212736-A-17.wav,background
ESC-50/audio/5-213293-A-23.wav,background
ESC-50/audio/5-214362-A-17.wav,background
ESC-50/audio/5-215634-A-17.wav,background
ESC-50/audio/5-217186-A-16.wav,background
ESC-50/audio/5-217186-B-16.wav,background
ESC-50/audio/5-217186-C-16.wav,background
ESC-50/audio/5-218494-A-22.wav,background
ESC-50/audio/5-219342-A-38.wav,background
ESC-50/audio/5-221567-A-22.wav,background
ESC-50/audio/5-221568-A-22.wav,background
ESC-50/audio/5-221950-A-22.wav,background
ESC-50/audio/5-231551-A-36.wav,background
ESC-50/audio/5-232816-A-23.wav,background
ESC-50/audio/5-233260-A-23.wav,background
ESC-50/audio/5-234335-A-23.wav,background
ESC-50/audio/5-235593-A-23.wav,background
ESC-50/audio/5-235671-A-38.wav,background
ESC-50/audio/5-238492-A-23.wav,background
ESC-50/audio/5-242932-A-26.wav,background
ESC-50/audio/5-242932-B-26.wav,background
ESC-50/audio/5-244526-A-26.wav,background
ESC-50/audio/5-249937-A-22.wav,background
ESC-50/audio/5-253534-A-26.wav,background
ESC-50/audio/5-254160-A-22.wav,background
ESC-50/audio/5-259514-A-26.wav,background
ESC-50/audio/5-260164-A-23.wav,background
ESC-50/audio/5-261464-A-23.wav,background
ESC-50/audio/5-262957-A-22.wav,background
ESC-50/audio/5-263775-A-26.wav,background
ESC-50/audio/5-263775-B-26.wav,background
ESC-50/audio/5-263902-A-36.wav,background
snoring/Snoring Dataset/0/0_0.wav,background
snoring/Snoring Dataset/0/0_1.wav,background
snoring/Snoring Dataset/0/0_10.wav,background
snoring/Snoring Dataset/0/0_100.wav,background
snoring/Snoring Dataset/0/0_101.wav,background
snoring/Snoring Dataset/0/0_102.wav,background
snoring/Snoring Dataset/0/0_103.wav,background
snoring/Snoring Dataset/0/0_104.wav,background
snoring/Snoring Dataset/0/0_105.wav,background
snoring/Snoring Dataset/0/0_106.wav,background
snoring/Snoring Dataset/0/0_107.wav,background
snoring/Snoring Dataset/0/0_108.wav,background
snoring/Snoring Dataset/0/0_109.wav,background
snoring/Snoring Dataset/0/0_11.wav,background
snoring/Snoring Dataset/0/0_110.wav,background
snoring/Snoring Dataset/0/0_111.wav,background
snoring/Snoring Dataset/0/0_112.wav,background
snoring/Snoring Dataset/0/0_113.wav,background
snoring/Snoring Dataset/0/0_114.wav,background
snoring/Snoring Dataset/0/0_115.wav,background
snoring/Snoring Dataset/0/0_116.wav,background
snoring/Snoring Dataset/0/0_117.wav,background
snoring/Snoring Dataset/0/0_118.wav,background
snoring/Snoring Dataset/0/0_119.wav,background
snoring/Snoring Dataset/0/0_12.wav,background
snoring/Snoring Dataset/0/0_120.wav,background
snoring/Snoring Dataset/0/0_121.wav,background
snoring/Snoring Dataset/0/0_122.wav,background
snoring/Snoring Dataset/0/0_123.wav,background
snoring/Snoring Dataset/0/0_124.wav,background
snoring/Snoring Dataset/0/0_125.wav,background
snoring/Snoring Dataset/0/0_126.wav,background
snoring/Snoring Dataset/0/0_127.wav,background
snoring/Snoring Dataset/0/0_128.wav,background
snoring/Snoring Dataset/0/0_129.wav,background
snoring/Snoring Dataset/0/0_13.wav,background
snoring/Snoring Dataset/0/0_130.wav,background
snoring/Snoring Dataset/0/0_131.wav,background
snoring/Snoring Dataset/0/0_132.wav,background
snoring/Snoring Dataset/0/0_133.wav,background
snoring/Snoring Dataset/0/0_134.wav,background
snoring/Snoring Dataset/0/0_135.wav,background
snoring/Snoring Dataset/0/0_136.wav,background
snoring/Snoring Dataset/0/0_137.wav,background
snoring/Snoring Dataset/0/0_138.wav,background
snoring/Snoring Dataset/0/0_139.wav,background
snoring/Snoring Dataset/0/0_14.wav,background
snoring/Snoring Dataset/0/0_140.wav,background
snoring/Snoring Dataset/0/0_141.wav,background
snoring/Snoring Dataset/0/0_142.wav,background
snoring/Snoring Dataset/0/0_143.wav,background
snoring/Snoring Dataset/0/0_144.wav,background
snoring/Snoring Dataset/0/0_145.wav,background
snoring/Snoring Dataset/0/0_146.wav,background
snoring/Snoring Dataset/0/0_147.wav,background
snoring/Snoring Dataset/0/0_148.wav,background
snoring/Snoring Dataset/0/0_149.wav,background
snoring/Snoring Dataset/0/0_15.wav,background
snoring/Snoring Dataset/0/0_150.wav,background
snoring/Snoring Dataset/0/0_151.wav,background
snoring/Snoring Dataset/0/0_152.wav,background
snoring/Snoring Dataset/0/0_153.wav,background
snoring/Snoring Dataset/0/0_154.wav,background
snoring/Snoring Dataset/0/0_155.wav,background
snoring/Snoring Dataset/0/0_156.wav,background
snoring/Snoring Dataset/0/0_157.wav,background
snoring/Snoring Dataset/0/0_158.wav,background
snoring/Snoring Dataset/0/0_159.wav,background
snoring/Snoring Dataset/0/0_16.wav,background
snoring/Snoring Dataset/0/0_160.wav,background
snoring/Snoring Dataset/0/0_161.wav,background
snoring/Snoring Dataset/0/0_162.wav,background
snoring/Snoring Dataset/0/0_163.wav,background
snoring/Snoring Dataset/0/0_164.wav,background
snoring/Snoring Dataset/0/0_165.wav,background
snoring/Snoring Dataset/0/0_166.wav,background
snoring/Snoring Dataset/0/0_167.wav,background
snoring/Snoring Dataset/0/0_168.wav,background
snoring/Snoring Dataset/0/0_169.wav,background
snoring/Snoring Dataset/0/0_17.wav,background
snoring/Snoring Dataset/0/0_170.wav,background
snoring/Snoring Dataset/0/0_171.wav,background
snoring/Snoring Dataset/0/0_172.wav,background
snoring/Snoring Dataset/0/0_173.wav,background
snoring/Snoring Dataset/0/0_174.wav,background
snoring/Snoring Dataset/0/0_175.wav,background
snoring/Snoring Dataset/0/0_176.wav,background
snoring/Snoring Dataset/0/0_177.wav,background
snoring/Snoring Dataset/0/0_178.wav,background
snoring/Snoring Dataset/0/0_179.wav,background
snoring/Snoring Dataset/0/0_18.wav,background
snoring/Snoring Dataset/0/0_180.wav,background
snoring/Snoring Dataset/0/0_181.wav,background
snoring/Snoring Dataset/0/0_182.wav,background
snoring/Snoring Dataset/0/0_183.wav,background
snoring/Snoring Dataset/0/0_184.wav,background
snoring/Snoring Dataset/0/0_185.wav,background
snoring/Snoring Dataset/0/0_186.wav,background
snoring/Snoring Dataset/0/0_187.wav,background
snoring/Snoring Dataset/0/0_188.wav,background
snoring/Snoring Dataset/0/0_189.wav,background
snoring/Snoring Dataset/0/0_19.wav,background
snoring/Snoring Dataset/0/0_190.wav,background
snoring/Snoring Dataset/0/0_191.wav,background
snoring/Snoring Dataset/0/0_192.wav,background
snoring/Snoring Dataset/0/0_193.wav,background
snoring/Snoring Dataset/0/0_194.wav,background
snoring/Snoring Dataset/0/0_195.wav,background
snoring/Snoring Dataset/0/0_196.wav,background
snoring/Snoring Dataset/0/0_197.wav,background
snoring/Snoring Dataset/0/0_198.wav,background
snoring/Snoring Dataset/0/0_199.wav,background
snoring/Snoring Dataset/0/0_2.wav,background
snoring/Snoring Dataset/0/0_20.wav,background
snoring/Snoring Dataset/0/0_200.wav,background
snoring/Snoring Dataset/0/0_201.wav,background
snoring/Snoring Dataset/0/0_202.wav,background
snoring/Snoring Dataset/0/0_203.wav,background
snoring/Snoring Dataset/0/0_204.wav,background
snoring/Snoring Dataset/0/0_205.wav,background
snoring/Snoring Dataset/0/0_206.wav,background
snoring/Snoring Dataset/0/0_207.wav,background
snoring/Snoring Dataset/0/0_208.wav,background
snoring/Snoring Dataset/0/0_209.wav,background
snoring/Snoring Dataset/0/0_21.wav,background
snoring/Snoring Dataset/0/0_210.wav,background
snoring/Snoring Dataset/0/0_211.wav,background
snoring/Snoring Dataset/0/0_212.wav,background
snoring/Snoring Dataset/0/0_213.wav,background
snoring/Snoring Dataset/0/0_214.wav,background
snoring/Snoring Dataset/0/0_215.wav,background
snoring/Snoring Dataset/0/0_216.wav,background
snoring/Snoring Dataset/0/0_217.wav,background
snoring/Snoring Dataset/0/0_218.wav,background
snoring/Snoring Dataset/0/0_219.wav,background
snoring/Snoring Dataset/0/0_22.wav,background
snoring/Snoring Dataset/0/0_220.wav,background
snoring/Snoring Dataset/0/0_221.wav,background
snoring/Snoring Dataset/0/0_222.wav,background
snoring/Snoring Dataset/0/0_223.wav,background
snoring/Snoring Dataset/0/0_224.wav,background
snoring/Snoring Dataset/0/0_225.wav,background
snoring/Snoring Dataset/0/0_226.wav,background
snoring/Snoring Dataset/0/0_227.wav,background
snoring/Snoring Dataset/0/0_228.wav,background
snoring/Snoring Dataset/0/0_229.wav,background
snoring/Snoring Dataset/0/0_23.wav,background
snoring/Snoring Dataset/0/0_230.wav,background
snoring/Snoring Dataset/0/0_231.wav,background
snoring/Snoring Dataset/0/0_232.wav,background
snoring/Snoring Dataset/0/0_233.wav,background
snoring/Snoring Dataset/0/0_234.wav,background
snoring/Snoring Dataset/0/0_235.wav,background
snoring/Snoring Dataset/0/0_236.wav,background
snoring/Snoring Dataset/0/0_237.wav,background
snoring/Snoring Dataset/0/0_238.wav,background
snoring/Snoring Dataset/0/0_239.wav,background
snoring/Snoring Dataset/0/0_24.wav,background
snoring/Snoring Dataset/0/0_240.wav,background
snoring/Snoring Dataset/0/0_241.wav,background
snoring/Snoring Dataset/0/0_242.wav,background
snoring/Snoring Dataset/0/0_243.wav,background
snoring/Snoring Dataset/0/0_244.wav,background
snoring/Snoring Dataset/0/0_245.wav,background
snoring/Snoring Dataset/0/0_246.wav,background
snoring/Snoring Dataset/0/0_247.wav,background
snoring/Snoring Dataset/0/0_248.wav,background
snoring/Snoring Dataset/0/0_249.wav,background
snoring/Snoring Dataset/0/0_25.wav,background
snoring/Snoring Dataset/0/0_250.wav,background
snoring/Snoring Dataset/0/0_251.wav,background
snoring/Snoring Dataset/0/0_252.wav,background
snoring/Snoring Dataset/0/0_253.wav,background
snoring/Snoring Dataset/0/0_254.wav,background
snoring/Snoring Dataset/0/0_255.wav,background
snoring/Snoring Dataset/0/0_256.wav,background
snoring/Snoring Dataset/0/0_257.wav,background
snoring/Snoring Dataset/0/0_258.wav,background
snoring/Snoring Dataset/0/0_259.wav,background
snoring/Snoring Dataset/0/0_26.wav,background
snoring/Snoring Dataset/0/0_260.wav,background
snoring/Snoring Dataset/0/0_261.wav,background
snoring/Snoring Dataset/0/0_262.wav,background
snoring/Snoring Dataset/0/0_263.wav,background
snoring/Snoring Dataset/0/0_264.wav,background
snoring/Snoring Dataset/0/0_265.wav,background
snoring/Snoring Dataset/0/0_266.wav,background
snoring/Snoring Dataset/0/0_267.wav,background
snoring/Snoring Dataset/0/0_268.wav,background
snoring/Snoring Dataset/0/0_269.wav,background
snoring/Snoring Dataset/0/0_27.wav,background
snoring/Snoring Dataset/0/0_270.wav,background
snoring/Snoring Dataset/0/0_271.wav,background
snoring/Snoring Dataset/0/0_272.wav,background
snoring/Snoring Dataset/0/0_273.wav,background
snoring/Snoring Dataset/0/0_274.wav,background
snoring/Snoring Dataset/0/0_275.wav,background
snoring/Snoring Dataset/0/0_276.wav,background
snoring/Snoring Dataset/0/0_277.wav,background
snoring/Snoring Dataset/0/0_278.wav,background
snoring/Snoring Dataset/0/0_279.wav,background
snoring/Snoring Dataset/0/0_28.wav,background
snoring/Snoring Dataset/0/0_280.wav,background
snoring/Snoring Dataset/0/0_281.wav,background
snoring/Snoring Dataset/0/0_282.wav,background
snoring/Snoring Dataset/0/0_283.wav,background
snoring/Snoring Dataset/0/0_284.wav,background
snoring/Snoring Dataset/0/0_285.wav,background
snoring/Snoring Dataset/0/0_286.wav,background
snoring/Snoring Dataset/0/0_287.wav,background
snoring/Snoring Dataset/0/0_288.wav,background
snoring/Snoring Dataset/0/0_289.wav,background
snoring/Snoring Dataset/0/0_29.wav,background
snoring/Snoring Dataset/0/0_290.wav,background
snoring/Snoring Dataset/0/0_291.wav,background
snoring/Snoring Dataset/0/0_292.wav,background
snoring/Snoring Dataset/0/0_293.wav,background
snoring/Snoring Dataset/0/0_294.wav,background
snoring/Snoring Dataset/0/0_295.wav,background
snoring/Snoring Dataset/0/0_296.wav,background
snoring/Snoring Dataset/0/0_297.wav,background
snoring/Snoring Dataset/0/0_298.wav,background
snoring/Snoring Dataset/0/0_299.wav,background
snoring/Snoring Dataset/0/0_3.wav,background
snoring/Snoring Dataset/0/0_30.wav,background
snoring/Snoring Dataset/0/0_300.wav,background
snoring/Snoring Dataset/0/0_301.wav,background
snoring/Snoring Dataset/0/0_302.wav,background
snoring/Snoring Dataset/0/0_303.wav,background
snoring/Snoring Dataset/0/0_304.wav,background
snoring/Snoring Dataset/0/0_305.wav,background
snoring/Snoring Dataset/0/0_306.wav,background
snoring/Snoring Dataset/0/0_307.wav,background
snoring/Snoring Dataset/0/0_308.wav,background
snoring/Snoring Dataset/0/0_309.wav,background
snoring/Snoring Dataset/0/0_31.wav,background
snoring/Snoring Dataset/0/0_310.wav,background
snoring/Snoring Dataset/0/0_311.wav,background
snoring/Snoring Dataset/0/0_312.wav,background
snoring/Snoring Dataset/0/0_313.wav,background
snoring/Snoring Dataset/0/0_314.wav,background
snoring/Snoring Dataset/0/0_315.wav,background
snoring/Snoring Dataset/0/0_316.wav,background
snoring/Snoring Dataset/0/0_317.wav,background
snoring/Snoring Dataset/0/0_318.wav,background
snoring/Snoring Dataset/0/0_319.wav,background
snoring/Snoring Dataset/0/0_32.wav,background
snoring/Snoring Dataset/0/0_320.wav,background
snoring/Snoring Dataset/0/0_321.wav,background
snoring/Snoring Dataset/0/0_322.wav,background
snoring/Snoring Dataset/0/0_323.wav,background
snoring/Snoring Dataset/0/0_324.wav,background
snoring/Snoring Dataset/0/0_325.wav,background
snoring/Snoring Dataset/0/0_326.wav,background
snoring/Snoring Dataset/0/0_327.wav,background
snoring/Snoring Dataset/0/0_328.wav,background
snoring/Snoring Dataset/0/0_329.wav,background
snoring/Snoring Dataset/0/0_33.wav,background
snoring/Snoring Dataset/0/0_330.wav,background
snoring/Snoring Dataset/0/0_331.wav,background
snoring/Snoring Dataset/0/0_332.wav,background
snoring/Snoring Dataset/0/0_333.wav,background
snoring/Snoring Dataset/0/0_334.wav,background
snoring/Snoring Dataset/0/0_335.wav,background
snoring/Snoring Dataset/0/0_336.wav,background
snoring/Snoring Dataset/0/0_337.wav,background
snoring/Snoring Dataset/0/0_338.wav,background
snoring/Snoring Dataset/0/0_339.wav,background
snoring/Snoring Dataset/0/0_34.wav,background
snoring/Snoring Dataset/0/0_340.wav,background
snoring/Snoring Dataset/0/0_341.wav,background
snoring/Snoring Dataset/0/0_342.wav,background
snoring/Snoring Dataset/0/0_343.wav,background
snoring/Snoring Dataset/0/0_344.wav,background
snoring/Snoring Dataset/0/0_345.wav,background
snoring/Snoring Dataset/0/0_346.wav,background
snoring/Snoring Dataset/0/0_347.wav,background
snoring/Snoring Dataset/0/0_348.wav,background
snoring/Snoring Dataset/0/0_349.wav,background
snoring/Snoring Dataset/0/0_35.wav,background
snoring/Snoring Dataset/0/0_350.wav,background
snoring/Snoring Dataset/0/0_351.wav,background
snoring/Snoring Dataset/0/0_352.wav,background
snoring/Snoring Dataset/0/0_353.wav,background
snoring/Snoring Dataset/0/0_354.wav,background
snoring/Snoring Dataset/0/0_355.wav,background
snoring/Snoring Dataset/0/0_356.wav,background
snoring/Snoring Dataset/0/0_357.wav,background
snoring/Snoring Dataset/0/0_358.wav,background
snoring/Snoring Dataset/0/0_359.wav,background
snoring/Snoring Dataset/0/0_36.wav,background
snoring/Snoring Dataset/0/0_360.wav,background
snoring/Snoring Dataset/0/0_361.wav,background
snoring/Snoring Dataset/0/0_362.wav,background
snoring/Snoring Dataset/0/0_363.wav,background
snoring/Snoring Dataset/0/0_364.wav,background
snoring/Snoring Dataset/0/0_365.wav,background
snoring/Snoring Dataset/0/0_366.wav,background
snoring/Snoring Dataset/0/0_367.wav,background
snoring/Snoring Dataset/0/0_368.wav,background
snoring/Snoring Dataset/0/0_369.wav,background
snoring/Snoring Dataset/0/0_37.wav,background
snoring/Snoring Dataset/0/0_370.wav,background
snoring/Snoring Dataset/0/0_371.wav,background
snoring/Snoring Dataset/0/0_372.wav,background
snoring/Snoring Dataset/0/0_373.wav,background
snoring/Snoring Dataset/0/0_374.wav,background
snoring/Snoring Dataset/0/0_375.wav,background
snoring/Snoring Dataset/0/0_376.wav,background
snoring/Snoring Dataset/0/0_377.wav,background
snoring/Snoring Dataset/0/0_378.wav,background
snoring/Snoring Dataset/0/0_379.wav,background
snoring/Snoring Dataset/0/0_38.wav,background
snoring/Snoring Dataset/0/0_380.wav,background
snoring/Snoring Dataset/0/0_381.wav,background
snoring/Snoring Dataset/0/0_382.wav,background
snoring/Snoring Dataset/0/0_383.wav,background
snoring/Snoring Dataset/0/0_384.wav,background
snoring/Snoring Dataset/0/0_385.wav,background
snoring/Snoring Dataset/0/0_386.wav,background
snoring/Snoring Dataset/0/0_387.wav,background
snoring/Snoring Dataset/0/0_388.wav,background
snoring/Snoring Dataset/0/0_389.wav,background
snoring/Snoring Dataset/0/0_39.wav,background
snoring/Snoring Dataset/0/0_390.wav,background
snoring/Snoring Dataset/0/0_391.wav,background
snoring/Snoring Dataset/0/0_392.wav,background
snoring/Snoring Dataset/0/0_393.wav,background
snoring/Snoring Dataset/0/0_394.wav,background
snoring/Snoring Dataset/0/0_395.wav,background
snoring/Snoring Dataset/0/0_396.wav,background
snoring/Snoring Dataset/0/0_397.wav,background
snoring/Snoring Dataset/0/0_398.wav,background
snoring/Snoring Dataset/0/0_399.wav,background
snoring/Snoring Dataset/0/0_4.wav,background
snoring/Snoring Dataset/0/0_40.wav,background
snoring/Snoring Dataset/0/0_400.wav,background
snoring/Snoring Dataset/0/0_401.wav,background
snoring/Snoring Dataset/0/0_402.wav,background
snoring/Snoring Dataset/0/0_403.wav,background
snoring/Snoring Dataset/0/0_404.wav,background
snoring/Snoring Dataset/0/0_405.wav,background
snoring/Snoring Dataset/0/0_406.wav,background
snoring/Snoring Dataset/0/0_407.wav,background
snoring/Snoring Dataset/0/0_408.wav,background
snoring/Snoring Dataset/0/0_409.wav,background
snoring/Snoring Dataset/0/0_41.wav,background
snoring/Snoring Dataset/0/0_410.wav,background
snoring/Snoring Dataset/0/0_411.wav,background
snoring/Snoring Dataset/0/0_412.wav,background
snoring/Snoring Dataset/0/0_413.wav,background
snoring/Snoring Dataset/0/0_414.wav,background
snoring/Snoring Dataset/0/0_415.wav,background
snoring/Snoring Dataset/0/0_416.wav,background
snoring/Snoring Dataset/0/0_417.wav,background
snoring/Snoring Dataset/0/0_418.wav,background
snoring/Snoring Dataset/0/0_419.wav,background
snoring/Snoring Dataset/0/0_42.wav,background
snoring/Snoring Dataset/0/0_420.wav,background
snoring/Snoring Dataset/0/0_421.wav,background
snoring/Snoring Dataset/0/0_422.wav,background
snoring/Snoring Dataset/0/0_423.wav,background
snoring/Snoring Dataset/0/0_424.wav,background
snoring/Snoring Dataset/0/0_425.wav,background
snoring/Snoring Dataset/0/0_426.wav,background
snoring/Snoring Dataset/0/0_427.wav,background
snoring/Snoring Dataset/0/0_428.wav,background
snoring/Snoring Dataset/0/0_429.wav,background
snoring/Snoring Dataset/0/0_43.wav,background
snoring/Snoring Dataset/0/0_430.wav,background
snoring/Snoring Dataset/0/0_431.wav,background
snoring/Snoring Dataset/0/0_432.wav,background
snoring/Snoring Dataset/0/0_433.wav,background
snoring/Snoring Dataset/0/0_434.wav,background
snoring/Snoring Dataset/0/0_435.wav,background
snoring/Snoring Dataset/0/0_436.wav,background
snoring/Snoring Dataset/0/0_437.wav,background
snoring/Snoring Dataset/0/0_438.wav,background
snoring/Snoring Dataset/0/0_439.wav,background
snoring/Snoring Dataset/0/0_44.wav,background
snoring/Snoring Dataset/0/0_440.wav,background
snoring/Snoring Dataset/0/0_441.wav,background
snoring/Snoring Dataset/0/0_442.wav,background
snoring/Snoring Dataset/0/0_443.wav,background
snoring/Snoring Dataset/0/0_444.wav,background
snoring/Snoring Dataset/0/0_445.wav,background
snoring/Snoring Dataset/0/0_446.wav,background
snoring/Snoring Dataset/0/0_447.wav,background
snoring/Snoring Dataset/0/0_448.wav,background
snoring/Snoring Dataset/0/0_449.wav,background
snoring/Snoring Dataset/0/0_45.wav,background
snoring/Snoring Dataset/0/0_450.wav,background
snoring/Snoring Dataset/0/0_451.wav,background
snoring/Snoring Dataset/0/0_452.wav,background
snoring/Snoring Dataset/0/0_453.wav,background
snoring/Snoring Dataset/0/0_454.wav,background
snoring/Snoring Dataset/0/0_455.wav,background
snoring/Snoring Dataset/0/0_456.wav,background
snoring/Snoring Dataset/0/0_457.wav,background
snoring/Snoring Dataset/0/0_458.wav,background
snoring/Snoring Dataset/0/0_459.wav,background
snoring/Snoring Dataset/0/0_46.wav,background
snoring/Snoring Dataset/0/0_460.wav,background
snoring/Snoring Dataset/0/0_461.wav,background
snoring/Snoring Dataset/0/0_462.wav,background
snoring/Snoring Dataset/0/0_463.wav,background
snoring/Snoring Dataset/0/0_464.wav,background
snoring/Snoring Dataset/0/0_465.wav,background
snoring/Snoring Dataset/0/0_466.wav,background
snoring/Snoring Dataset/0/0_467.wav,background
snoring/Snoring Dataset/0/0_468.wav,background
snoring/Snoring Dataset/0/0_469.wav,background
snoring/Snoring Dataset/0/0_47.wav,background
snoring/Snoring Dataset/0/0_470.wav,background
snoring/Snoring Dataset/0/0_471.wav,background
snoring/Snoring Dataset/0/0_472.wav,background
snoring/Snoring Dataset/0/0_473.wav,background
snoring/Snoring Dataset/0/0_474.wav,background
snoring/Snoring Dataset/0/0_475.wav,background
snoring/Snoring Dataset/0/0_476.wav,background
snoring/Snoring Dataset/0/0_477.wav,background
snoring/Snoring Dataset/0/0_478.wav,background
snoring/Snoring Dataset/0/0_479.wav,background
snoring/Snoring Dataset/0/0_48.wav,background
snoring/Snoring Dataset/0/0_480.wav,background
snoring/Snoring Dataset/0/0_481.wav,background
snoring/Snoring Dataset/0/0_482.wav,background
snoring/Snoring Dataset/0/0_483.wav,background
snoring/Snoring Dataset/0/0_484.wav,background
snoring/Snoring Dataset/0/0_485.wav,background
snoring/Snoring Dataset/0/0_486.wav,background
snoring/Snoring Dataset/0/0_487.wav,background
snoring/Snoring Dataset/0/0_488.wav,background
snoring/Snoring Dataset/0/0_489.wav,background
snoring/Snoring Dataset/0/0_49.wav,background
snoring/Snoring Dataset/0/0_490.wav,background
snoring/Snoring Dataset/0/0_491.wav,background
snoring/Snoring Dataset/0/0_492.wav,background
snoring/Snoring Dataset/0/0_493.wav,background
snoring/Snoring Dataset/0/0_494.wav,background
snoring/Snoring Dataset/0/0_495.wav,background
snoring/Snoring Dataset/0/0_496.wav,background
snoring/Snoring Dataset/0/0_497.wav,background
snoring/Snoring Dataset/0/0_498.wav,background
snoring/Snoring Dataset/0/0_499.wav,background
snoring/Snoring Dataset/0/0_5.wav,background
snoring/Snoring Dataset/0/0_50.wav,background
snoring/Snoring Dataset/0/0_51.wav,background
snoring/Snoring Dataset/0/0_52.wav,background
snoring/Snoring Dataset/0/0_53.wav,background
snoring/Snoring Dataset/0/0_54.wav,background
snoring/Snoring Dataset/0/0_55.wav,background
snoring/Snoring Dataset/0/0_56.wav,background
snoring/Snoring Dataset/0/0_57.wav,background
snoring/Snoring Dataset/0/0_58.wav,background
snoring/Snoring Dataset/0/0_59.wav,background
snoring/Snoring Dataset/0/0_6.wav,background
snoring/Snoring Dataset/0/0_60.wav,background
snoring/Snoring Dataset/0/0_61.wav,background
snoring/Snoring Dataset/0/0_62.wav,background
snoring/Snoring Dataset/0/0_63.wav,background
snoring/Snoring Dataset/0/0_64.wav,background
snoring/Snoring Dataset/0/0_65.wav,background
snoring/Snoring Dataset/0/0_66.wav,background
snoring/Snoring Dataset/0/0_67.wav,background
snoring/Snoring Dataset/0/0_68.wav,background
snoring/Snoring Dataset/0/0_69.wav,background
snoring/Snoring Dataset/0/0_7.wav,background
snoring/Snoring Dataset/0/0_70.wav,background
snoring/Snoring Dataset/0/0_71.wav,background
snoring/Snoring Dataset/0/0_72.wav,background
snoring/Snoring Dataset/0/0_73.wav,background
snoring/Snoring Dataset/0/0_74.wav,background
snoring/Snoring Dataset/0/0_75.wav,background
snoring/Snoring Dataset/0/0_76.wav,background
snoring/Snoring Dataset/0/0_77.wav,background
snoring/Snoring Dataset/0/0_78.wav,background
snoring/Snoring Dataset/0/0_79.wav,background
snoring/Snoring Dataset/0/0_8.wav,background
snoring/Snoring Dataset/0/0_80.wav,background
snoring/Snoring Dataset/0/0_81.wav,background
snoring/Snoring Dataset/0/0_82.wav,background
snoring/Snoring Dataset/0/0_83.wav,background
snoring/Snoring Dataset/0/0_84.wav,background
snoring/Snoring Dataset/0/0_85.wav,background
snoring/Snoring Dataset/0/0_86.wav,background
snoring/Snoring Dataset/0/0_87.wav,background
snoring/Snoring Dataset/0/0_88.wav,background
snoring/Snoring Dataset/0/0_89.wav,background
snoring/Snoring Dataset/0/0_9.wav,background
snoring/Snoring Dataset/0/0_90.wav,background
snoring/Snoring Dataset/0/0_91.wav,background
snoring/Snoring Dataset/0/0_92.wav,background
snoring/Snoring Dataset/0/0_93.wav,background
snoring/Snoring Dataset/0/0_94.wav,background
snoring/Snoring Dataset/0/0_95.wav,background
snoring/Snoring Dataset/0/0_96.wav,background
snoring/Snoring Dataset/0/0_97.wav,background
snoring/Snoring Dataset/0/0_98.wav,background
snoring/Snoring Dataset/0/0_99.wav,background
vocalsound/audio_16k/m1838_0_cough.wav,cough
vocalsound/audio_16k/f0908_0_cough.wav,cough
vocalsound/audio_16k/f0177_0_cough.wav,cough
vocalsound/audio_16k/m2528_0_cough.wav,cough
vocalsound/audio_16k/f2265_0_cough.wav,cough
vocalsound/audio_16k/f1964_2_cough.wav,cough
vocalsound/audio_16k/f1807_0_cough.wav,cough
vocalsound/audio_16k/f1141_0_cough.wav,cough
vocalsound/audio_16k/m2499_0_cough.wav,cough
vocalsound/audio_16k/f0815_0_cough.wav,cough
vocalsound/audio_16k/m2091_0_cough.wav,cough
vocalsound/audio_16k/m2521_0_cough.wav,cough
vocalsound/audio_16k/m1084_0_cough.wav,cough
vocalsound/audio_16k/f0701_0_cough.wav,cough
vocalsound/audio_16k/m1474_0_cough.wav,cough
vocalsound/audio_16k/m0195_0_cough.wav,cough
vocalsound/audio_16k/f0238_0_cough.wav,cough
vocalsound/audio_16k/f0226_0_cough.wav,cough
vocalsound/audio_16k/f0749_0_cough.wav,cough
vocalsound/audio_16k/f1767_0_cough.wav,cough
vocalsound/audio_16k/f1884_0_cough.wav,cough
vocalsound/audio_16k/m0786_0_cough.wav,cough
vocalsound/audio_16k/m1553_0_cough.wav,cough
vocalsound/audio_16k/f0194_0_cough.wav,cough
vocalsound/audio_16k/m1208_0_cough.wav,cough
vocalsound/audio_16k/f1614_0_cough.wav,cough
vocalsound/audio_16k/m2362_0_cough.wav,cough
vocalsound/audio_16k/m1923_0_cough.wav,cough
vocalsound/audio_16k/m2262_0_cough.wav,cough
vocalsound/audio_16k/m1080_0_cough.wav,cough
vocalsound/audio_16k/m0183_0_cough.wav,cough
vocalsound/audio_16k/f1779_0_cough.wav,cough
vocalsound/audio_16k/m0403_0_cough.wav,cough
vocalsound/audio_16k/m1462_0_cough.wav,cough
vocalsound/audio_16k/f2293_0_cough.wav,cough
vocalsound/audio_16k/m2979_0_cough.wav,cough
ESC-50/audio/4-155650-A-24.wav,cough
vocalsound/audio_16k/m2639_0_cough.wav,cough
vocalsound/audio_16k/m2954_0_cough.wav,cough
vocalsound/audio_16k/f1290_0_cough.wav,cough
vocalsound/audio_16k/m2238_0_cough.wav,cough
vocalsound/audio_16k/m0202_0_cough.wav,cough
vocalsound/audio_16k/f2902_0_cough.wav,cough
vocalsound/audio_16k/f2292_0_cough.wav,cough
vocalsound/audio_16k/f1265_0_cough.wav,cough
vocalsound/audio_16k/f1738_0_cough.wav,cough
vocalsound/audio_16k/m2677_0_cough.wav,cough
vocalsound/audio_16k/f2861_0_cough.wav,cough
vocalsound/audio_16k/f0814_0_cough.wav,cough
vocalsound/audio_16k/f0743_0_cough.wav,cough
vocalsound/audio_16k/f3261_0_cough.wav,cough
vocalsound/audio_16k/f0776_0_cough.wav,cough
vocalsound/audio_16k/f3077_0_cough.wav,cough
vocalsound/audio_16k/m3258_0_cough.wav,cough
vocalsound/audio_16k/f2937_0_cough.wav,cough
vocalsound/audio_16k/m1564_0_cough.wav,cough
vocalsound/audio_16k/f2168_0_cough.wav,cough
vocalsound/audio_16k/m2968_0_cough.wav,cough
vocalsound/audio_16k/f0340_0_cough.wav,cough
vocalsound/audio_16k/m2458_0_cough.wav,cough
vocalsound/audio_16k/m0486_0_cough.wav,cough
vocalsound/audio_16k/m1018_0_cough.wav,cough
vocalsound/audio_16k/f1014_0_cough.wav,cough
vocalsound/audio_16k/f3247_0_cough.wav,cough
vocalsound/audio_16k/f0631_0_cough.wav,cough
vocalsound/audio_16k/m1139_0_cough.wav,cough
vocalsound/audio_16k/f2436_0_cough.wav,cough
vocalsound/audio_16k/m3124_0_cough.wav,cough
vocalsound/audio_16k/m1761_0_cough.wav,cough
vocalsound/audio_16k/m1681_0_cough.wav,cough
vocalsound/audio_16k/f3097_0_cough.wav,cough
vocalsound/audio_16k/m1364_0_cough.wav,cough
vocalsound/audio_16k/f1545_0_cough.wav,cough
vocalsound/audio_16k/m2281_0_cough.wav,cough
vocalsound/audio_16k/f0583_0_cough.wav,cough
vocalsound/audio_16k/f0373_0_cough.wav,cough
vocalsound/audio_16k/m1993_0_cough.wav,cough
vocalsound/audio_16k/f1851_0_cough.wav,cough
vocalsound/audio_16k/m2735_0_cough.wav,cough
vocalsound/audio_16k/f2386_0_cough.wav,cough
vocalsound/audio_16k/f0638_0_cough.wav,cough
vocalsound/audio_16k/f1885_0_cough.wav,cough
vocalsound/audio_16k/f0807_0_cough.wav,cough
vocalsound/audio_16k/m3293_0_cough.wav,cough
vocalsound/audio_16k/m3304_0_cough.wav,cough
vocalsound/audio_16k/m0439_0_cough.wav,cough
vocalsound/audio_16k/m1817_0_cough.wav,cough
vocalsound/audio_16k/m3160_0_cough.wav,cough
vocalsound/audio_16k/f3118_0_cough.wav,cough
vocalsound/audio_16k/f1308_0_cough.wav,cough
vocalsound/audio_16k/f3178_0_cough.wav,cough
vocalsound/audio_16k/f3048_0_cough.wav,cough
vocalsound/audio_16k/f1690_0_cough.wav,cough
vocalsound/audio_16k/m2053_0_cough.wav,cough
vocalsound/audio_16k/f2183_0_cough.wav,cough
vocalsound/audio_16k/m2266_0_cough.wav,cough
vocalsound/audio_16k/m2140_0_cough.wav,cough
vocalsound/audio_16k/m1912_0_cough.wav,cough
vocalsound/audio_16k/f0592_2_cough.wav,cough
vocalsound/audio_16k/m1597_0_cough.wav,cough
vocalsound/audio_16k/m1810_0_cough.wav,cough
vocalsound/audio_16k/f1366_0_cough.wav,cough
vocalsound/audio_16k/m1002_0_cough.wav,cough
vocalsound/audio_16k/m2453_0_cough.wav,cough
vocalsound/audio_16k/f1964_1_cough.wav,cough
vocalsound/audio_16k/f1311_0_cough.wav,cough
vocalsound/audio_16k/m0503_0_cough.wav,cough
vocalsound/audio_16k/f3257_0_cough.wav,cough
vocalsound/audio_16k/f2211_0_cough.wav,cough
vocalsound/audio_16k/m1843_0_cough.wav,cough
vocalsound/audio_16k/m2166_0_cough.wav,cough
vocalsound/audio_16k/m1180_0_cough.wav,cough
vocalsound/audio_16k/f1775_0_cough.wav,cough
vocalsound/audio_16k/m2147_0_cough.wav,cough
vocalsound/audio_16k/f2738_0_cough.wav,cough
vocalsound/audio_16k/m2709_0_cough.wav,cough
vocalsound/audio_16k/m2756_0_cough.wav,cough
vocalsound/audio_16k/f0457_0_cough.wav,cough
vocalsound/audio_16k/f1859_0_cough.wav,cough
vocalsound/audio_16k/m3072_0_cough.wav,cough
vocalsound/audio_16k/f0241_0_cough.wav,cough
vocalsound/audio_16k/m2950_0_cough.wav,cough
vocalsound/audio_16k/f2649_0_cough.wav,cough
vocalsound/audio_16k/m0059_0_cough.wav,cough
vocalsound/audio_16k/f2187_0_cough.wav,cough
vocalsound/audio_16k/f0569_1_cough.wav,cough
vocalsound/audio_16k/f1701_0_cough.wav,cough
vocalsound/audio_16k/m1263_0_cough.wav,cough
vocalsound/audio_16k/m2372_0_cough.wav,cough
vocalsound/audio_16k/f2641_0_cough.wav,cough
vocalsound/audio_16k/f1714_0_cough.wav,cough
vocalsound/audio_16k/m1951_3_cough.wav,cough
vocalsound/audio_16k/m0725_0_cough.wav,cough
vocalsound/audio_16k/m0030_0_cough.wav,cough
vocalsound/audio_16k/m1873_0_cough.wav,cough
vocalsound/audio_16k/m0483_0_cough.wav,cough
vocalsound/audio_16k/f1160_0_cough.wav,cough
vocalsound/audio_16k/f2169_0_cough.wav,cough
vocalsound/audio_16k/o1357_0_cough.wav,cough
vocalsound/audio_16k/f1982_0_cough.wav,cough
vocalsound/audio_16k/m2545_0_cough.wav,cough
vocalsound/audio_16k/m1210_0_cough.wav,cough
vocalsound/audio_16k/m1037_0_cough.wav,cough
vocalsound/audio_16k/f2143_0_cough.wav,cough
vocalsound/audio_16k/m2555_1_cough.wav,cough
vocalsound/audio_16k/m1424_0_cough.wav,cough
vocalsound/audio_16k/m0246_0_cough.wav,cough
vocalsound/audio_16k/m1418_0_cough.wav,cough
vocalsound/audio_16k/m0048_0_cough.wav,cough
vocalsound/audio_16k/f3097_1_cough.wav,cough
vocalsound/audio_16k/f1774_0_cough.wav,cough
vocalsound/audio_16k/f1128_0_cough.wav,cough
vocalsound/audio_16k/m0824_0_cough.wav,cough
vocalsound/audio_16k/m0688_0_cough.wav,cough
vocalsound/audio_16k/f0736_0_cough.wav,cough
vocalsound/audio_16k/m2607_0_cough.wav,cough
vocalsound/audio_16k/f0382_0_cough.wav,cough
vocalsound/audio_16k/f0890_0_cough.wav,cough
vocalsound/audio_16k/f1248_0_cough.wav,cough
vocalsound/audio_16k/m1756_1_cough.wav,cough
vocalsound/audio_16k/f1292_0_cough.wav,cough
vocalsound/audio_16k/m2860_0_cough.wav,cough
vocalsound/audio_16k/m2124_0_cough.wav,cough
vocalsound/audio_16k/m0196_0_cough.wav,cough
vocalsound/audio_16k/m1521_1_cough.wav,cough
vocalsound/audio_16k/f0529_0_cough.wav,cough
vocalsound/audio_16k/f3319_0_cough.wav,cough
vocalsound/audio_16k/f3282_0_cough.wav,cough
vocalsound/audio_16k/m1520_0_cough.wav,cough
vocalsound/audio_16k/m0541_0_cough.wav,cough
vocalsound/audio_16k/m0959_0_cough.wav,cough
vocalsound/audio_16k/f2028_0_cough.wav,cough
vocalsound/audio_16k/m1157_0_cough.wav,cough
vocalsound/audio_16k/f0027_0_cough.wav,cough
vocalsound/audio_16k/m2123_0_cough.wav,cough
vocalsound/audio_16k/m2395_0_cough.wav,cough
vocalsound/audio_16k/f0926_0_cough.wav,cough
vocalsound/audio_16k/m2130_0_cough.wav,cough
vocalsound/audio_16k/m1022_0_cough.wav,cough
vocalsound/audio_16k/m2577_0_cough.wav,cough
vocalsound/audio_16k/f2182_0_cough.wav,cough
vocalsound/audio_16k/m2710_0_cough.wav,cough
vocalsound/audio_16k/m1855_0_cough.wav,cough
vocalsound/audio_16k/m3305_0_cough.wav,cough
vocalsound/audio_16k/o2394_0_cough.wav,cough
vocalsound/audio_16k/f2439_0_cough.wav,cough
vocalsound/audio_16k/m0297_0_cough.wav,cough
vocalsound/audio_16k/f1282_0_cough.wav,cough
vocalsound/audio_16k/m0440_0_cough.wav,cough
ESC-50/audio/2-87795-A-24.wav,cough
vocalsound/audio_16k/m2403_0_cough.wav,cough
vocalsound/audio_16k/m2389_0_cough.wav,cough
vocalsound/audio_16k/f2148_0_cough.wav,cough
vocalsound/audio_16k/m0744_0_cough.wav,cough
vocalsound/audio_16k/m2657_0_cough.wav,cough
vocalsound/audio_16k/f1423_0_cough.wav,cough
vocalsound/audio_16k/m0803_0_cough.wav,cough
vocalsound/audio_16k/f0852_0_cough.wav,cough
vocalsound/audio_16k/m1737_0_cough.wav,cough
vocalsound/audio_16k/f2480_0_cough.wav,cough
vocalsound/audio_16k/m1836_0_cough.wav,cough
vocalsound/audio_16k/m3030_0_cough.wav,cough
vocalsound/audio_16k/m1596_0_cough.wav,cough
vocalsound/audio_16k/m3337_0_cough.wav,cough
vocalsound/audio_16k/m3103_1_cough.wav,cough
vocalsound/audio_16k/f3208_0_cough.wav,cough
vocalsound/audio_16k/m2667_0_cough.wav,cough
vocalsound/audio_16k/f1301_0_cough.wav,cough
vocalsound/audio_16k/m1039_0_cough.wav,cough
vocalsound/audio_16k/m2773_0_cough.wav,cough
vocalsound/audio_16k/m0967_0_cough.wav,cough
ESC-50/audio/1-30830-A-24.wav,cough
vocalsound/audio_16k/m1533_0_cough.wav,cough
vocalsound/audio_16k/f2730_0_cough.wav,cough
vocalsound/audio_16k/m0645_0_cough.wav,cough
vocalsound/audio_16k/f0116_0_cough.wav,cough
vocalsound/audio_16k/f0910_0_cough.wav,cough
vocalsound/audio_16k/f3106_0_cough.wav,cough
vocalsound/audio_16k/m2967_0_cough.wav,cough
vocalsound/audio_16k/f2585_0_cough.wav,cough
vocalsound/audio_16k/f1945_1_cough.wav,cough
vocalsound/audio_16k/f0471_0_cough.wav,cough
vocalsound/audio_16k/f1949_2_cough.wav,cough
vocalsound/audio_16k/m3227_0_cough.wav,cough
vocalsound/audio_16k/m3271_0_cough.wav,cough
vocalsound/audio_16k/f0687_0_cough.wav,cough
vocalsound/audio_16k/m2474_0_cough.wav,cough
vocalsound/audio_16k/m0625_0_cough.wav,cough
vocalsound/audio_16k/f0581_3_cough.wav,cough
vocalsound/audio_16k/m2652_0_cough.wav,cough
vocalsound/audio_16k/m0987_0_cough.wav,cough
vocalsound/audio_16k/m2690_0_cough.wav,cough
vocalsound/audio_16k/f1026_0_cough.wav,cough
vocalsound/audio_16k/f1050_0_cough.wav,cough
vocalsound/audio_16k/m1983_0_cough.wav,cough
vocalsound/audio_16k/m0573_0_cough.wav,cough
vocalsound/audio_16k/m1125_0_cough.wav,cough
vocalsound/audio_16k/f1320_0_cough.wav,cough
vocalsound/audio_16k/f2170_0_cough.wav,cough
vocalsound/audio_16k/m0952_0_cough.wav,cough
vocalsound/audio_16k/m1579_0_cough.wav,cough
vocalsound/audio_16k/m0207_0_cough.wav,cough
vocalsound/audio_16k/f1706_0_cough.wav,cough
vocalsound/audio_16k/m1038_0_cough.wav,cough
vocalsound/audio_16k/m2605_0_cough.wav,cough
vocalsound/audio_16k/m2460_0_cough.wav,cough
vocalsound/audio_16k/m2184_0_cough.wav,cough
vocalsound/audio_16k/f1630_0_cough.wav,cough
vocalsound/audio_16k/m2339_0_cough.wav,cough
vocalsound/audio_16k/f2620_0_cough.wav,cough
vocalsound/audio_16k/m0047_0_cough.wav,cough
vocalsound/audio_16k/m2065_0_cough.wav,cough
vocalsound/audio_16k/m3333_0_cough.wav,cough
vocalsound/audio_16k/f3202_0_cough.wav,cough
vocalsound/audio_16k/m0321_0_cough.wav,cough
vocalsound/audio_16k/m0874_0_cough.wav,cough
vocalsound/audio_16k/m0427_0_cough.wav,cough
vocalsound/audio_16k/f0984_0_cough.wav,cough
vocalsound/audio_16k/f1994_0_cough.wav,cough
vocalsound/audio_16k/f1822_0_cough.wav,cough
vocalsound/audio_16k/f0543_0_cough.wav,cough
vocalsound/audio_16k/f2885_0_cough.wav,cough
vocalsound/audio_16k/f0128_0_cough.wav,cough
vocalsound/audio_16k/m1457_0_cough.wav,cough
vocalsound/audio_16k/m1164_0_cough.wav,cough
vocalsound/audio_16k/f1867_0_cough.wav,cough
vocalsound/audio_16k/m1458_0_cough.wav,cough
vocalsound/audio_16k/m3322_0_cough.wav,cough
ESC-50/audio/4-169726-A-24.wav,cough
vocalsound/audio_16k/f0592_0_cough.wav,cough
vocalsound/audio_16k/m2301_1_cough.wav,cough
vocalsound/audio_16k/m1781_0_cough.wav,cough
vocalsound/audio_16k/f0480_0_cough.wav,cough
vocalsound/audio_16k/f1857_0_cough.wav,cough
vocalsound/audio_16k/f0571_0_cough.wav,cough
vocalsound/audio_16k/f0236_0_cough.wav,cough
vocalsound/audio_16k/f2794_0_cough.wav,cough
vocalsound/audio_16k/m2909_0_cough.wav,cough
vocalsound/audio_16k/m0853_0_cough.wav,cough
vocalsound/audio_16k/f1941_0_cough.wav,cough
vocalsound/audio_16k/f2293_1_cough.wav,cough
vocalsound/audio_16k/m2047_0_cough.wav,cough
vocalsound/audio_16k/m0620_0_cough.wav,cough
vocalsound/audio_16k/f1724_0_cough.wav,cough
vocalsound/audio_16k/m3313_0_cough.wav,cough
vocalsound/audio_16k/f1082_0_cough.wav,cough
vocalsound/audio_16k/m2410_0_cough.wav,cough
vocalsound/audio_16k/m1316_0_cough.wav,cough
vocalsound/audio_16k/m1358_0_cough.wav,cough
vocalsound/audio_16k/m0562_1_cough.wav,cough
vocalsound/audio_16k/f1957_1_cough.wav,cough
vocalsound/audio_16k/m2812_0_cough.wav,cough
vocalsound/audio_16k/m0563_0_cough.wav,cough
vocalsound/audio_16k/m0095_0_cough.wav,cough
vocalsound/audio_16k/f1517_0_cough.wav,cough
vocalsound/audio_16k/f0753_0_cough.wav,cough
vocalsound/audio_16k/f0777_0_cough.wav,cough
vocalsound/audio_16k/m1978_0_cough.wav,cough
vocalsound/audio_16k/m0262_0_cough.wav,cough
vocalsound/audio_16k/f3038_0_cough.wav,cough
vocalsound/audio_16k/m0209_0_cough.wav,cough
vocalsound/audio_16k/m0127_0_cough.wav,cough
vocalsound/audio_16k/m0536_0_cough.wav,cough
vocalsound/audio_16k/m3201_0_cough.wav,cough
vocalsound/audio_16k/f0443_0_cough.wav,cough
vocalsound/audio_16k/m2072_1_cough.wav,cough
vocalsound/audio_16k/m1948_2_cough.wav,cough
vocalsound/audio_16k/m1896_0_cough.wav,cough
vocalsound/audio_16k/f0788_0_cough.wav,cough
vocalsound/audio_16k/f0504_0_cough.wav,cough
vocalsound/audio_16k/m0069_0_cough.wav,cough
vocalsound/audio_16k/m2442_0_cough.wav,cough
vocalsound/audio_16k/f2897_0_cough.wav,cough
vocalsound/audio_16k/f0888_0_cough.wav,cough
vocalsound/audio_16k/f1998_0_cough.wav,cough
vocalsound/audio_16k/f1539_0_cough.wav,cough
vocalsound/audio_16k/m2869_0_cough.wav,cough
vocalsound/audio_16k/m3274_0_cough.wav,cough
vocalsound/audio_16k/m0400_0_cough.wav,cough
vocalsound/audio_16k/f1145_0_cough.wav,cough
vocalsound/audio_16k/m3363_0_cough.wav,cough
vocalsound/audio_16k/f1463_0_cough.wav,cough
vocalsound/audio_16k/m2887_0_cough.wav,cough
vocalsound/audio_16k/m0505_0_cough.wav,cough
vocalsound/audio_16k/f2014_0_cough.wav,cough
vocalsound/audio_16k/f0607_3_cough.wav,cough
vocalsound/audio_16k/m0359_0_cough.wav,cough
vocalsound/audio_16k/m1129_0_cough.wav,cough
vocalsound/audio_16k/f0784_0_cough.wav,cough
vocalsound/audio_16k/f0414_0_cough.wav,cough
vocalsound/audio_16k/m1940_0_cough.wav,cough
vocalsound/audio_16k/m1046_0_cough.wav,cough
vocalsound/audio_16k/f0073_0_cough.wav,cough
vocalsound/audio_16k/f0748_0_cough.wav,cough
vocalsound/audio_16k/m2593_0_cough.wav,cough
vocalsound/audio_16k/f1931_0_cough.wav,cough
vocalsound/audio_16k/f1328_0_cough.wav,cough
vocalsound/audio_16k/m0092_0_cough.wav,cough
vocalsound/audio_16k/m0621_0_cough.wav,cough
vocalsound/audio_16k/m0594_1_cough.wav,cough
vocalsound/audio_16k/f1720_0_cough.wav,cough
vocalsound/audio_16k/m0058_0_cough.wav,cough
vocalsound/audio_16k/f0477_0_cough.wav,cough
vocalsound/audio_16k/f1317_0_cough.wav,cough
vocalsound/audio_16k/f3249_0_cough.wav,cough
ESC-50/audio/2-108017-A-24.wav,cough
vocalsound/audio_16k/f3356_0_cough.wav,cough
vocalsound/audio_16k/f2171_0_cough.wav,cough
vocalsound/audio_16k/m0454_0_cough.wav,cough
vocalsound/audio_16k/f2350_0_cough.wav,cough
vocalsound/audio_16k/m0203_0_cough.wav,cough
vocalsound/audio_16k/m2229_0_cough.wav,cough
vocalsound/audio_16k/m2467_0_cough.wav,cough
vocalsound/audio_16k/m1172_0_cough.wav,cough
vocalsound/audio_16k/m2000_0_cough.wav,cough
vocalsound/audio_16k/m2379_0_cough.wav,cough
vocalsound/audio_16k/m0633_0_cough.wav,cough
vocalsound/audio_16k/f1261_0_cough.wav,cough
vocalsound/audio_16k/f1515_0_cough.wav,cough
vocalsound/audio_16k/f2462_0_cough.wav,cough
vocalsound/audio_16k/f1755_0_cough.wav,cough
vocalsound/audio_16k/f0475_0_cough.wav,cough
vocalsound/audio_16k/m1382_0_cough.wav,cough
vocalsound/audio_16k/m2495_0_cough.wav,cough
vocalsound/audio_16k/m1059_0_cough.wav,cough
vocalsound/audio_16k/f0509_0_cough.wav,cough
vocalsound/audio_16k/m2562_0_cough.wav,cough
vocalsound/audio_16k/f2632_0_cough.wav,cough
vocalsound/audio_16k/f0464_0_cough.wav,cough
vocalsound/audio_16k/f0410_0_cough.wav,cough
vocalsound/audio_16k/m1421_0_cough.wav,cough
vocalsound/audio_16k/m0577_0_cough.wav,cough
vocalsound/audio_16k/m0764_0_cough.wav,cough
vocalsound/audio_16k/m0973_0_cough.wav,cough
vocalsound/audio_16k/f1278_0_cough.wav,cough
vocalsound/audio_16k/f0461_0_cough.wav,cough
vocalsound/audio_16k/m0805_0_cough.wav,cough
vocalsound/audio_16k/f0646_0_cough.wav,cough
vocalsound/audio_16k/f1488_0_cough.wav,cough
vocalsound/audio_16k/f0581_0_cough.wav,cough
vocalsound/audio_16k/m1503_0_cough.wav,cough
vocalsound/audio_16k/f0574_0_cough.wav,cough
vocalsound/audio_16k/m2081_0_cough.wav,cough
vocalsound/audio_16k/f1917_0_cough.wav,cough
vocalsound/audio_16k/m0075_0_cough.wav,cough
vocalsound/audio_16k/f0977_0_cough.wav,cough
vocalsound/audio_16k/m1294_0_cough.wav,cough
vocalsound/audio_16k/f1974_0_cough.wav,cough
vocalsound/audio_16k/m1379_0_cough.wav,cough
vocalsound/audio_16k/m1499_0_cough.wav,cough
vocalsound/audio_16k/f0305_0_cough.wav,cough
vocalsound/audio_16k/m1688_0_cough.wav,cough
vocalsound/audio_16k/f0661_0_cough.wav,cough
vocalsound/audio_16k/m0180_0_cough.wav,cough
vocalsound/audio_16k/m1968_0_cough.wav,cough
vocalsound/audio_16k/m3123_0_cough.wav,cough
vocalsound/audio_16k/m1241_0_cough.wav,cough
vocalsound/audio_16k/m0906_0_cough.wav,cough
vocalsound/audio_16k/f2660_0_cough.wav,cough
vocalsound/audio_16k/f2115_0_cough.wav,cough
vocalsound/audio_16k/f1651_0_cough.wav,cough
vocalsound/audio_16k/m2051_0_cough.wav,cough
vocalsound/audio_16k/m2363_0_cough.wav,cough
vocalsound/audio_16k/f2635_0_cough.wav,cough
vocalsound/audio_16k/f1943_0_cough.wav,cough
vocalsound/audio_16k/f2172_0_cough.wav,cough
vocalsound/audio_16k/m0031_0_cough.wav,cough
vocalsound/audio_16k/f1074_0_cough.wav,cough
vocalsound/audio_16k/m2939_0_cough.wav,cough
vocalsound/audio_16k/m1892_0_cough.wav,cough
vocalsound/audio_16k/f2503_0_cough.wav,cough
vocalsound/audio_16k/m0473_0_cough.wav,cough
vocalsound/audio_16k/m2706_0_cough.wav,cough
vocalsound/audio_16k/m2581_0_cough.wav,cough
vocalsound/audio_16k/f0597_1_cough.wav,cough
ESC-50/audio/5-211197-A-24.wav,cough
vocalsound/audio_16k/m0481_0_cough.wav,cough
vocalsound/audio_16k/m1707_0_cough.wav,cough
vocalsound/audio_16k/m1222_0_cough.wav,cough
vocalsound/audio_16k/f0800_0_cough.wav,cough
vocalsound/audio_16k/f0598_0_cough.wav,cough
vocalsound/audio_16k/m1029_0_cough.wav,cough
vocalsound/audio_16k/f1717_0_cough.wav,cough
vocalsound/audio_16k/m0794_0_cough.wav,cough
vocalsound/audio_16k/m2782_0_cough.wav,cough
vocalsound/audio_16k/f1083_0_cough.wav,cough
vocalsound/audio_16k/f2986_0_cough.wav,cough
vocalsound/audio_16k/f0581_1_cough.wav,cough
vocalsound/audio_16k/f1961_0_cough.wav,cough
vocalsound/audio_16k/f3167_0_cough.wav,cough
vocalsound/audio_16k/f2349_0_cough.wav,cough
vocalsound/audio_16k/f1280_0_cough.wav,cough
vocalsound/audio_16k/m2932_0_cough.wav,cough
vocalsound/audio_16k/m1066_0_cough.wav,cough
vocalsound/audio_16k/m2277_0_cough.wav,cough
vocalsound/audio_16k/f2530_0_cough.wav,cough
vocalsound/audio_16k/m1617_0_cough.wav,cough
vocalsound/audio_16k/m1948_4_cough.wav,cough
vocalsound/audio_16k/m0958_0_cough.wav,cough
ESC-50/audio/5-178997-A-24.wav,cough
vocalsound/audio_16k/m2037_0_cough.wav,cough
vocalsound/audio_16k/m1167_1_cough.wav,cough
vocalsound/audio_16k/f2494_0_cough.wav,cough
vocalsound/audio_16k/m2008_0_cough.wav,cough
vocalsound/audio_16k/f0822_0_cough.wav,cough
vocalsound/audio_16k/f1100_0_cough.wav,cough
vocalsound/audio_16k/m3284_0_cough.wav,cough
vocalsound/audio_16k/f0929_0_cough.wav,cough
vocalsound/audio_16k/f0859_0_cough.wav,cough
vocalsound/audio_16k/m2532_0_cough.wav,cough
vocalsound/audio_16k/m3082_0_cough.wav,cough
vocalsound/audio_16k/m3303_0_cough.wav,cough
vocalsound/audio_16k/f2244_0_cough.wav,cough
vocalsound/audio_16k/f2322_0_cough.wav,cough
vocalsound/audio_16k/m1569_0_cough.wav,cough
vocalsound/audio_16k/f1698_0_cough.wav,cough
vocalsound/audio_16k/m2371_0_cough.wav,cough
vocalsound/audio_16k/f2926_1_cough.wav,cough
vocalsound/audio_16k/f1648_0_cough.wav,cough
vocalsound/audio_16k/m2161_0_cough.wav,cough
vocalsound/audio_16k/m1804_0_cough.wav,cough
vocalsound/audio_16k/f2162_0_cough.wav,cough
vocalsound/audio_16k/m0787_0_cough.wav,cough
vocalsound/audio_16k/m3004_0_cough.wav,cough
vocalsound/audio_16k/f2027_0_cough.wav,cough
vocalsound/audio_16k/f0415_0_cough.wav,cough
vocalsound/audio_16k/f0742_0_cough.wav,cough
vocalsound/audio_16k/m1806_0_cough.wav,cough
vocalsound/audio_16k/m2859_0_cough.wav,cough
vocalsound/audio_16k/f2286_0_cough.wav,cough
vocalsound/audio_16k/f0350_0_cough.wav,cough
ESC-50/audio/2-87799-A-24.wav,cough
vocalsound/audio_16k/f2827_0_cough.wav,cough
vocalsound/audio_16k/f1073_1_cough.wav,cough
vocalsound/audio_16k/m1824_0_cough.wav,cough
vocalsound/audio_16k/f2122_0_cough.wav,cough
vocalsound/audio_16k/m3015_0_cough.wav,cough
vocalsound/audio_16k/m2527_0_cough.wav,cough
vocalsound/audio_16k/m0351_0_cough.wav,cough
vocalsound/audio_16k/m1135_0_cough.wav,cough
vocalsound/audio_16k/m2291_0_cough.wav,cough
vocalsound/audio_16k/m0240_0_cough.wav,cough
vocalsound/audio_16k/m1207_0_cough.wav,cough
ESC-50/audio/5-251489-A-24.wav,cough
vocalsound/audio_16k/m2998_0_cough.wav,cough
vocalsound/audio_16k/m2820_0_cough.wav,cough
vocalsound/audio_16k/m2193_0_cough.wav,cough
vocalsound/audio_16k/f1223_0_cough.wav,cough
vocalsound/audio_16k/m1088_0_cough.wav,cough
vocalsound/audio_16k/f0281_0_cough.wav,cough
vocalsound/audio_16k/f3166_0_cough.wav,cough
vocalsound/audio_16k/m1409_0_cough.wav,cough
vocalsound/audio_16k/m1147_0_cough.wav,cough
vocalsound/audio_16k/f1216_0_cough.wav,cough
vocalsound/audio_16k/m0252_0_cough.wav,cough
vocalsound/audio_16k/f1045_0_cough.wav,cough
vocalsound/audio_16k/f0330_0_cough.wav,cough
vocalsound/audio_16k/f2589_0_cough.wav,cough
vocalsound/audio_16k/f3116_0_cough.wav,cough
vocalsound/audio_16k/f0307_0_cough.wav,cough
vocalsound/audio_16k/f3064_0_cough.wav,cough
vocalsound/audio_16k/f1692_0_cough.wav,cough
vocalsound/audio_16k/m2131_0_cough.wav,cough
vocalsound/audio_16k/f2012_0_cough.wav,cough
vocalsound/audio_16k/m2029_0_cough.wav,cough
vocalsound/audio_16k/f0818_0_cough.wav,cough
vocalsound/audio_16k/f3034_0_cough.wav,cough
vocalsound/audio_16k/m1196_0_cough.wav,cough
vocalsound/audio_16k/m2802_0_cough.wav,cough
vocalsound/audio_16k/m1704_0_cough.wav,cough
vocalsound/audio_16k/f1260_0_cough.wav,cough
vocalsound/audio_16k/f1932_0_cough.wav,cough
vocalsound/audio_16k/f1307_0_cough.wav,cough
vocalsound/audio_16k/f1412_0_cough.wav,cough
vocalsound/audio_16k/m0133_0_cough.wav,cough
vocalsound/audio_16k/f0176_0_cough.wav,cough
vocalsound/audio_16k/f1429_0_cough.wav,cough
vocalsound/audio_16k/o0391_0_cough.wav,cough
vocalsound/audio_16k/f2811_0_cough.wav,cough
vocalsound/audio_16k/m0131_0_cough.wav,cough
vocalsound/audio_16k/m2701_0_cough.wav,cough
vocalsound/audio_16k/m2491_1_cough.wav,cough
vocalsound/audio_16k/f1995_0_cough.wav,cough
vocalsound/audio_16k/m3067_0_cough.wav,cough
vocalsound/audio_16k/f1288_1_cough.wav,cough
vocalsound/audio_16k/m3330_0_cough.wav,cough
vocalsound/audio_16k/f0866_0_cough.wav,cough
vocalsound/audio_16k/f3287_0_cough.wav,cough
vocalsound/audio_16k/f0296_0_cough.wav,cough
vocalsound/audio_16k/m0558_0_cough.wav,cough
vocalsound/audio_16k/f1802_0_cough.wav,cough
vocalsound/audio_16k/f1618_0_cough.wav,cough
vocalsound/audio_16k/m0493_0_cough.wav,cough
vocalsound/audio_16k/f2993_0_cough.wav,cough
vocalsound/audio_16k/f2558_1_cough.wav,cough
vocalsound/audio_16k/f1850_0_cough.wav,cough
vocalsound/audio_16k/f1805_0_cough.wav,cough
vocalsound/audio_16k/f0157_0_cough.wav,cough
vocalsound/audio_16k/m1985_0_cough.wav,cough
vocalsound/audio_16k/f1558_0_cough.wav,cough
vocalsound/audio_16k/m0045_0_cough.wav,cough
vocalsound/audio_16k/f2771_0_cough.wav,cough
vocalsound/audio_16k/f2298_0_cough.wav,cough
vocalsound/audio_16k/m3254_0_cough.wav,cough
vocalsound/audio_16k/f2298_2_cough.wav,cough
vocalsound/audio_16k/f3005_0_cough.wav,cough
vocalsound/audio_16k/m1860_0_cough.wav,cough
vocalsound/audio_16k/m0823_0_cough.wav,cough
vocalsound/audio_16k/m0050_0_cough.wav,cough
vocalsound/audio_16k/m2119_0_cough.wav,cough
vocalsound/audio_16k/m2832_0_cough.wav,cough
vocalsound/audio_16k/f2798_0_cough.wav,cough
vocalsound/audio_16k/f0204_0_cough.wav,cough
vocalsound/audio_16k/m2611_0_cough.wav,cough
vocalsound/audio_16k/f2117_0_cough.wav,cough
vocalsound/audio_16k/m3032_0_cough.wav,cough
vocalsound/audio_16k/m1395_0_cough.wav,cough
vocalsound/audio_16k/m2692_0_cough.wav,cough
vocalsound/audio_16k/f0294_0_cough.wav,cough
vocalsound/audio_16k/f0883_0_cough.wav,cough
vocalsound/audio_16k/m1522_0_cough.wav,cough
vocalsound/audio_16k/m0289_0_cough.wav,cough
vocalsound/audio_16k/f2949_0_cough.wav,cough
vocalsound/audio_16k/m2754_0_cough.wav,cough
vocalsound/audio_16k/m0309_0_cough.wav,cough
vocalsound/audio_16k/m1577_0_cough.wav,cough
vocalsound/audio_16k/m0833_0_cough.wav,cough
vocalsound/audio_16k/f0930_0_cough.wav,cough
vocalsound/audio_16k/f3321_0_cough.wav,cough
vocalsound/audio_16k/m1359_0_cough.wav,cough
vocalsound/audio_16k/f1516_0_cough.wav,cough
vocalsound/audio_16k/f2059_0_cough.wav,cough
vocalsound/audio_16k/f0354_0_cough.wav,cough
vocalsound/audio_16k/m2307_0_cough.wav,cough
vocalsound/audio_16k/m0308_0_cough.wav,cough
ESC-50/audio/1-58792-A-24.wav,cough
vocalsound/audio_16k/m0886_0_cough.wav,cough
vocalsound/audio_16k/m1035_0_cough.wav,cough
vocalsound/audio_16k/m2159_0_cough.wav,cough
vocalsound/audio_16k/m2387_0_cough.wav,cough
vocalsound/audio_16k/m2057_0_cough.wav,cough
vocalsound/audio_16k/f1603_0_cough.wav,cough
vocalsound/audio_16k/f3112_0_cough.wav,cough
vocalsound/audio_16k/m0263_0_cough.wav,cough
vocalsound/audio_16k/f0585_1_cough.wav,cough
vocalsound/audio_16k/m2013_0_cough.wav,cough
vocalsound/audio_16k/f2792_0_cough.wav,cough
vocalsound/audio_16k/m1726_0_cough.wav,cough
vocalsound/audio_16k/f2633_0_cough.wav,cough
vocalsound/audio_16k/m2619_0_cough.wav,cough
vocalsound/audio_16k/f1009_0_cough.wav,cough
vocalsound/audio_16k/m2390_0_cough.wav,cough
vocalsound/audio_16k/f2506_0_cough.wav,cough
vocalsound/audio_16k/m0799_0_cough.wav,cough
vocalsound/audio_16k/f2599_0_cough.wav,cough
vocalsound/audio_16k/m2531_0_cough.wav,cough
vocalsound/audio_16k/m0104_0_cough.wav,cough
vocalsound/audio_16k/f2747_0_cough.wav,cough
vocalsound/audio_16k/m0068_0_cough.wav,cough
vocalsound/audio_16k/m2231_0_cough.wav,cough
vocalsound/audio_16k/f2454_0_cough.wav,cough
vocalsound/audio_16k/m1167_0_cough.wav,cough
vocalsound/audio_16k/f1042_0_cough.wav,cough
vocalsound/audio_16k/f1540_0_cough.wav,cough
vocalsound/audio_16k/m0187_0_cough.wav,cough
vocalsound/audio_16k/m2016_0_cough.wav,cough
vocalsound/audio_16k/m2789_0_cough.wav,cough
vocalsound/audio_16k/m2097_0_cough.wav,cough
vocalsound/audio_16k/f1386_0_cough.wav,cough
vocalsound/audio_16k/m1655_0_cough.wav,cough
vocalsound/audio_16k/m1287_0_cough.wav,cough
vocalsound/audio_16k/f2513_0_cough.wav,cough
vocalsound/audio_16k/m0090_0_cough.wav,cough
vocalsound/audio_16k/m1106_0_cough.wav,cough
ESC-50/audio/1-19118-A-24.wav,cough
vocalsound/audio_16k/f2544_0_cough.wav,cough
vocalsound/audio_16k/f2365_0_cough.wav,cough
vocalsound/audio_16k/m2534_0_cough.wav,cough
vocalsound/audio_16k/m2541_0_cough.wav,cough
vocalsound/audio_16k/m1393_0_cough.wav,cough
vocalsound/audio_16k/m2964_0_cough.wav,cough
vocalsound/audio_16k/m1951_0_cough.wav,cough
vocalsound/audio_16k/f2707_0_cough.wav,cough
vocalsound/audio_16k/m0526_0_cough.wav,cough
vocalsound/audio_16k/m2565_1_cough.wav,cough
vocalsound/audio_16k/m0353_0_cough.wav,cough
vocalsound/audio_16k/m2083_0_cough.wav,cough
vocalsound/audio_16k/m2797_0_cough.wav,cough
vocalsound/audio_16k/m0832_0_cough.wav,cough
vocalsound/audio_16k/m0563_1_cough.wav,cough
vocalsound/audio_16k/f1352_0_cough.wav,cough
vocalsound/audio_16k/m1977_0_cough.wav,cough
vocalsound/audio_16k/f0683_0_cough.wav,cough
vocalsound/audio_16k/f2336_0_cough.wav,cough
vocalsound/audio_16k/m0864_0_cough.wav,cough
vocalsound/audio_16k/m2010_0_cough.wav,cough
vocalsound/audio_16k/m1792_0_cough.wav,cough
vocalsound/audio_16k/m2718_0_cough.wav,cough
vocalsound/audio_16k/f2846_0_cough.wav,cough
vocalsound/audio_16k/m2808_0_cough.wav,cough
vocalsound/audio_16k/f1913_0_cough.wav,cough
vocalsound/audio_16k/m2069_1_cough.wav,cough
vocalsound/audio_16k/f2610_0_cough.wav,cough
vocalsound/audio_16k/m2925_0_cough.wav,cough
vocalsound/audio_16k/f1615_0_cough.wav,cough
vocalsound/audio_16k/f1205_0_cough.wav,cough
vocalsound/audio_16k/f0167_0_cough.wav,cough
vocalsound/audio_16k/f0377_0_cough.wav,cough
vocalsound/audio_16k/m3200_0_cough.wav,cough
vocalsound/audio_16k/m2971_0_cough.wav,cough
vocalsound/audio_16k/m1611_0_cough.wav,cough
vocalsound/audio_16k/f0597_2_cough.wav,cough
vocalsound/audio_16k/m0456_0_cough.wav,cough
vocalsound/audio_16k/m0145_0_cough.wav,cough
vocalsound/audio_16k/m1769_0_cough.wav,cough
vocalsound/audio_16k/m1351_0_cough.wav,cough
vocalsound/audio_16k/f1572_0_cough.wav,cough
vocalsound/audio_16k/m2227_0_cough.wav,cough
vocalsound/audio_16k/f3308_0_cough.wav,cough
vocalsound/audio_16k/m0694_0_cough.wav,cough
vocalsound/audio_16k/m0049_0_cough.wav,cough
vocalsound/audio_16k/f1960_0_cough.wav,cough
vocalsound/audio_16k/f1209_0_cough.wav,cough
vocalsound/audio_16k/m1958_1_cough.wav,cough
vocalsound/audio_16k/m2163_0_cough.wav,cough
ESC-50/audio/3-151212-A-24.wav,cough
vocalsound/audio_16k/f0856_0_cough.wav,cough
vocalsound/audio_16k/m0220_0_cough.wav,cough
vocalsound/audio_16k/f1771_0_cough.wav,cough
vocalsound/audio_16k/f1398_0_cough.wav,cough
vocalsound/audio_16k/m2224_0_cough.wav,cough
vocalsound/audio_16k/m0876_0_cough.wav,cough
vocalsound/audio_16k/m0521_0_cough.wav,cough
vocalsound/audio_16k/m2752_0_cough.wav,cough
vocalsound/audio_16k/m1182_0_cough.wav,cough
vocalsound/audio_16k/f2003_0_cough.wav,cough
vocalsound/audio_16k/f0988_0_cough.wav,cough
vocalsound/audio_16k/m0467_0_cough.wav,cough
vocalsound/audio_16k/f1089_0_cough.wav,cough
vocalsound/audio_16k/m0524_0_cough.wav,cough
vocalsound/audio_16k/m2035_0_cough.wav,cough
vocalsound/audio_16k/m2741_0_cough.wav,cough
vocalsound/audio_16k/m1190_0_cough.wav,cough
vocalsound/audio_16k/m1506_0_cough.wav,cough
vocalsound/audio_16k/f2665_0_cough.wav,cough
vocalsound/audio_16k/m0355_0_cough.wav,cough
vocalsound/audio_16k/m1625_0_cough.wav,cough
vocalsound/audio_16k/m0780_0_cough.wav,cough
vocalsound/audio_16k/m0231_0_cough.wav,cough
vocalsound/audio_16k/m2358_0_cough.wav,cough
vocalsound/audio_16k/m0376_0_cough.wav,cough
vocalsound/audio_16k/f1288_0_cough.wav,cough
vocalsound/audio_16k/m0568_0_cough.wav,cough
vocalsound/audio_16k/m0411_0_cough.wav,cough
vocalsound/audio_16k/f2106_0_cough.wav,cough
vocalsound/audio_16k/f1987_0_cough.wav,cough
vocalsound/audio_16k/m1828_0_cough.wav,cough
vocalsound/audio_16k/f2288_0_cough.wav,cough
vocalsound/audio_16k/m0898_0_cough.wav,cough
vocalsound/audio_16k/m0609_1_cough.wav,cough
vocalsound/audio_16k/m1750_0_cough.wav,cough
vocalsound/audio_16k/f1945_0_cough.wav,cough
vocalsound/audio_16k/f2260_0_cough.wav,cough
vocalsound/audio_16k/m0335_0_cough.wav,cough
vocalsound/audio_16k/f0623_0_cough.wav,cough
vocalsound/audio_16k/f2354_0_cough.wav,cough
vocalsound/audio_16k/f1907_0_cough.wav,cough
vocalsound/audio_16k/f2233_0_cough.wav,cough
vocalsound/audio_16k/f2852_0_cough.wav,cough
vocalsound/audio_16k/f2680_0_cough.wav,cough
vocalsound/audio_16k/m1043_0_cough.wav,cough
vocalsound/audio_16k/f0649_0_cough.wav,cough
vocalsound/audio_16k/m3119_0_cough.wav,cough
vocalsound/audio_16k/f1236_0_cough.wav,cough
vocalsound/audio_16k/f1875_0_cough.wav,cough
vocalsound/audio_16k/f3296_0_cough.wav,cough
vocalsound/audio_16k/f1247_0_cough.wav,cough
vocalsound/audio_16k/f1721_0_cough.wav,cough
vocalsound/audio_16k/f0545_0_cough.wav,cough
vocalsound/audio_16k/m0150_0_cough.wav,cough
vocalsound/audio_16k/m0100_0_cough.wav,cough
vocalsound/audio_16k/f2796_0_cough.wav,cough
vocalsound/audio_16k/m1062_0_cough.wav,cough
vocalsound/audio_16k/m0531_0_cough.wav,cough
vocalsound/audio_16k/m0159_0_cough.wav,cough
vocalsound/audio_16k/f0517_0_cough.wav,cough
vocalsound/audio_16k/f1666_0_cough.wav,cough
vocalsound/audio_16k/m0185_0_cough.wav,cough
vocalsound/audio_16k/f3351_0_cough.wav,cough
vocalsound/audio_16k/m2751_0_cough.wav,cough
vocalsound/audio_16k/f0117_0_cough.wav,cough
vocalsound/audio_16k/m1355_0_cough.wav,cough
vocalsound/audio_16k/f3265_0_cough.wav,cough
vocalsound/audio_16k/m0578_0_cough.wav,cough
ESC-50/audio/4-152995-A-24.wav,cough
vocalsound/audio_16k/f3010_0_cough.wav,cough
vocalsound/audio_16k/f2481_0_cough.wav,cough
vocalsound/audio_16k/f3353_0_cough.wav,cough
vocalsound/audio_16k/m0175_0_cough.wav,cough
vocalsound/audio_16k/m1034_0_cough.wav,cough
vocalsound/audio_16k/m1091_0_cough.wav,cough
vocalsound/audio_16k/m1561_0_cough.wav,cough
vocalsound/audio_16k/f1782_0_cough.wav,cough
vocalsound/audio_16k/m0643_0_cough.wav,cough
vocalsound/audio_16k/m3120_0_cough.wav,cough
vocalsound/audio_16k/f2248_0_cough.wav,cough
vocalsound/audio_16k/m0306_0_cough.wav,cough
vocalsound/audio_16k/m2801_0_cough.wav,cough
vocalsound/audio_16k/f0212_0_cough.wav,cough
vocalsound/audio_16k/f3347_0_cough.wav,cough
vocalsound/audio_16k/f2853_0_cough.wav,cough
vocalsound/audio_16k/m2046_0_cough.wav,cough
vocalsound/audio_16k/m2113_0_cough.wav,cough
vocalsound/audio_16k/m0078_1_cough.wav,cough
vocalsound/audio_16k/m2969_0_cough.wav,cough
vocalsound/audio_16k/m0538_0_cough.wav,cough
vocalsound/audio_16k/m2540_0_cough.wav,cough
vocalsound/audio_16k/m1713_0_cough.wav,cough
vocalsound/audio_16k/m3203_0_cough.wav,cough
vocalsound/audio_16k/f0199_0_cough.wav,cough
vocalsound/audio_16k/m0020_0_cough.wav,cough
vocalsound/audio_16k/m1482_0_cough.wav,cough
vocalsound/audio_16k/m1233_0_cough.wav,cough
vocalsound/audio_16k/m2006_1_cough.wav,cough
vocalsound/audio_16k/f0200_0_cough.wav,cough
vocalsound/audio_16k/f0676_0_cough.wav,cough
vocalsound/audio_16k/m1872_0_cough.wav,cough
vocalsound/audio_16k/m0247_0_cough.wav,cough
vocalsound/audio_16k/f1108_0_cough.wav,cough
vocalsound/audio_16k/m0501_0_cough.wav,cough
vocalsound/audio_16k/f1450_0_cough.wav,cough
vocalsound/audio_16k/m2258_0_cough.wav,cough
vocalsound/audio_16k/f2112_0_cough.wav,cough
vocalsound/audio_16k/m2369_0_cough.wav,cough
vocalsound/audio_16k/f2765_0_cough.wav,cough
vocalsound/audio_16k/f1703_0_cough.wav,cough
vocalsound/audio_16k/m0452_0_cough.wav,cough
vocalsound/audio_16k/f2750_0_cough.wav,cough
vocalsound/audio_16k/f2872_0_cough.wav,cough
vocalsound/audio_16k/m2089_0_cough.wav,cough
vocalsound/audio_16k/m3317_0_cough.wav,cough
vocalsound/audio_16k/m0192_0_cough.wav,cough
vocalsound/audio_16k/f2036_0_cough.wav,cough
vocalsound/audio_16k/m2717_0_cough.wav,cough
vocalsound/audio_16k/m0557_0_cough.wav,cough
vocalsound/audio_16k/m2999_0_cough.wav,cough
vocalsound/audio_16k/m3014_0_cough.wav,cough
vocalsound/audio_16k/f0422_0_cough.wav,cough
vocalsound/audio_16k/f2996_0_cough.wav,cough
vocalsound/audio_16k/f1814_0_cough.wav,cough
vocalsound/audio_16k/m1925_0_cough.wav,cough
vocalsound/audio_16k/m2653_0_cough.wav,cough
vocalsound/audio_16k/m1937_0_cough.wav,cough
vocalsound/audio_16k/f0310_0_cough.wav,cough
vocalsound/audio_16k/f0234_0_cough.wav,cough
vocalsound/audio_16k/m2222_0_cough.wav,cough
vocalsound/audio_16k/f1616_0_cough.wav,cough
vocalsound/audio_16k/f0122_0_cough.wav,cough
vocalsound/audio_16k/m2674_0_cough.wav,cough
vocalsound/audio_16k/f1246_0_cough.wav,cough
vocalsound/audio_16k/m2693_0_cough.wav,cough
vocalsound/audio_16k/f1028_0_cough.wav,cough
vocalsound/audio_16k/m0563_2_cough.wav,cough
vocalsound/audio_16k/f0925_0_cough.wav,cough
vocalsound/audio_16k/m1231_0_cough.wav,cough
vocalsound/audio_16k/f1759_0_cough.wav,cough
vocalsound/audio_16k/m2945_0_cough.wav,cough
vocalsound/audio_16k/f2076_0_cough.wav,cough
vocalsound/audio_16k/f3158_0_cough.wav,cough
vocalsound/audio_16k/f1339_0_cough.wav,cough
vocalsound/audio_16k/m1575_0_cough.wav,cough
vocalsound/audio_16k/m1583_0_cough.wav,cough
vocalsound/audio_16k/m3073_0_cough.wav,cough
vocalsound/audio_16k/f1312_0_cough.wav,cough
vocalsound/audio_16k/f2617_0_cough.wav,cough
vocalsound/audio_16k/m2500_0_cough.wav,cough
vocalsound/audio_16k/m1377_0_cough.wav,cough
vocalsound/audio_16k/f0181_0_cough.wav,cough
vocalsound/audio_16k/f2622_0_cough.wav,cough
vocalsound/audio_16k/m2158_0_cough.wav,cough
vocalsound/audio_16k/f3222_0_cough.wav,cough
vocalsound/audio_16k/m0034_0_cough.wav,cough
vocalsound/audio_16k/f1608_0_cough.wav,cough
vocalsound/audio_16k/f0614_0_cough.wav,cough
vocalsound/audio_16k/m1483_0_cough.wav,cough
vocalsound/audio_16k/m1756_0_cough.wav,cough
vocalsound/audio_16k/f1957_0_cough.wav,cough
vocalsound/audio_16k/f0812_0_cough.wav,cough
vocalsound/audio_16k/f2522_0_cough.wav,cough
vocalsound/audio_16k/m1543_0_cough.wav,cough
vocalsound/audio_16k/m2929_0_cough.wav,cough
vocalsound/audio_16k/m1251_0_cough.wav,cough
vocalsound/audio_16k/f0320_0_cough.wav,cough
vocalsound/audio_16k/f2962_0_cough.wav,cough
vocalsound/audio_16k/m0989_0_cough.wav,cough
vocalsound/audio_16k/m3267_0_cough.wav,cough
vocalsound/audio_16k/f3181_0_cough.wav,cough
vocalsound/audio_16k/f0581_2_cough.wav,cough
vocalsound/audio_16k/m3037_0_cough.wav,cough
vocalsound/audio_16k/m1910_0_cough.wav,cough
vocalsound/audio_16k/f2911_0_cough.wav,cough
vocalsound/audio_16k/f0039_0_cough.wav,cough
vocalsound/audio_16k/m2274_0_cough.wav,cough
vocalsound/audio_16k/m0658_0_cough.wav,cough
vocalsound/audio_16k/f0843_0_cough.wav,cough
vocalsound/audio_16k/m0279_0_cough.wav,cough
vocalsound/audio_16k/f3099_0_cough.wav,cough
vocalsound/audio_16k/m3228_0_cough.wav,cough
vocalsound/audio_16k/m0490_0_cough.wav,cough
vocalsound/audio_16k/m3018_0_cough.wav,cough
vocalsound/audio_16k/m0301_0_cough.wav,cough
vocalsound/audio_16k/f1401_0_cough.wav,cough
vocalsound/audio_16k/m0902_0_cough.wav,cough
vocalsound/audio_16k/m1927_0_cough.wav,cough
vocalsound/audio_16k/f2213_0_cough.wav,cough
vocalsound/audio_16k/m1663_0_cough.wav,cough
vocalsound/audio_16k/m3179_0_cough.wav,cough
vocalsound/audio_16k/m0602_0_cough.wav,cough
vocalsound/audio_16k/m2044_0_cough.wav,cough
vocalsound/audio_16k/m0303_0_cough.wav,cough
vocalsound/audio_16k/m1484_0_cough.wav,cough
vocalsound/audio_16k/f2195_0_cough.wav,cough
vocalsound/audio_16k/f2711_0_cough.wav,cough
vocalsound/audio_16k/f1966_0_cough.wav,cough
vocalsound/audio_16k/f0692_0_cough.wav,cough
vocalsound/audio_16k/f2298_1_cough.wav,cough
vocalsound/audio_16k/m0420_0_cough.wav,cough
vocalsound/audio_16k/f1959_1_cough.wav,cough
vocalsound/audio_16k/m2246_0_cough.wav,cough
vocalsound/audio_16k/m1295_0_cough.wav,cough
vocalsound/audio_16k/m1607_0_cough.wav,cough
vocalsound/audio_16k/m2080_0_cough.wav,cough
vocalsound/audio_16k/f2855_0_cough.wav,cough
vocalsound/audio_16k/f0211_0_cough.wav,cough
vocalsound/audio_16k/m2280_0_cough.wav,cough
vocalsound/audio_16k/f2739_1_cough.wav,cough
vocalsound/audio_16k/m2096_0_cough.wav,cough
vocalsound/audio_16k/m0640_0_cough.wav,cough
vocalsound/audio_16k/f1709_0_cough.wav,cough
vocalsound/audio_16k/f3042_0_cough.wav,cough
vocalsound/audio_16k/f2101_0_cough.wav,cough
vocalsound/audio_16k/f2904_0_cough.wav,cough
vocalsound/audio_16k/f2300_0_cough.wav,cough
vocalsound/audio_16k/m1521_0_cough.wav,cough
vocalsound/audio_16k/f2285_0_cough.wav,cough
vocalsound/audio_16k/m2774_0_cough.wav,cough
vocalsound/audio_16k/f0004_0_cough.wav,cough
vocalsound/audio_16k/m0870_0_cough.wav,cough
vocalsound/audio_16k/f1525_0_cough.wav,cough
vocalsound/audio_16k/m2982_0_cough.wav,cough
vocalsound/audio_16k/f1953_0_cough.wav,cough
vocalsound/audio_16k/m2525_0_cough.wav,cough
vocalsound/audio_16k/m2582_0_cough.wav,cough
vocalsound/audio_16k/m1170_0_cough.wav,cough
vocalsound/audio_16k/f1949_0_cough.wav,cough
vocalsound/audio_16k/m0575_0_cough.wav,cough
vocalsound/audio_16k/m1895_0_cough.wav,cough
vocalsound/audio_16k/m0662_0_cough.wav,cough
vocalsound/audio_16k/m0398_0_cough.wav,cough
vocalsound/audio_16k/f0096_0_cough.wav,cough
vocalsound/audio_16k/f0747_0_cough.wav,cough
vocalsound/audio_16k/f2446_0_cough.wav,cough
vocalsound/audio_16k/f1798_0_cough.wav,cough
vocalsound/audio_16k/m2128_0_cough.wav,cough
vocalsound/audio_16k/f1957_2_cough.wav,cough
vocalsound/audio_16k/f2564_0_cough.wav,cough
vocalsound/audio_16k/m1403_0_cough.wav,cough
vocalsound/audio_16k/f3159_0_cough.wav,cough
vocalsound/audio_16k/m2326_0_cough.wav,cough
vocalsound/audio_16k/m1162_0_cough.wav,cough
vocalsound/audio_16k/m0972_0_cough.wav,cough
vocalsound/audio_16k/m3288_0_cough.wav,cough
vocalsound/audio_16k/m0221_0_cough.wav,cough
vocalsound/audio_16k/m2816_0_cough.wav,cough
vocalsound/audio_16k/f2795_0_cough.wav,cough
vocalsound/audio_16k/f3012_0_cough.wav,cough
vocalsound/audio_16k/m3047_0_cough.wav,cough
vocalsound/audio_16k/f2225_0_cough.wav,cough
vocalsound/audio_16k/f2569_0_cough.wav,cough
vocalsound/audio_16k/m3083_0_cough.wav,cough
vocalsound/audio_16k/f1870_0_cough.wav,cough
vocalsound/audio_16k/f0982_0_cough.wav,cough
vocalsound/audio_16k/f1547_0_cough.wav,cough
vocalsound/audio_16k/m3165_0_cough.wav,cough
vocalsound/audio_16k/f0974_0_cough.wav,cough
vocalsound/audio_16k/m1015_0_cough.wav,cough
vocalsound/audio_16k/f1480_0_cough.wav,cough
vocalsound/audio_16k/m2834_0_cough.wav,cough
vocalsound/audio_16k/f1746_0_cough.wav,cough
vocalsound/audio_16k/m0609_0_cough.wav,cough
vocalsound/audio_16k/f2285_1_cough.wav,cough
vocalsound/audio_16k/m1466_0_cough.wav,cough
vocalsound/audio_16k/m0932_0_cough.wav,cough
vocalsound/audio_16k/m1523_0_cough.wav,cough
vocalsound/audio_16k/f2332_0_cough.wav,cough
vocalsound/audio_16k/f0802_0_cough.wav,cough
vocalsound/audio_16k/f1571_0_cough.wav,cough
vocalsound/audio_16k/f2456_0_cough.wav,cough
vocalsound/audio_16k/f1849_0_cough.wav,cough
vocalsound/audio_16k/f3093_0_cough.wav,cough
vocalsound/audio_16k/m2512_0_cough.wav,cough
vocalsound/audio_16k/f2526_0_cough.wav,cough
vocalsound/audio_16k/f0061_0_cough.wav,cough
vocalsound/audio_16k/m2121_0_cough.wav,cough
vocalsound/audio_16k/f1030_0_cough.wav,cough
vocalsound/audio_16k/f2259_0_cough.wav,cough
vocalsound/audio_16k/f0370_0_cough.wav,cough
vocalsound/audio_16k/f0447_0_cough.wav,cough
vocalsound/audio_16k/m2953_0_cough.wav,cough
vocalsound/audio_16k/f2422_0_cough.wav,cough
vocalsound/audio_16k/m2050_0_cough.wav,cough
vocalsound/audio_16k/m2849_0_cough.wav,cough
vocalsound/audio_16k/f0816_0_cough.wav,cough
vocalsound/audio_16k/f0037_0_cough.wav,cough
vocalsound/audio_16k/m1345_0_cough.wav,cough
vocalsound/audio_16k/f2342_0_cough.wav,cough
vocalsound/audio_16k/m0551_0_cough.wav,cough
vocalsound/audio_16k/m0582_4_cough.wav,cough
vocalsound/audio_16k/m0343_0_cough.wav,cough
vocalsound/audio_16k/f2905_0_cough.wav,cough
vocalsound/audio_16k/f1470_0_cough.wav,cough
vocalsound/audio_16k/f0418_0_cough.wav,cough
vocalsound/audio_16k/f2038_0_cough.wav,cough
vocalsound/audio_16k/m0582_0_cough.wav,cough
vocalsound/audio_16k/f0924_0_cough.wav,cough
vocalsound/audio_16k/f0555_0_cough.wav,cough
vocalsound/audio_16k/m0056_0_cough.wav,cough
vocalsound/audio_16k/m0668_0_cough.wav,cough
vocalsound/audio_16k/f0605_1_cough.wav,cough
vocalsound/audio_16k/m1363_0_cough.wav,cough
vocalsound/audio_16k/f0438_0_cough.wav,cough
vocalsound/audio_16k/f1242_1_cough.wav,cough
vocalsound/audio_16k/f1224_0_cough.wav,cough
vocalsound/audio_16k/m1221_0_cough.wav,cough
vocalsound/audio_16k/m2353_0_cough.wav,cough
vocalsound/audio_16k/f0684_0_cough.wav,cough
vocalsound/audio_16k/m2504_1_cough.wav,cough
vocalsound/audio_16k/f0964_0_cough.wav,cough
vocalsound/audio_16k/m1183_1_cough.wav,cough
vocalsound/audio_16k/m0160_0_cough.wav,cough
vocalsound/audio_16k/m2434_0_cough.wav,cough
vocalsound/audio_16k/m1920_0_cough.wav,cough
vocalsound/audio_16k/m3263_0_cough.wav,cough
vocalsound/audio_16k/f1831_0_cough.wav,cough
vocalsound/audio_16k/m0905_0_cough.wav,cough
vocalsound/audio_16k/m2157_0_cough.wav,cough
vocalsound/audio_16k/m0417_0_cough.wav,cough
vocalsound/audio_16k/m0356_0_cough.wav,cough
vocalsound/audio_16k/f2465_0_cough.wav,cough
vocalsound/audio_16k/m2915_0_cough.wav,cough
vocalsound/audio_16k/m0248_0_cough.wav,cough
vocalsound/audio_16k/m2491_0_cough.wav,cough
vocalsound/audio_16k/m1281_0_cough.wav,cough
vocalsound/audio_16k/m1705_0_cough.wav,cough
vocalsound/audio_16k/f0496_0_cough.wav,cough
vocalsound/audio_16k/m1599_0_cough.wav,cough
vocalsound/audio_16k/f0792_0_cough.wav,cough
vocalsound/audio_16k/f1674_0_cough.wav,cough
vocalsound/audio_16k/m3161_0_cough.wav,cough
vocalsound/audio_16k/m2613_0_cough.wav,cough
vocalsound/audio_16k/f0651_0_cough.wav,cough
vocalsound/audio_16k/f1276_0_cough.wav,cough
vocalsound/audio_16k/f1947_0_cough.wav,cough
vocalsound/audio_16k/f1385_0_cough.wav,cough
vocalsound/audio_16k/m1136_0_cough.wav,cough
vocalsound/audio_16k/f0607_2_cough.wav,cough
vocalsound/audio_16k/f1273_0_cough.wav,cough
ESC-50/audio/2-85292-A-24.wav,cough
vocalsound/audio_16k/m0106_0_cough.wav,cough
vocalsound/audio_16k/m1732_0_cough.wav,cough
vocalsound/audio_16k/m1496_0_cough.wav,cough
vocalsound/audio_16k/m0553_0_cough.wav,cough
vocalsound/audio_16k/f2413_0_cough.wav,cough
vocalsound/audio_16k/f0244_0_cough.wav,cough
vocalsound/audio_16k/f1878_0_cough.wav,cough
vocalsound/audio_16k/f2376_0_cough.wav,cough
vocalsound/audio_16k/f2331_0_cough.wav,cough
vocalsound/audio_16k/m0442_0_cough.wav,cough
vocalsound/audio_16k/f0592_1_cough.wav,cough
vocalsound/audio_16k/f1899_0_cough.wav,cough
vocalsound/audio_16k/m3217_0_cough.wav,cough
vocalsound/audio_16k/m1468_0_cough.wav,cough
vocalsound/audio_16k/f1605_0_cough.wav,cough
vocalsound/audio_16k/m2270_0_cough.wav,cough
vocalsound/audio_16k/f0927_0_cough.wav,cough
vocalsound/audio_16k/m1076_0_cough.wav,cough
vocalsound/audio_16k/m2303_0_cough.wav,cough
vocalsound/audio_16k/m2553_0_cough.wav,cough
vocalsound/audio_16k/f2173_0_cough.wav,cough
vocalsound/audio_16k/f1156_0_cough.wav,cough
vocalsound/audio_16k/m3209_0_cough.wav,cough
vocalsound/audio_16k/f0489_0_cough.wav,cough
vocalsound/audio_16k/f1323_0_cough.wav,cough
vocalsound/audio_16k/m2994_0_cough.wav,cough
vocalsound/audio_16k/m2733_0_cough.wav,cough
vocalsound/audio_16k/m2698_0_cough.wav,cough
vocalsound/audio_16k/f2380_0_cough.wav,cough
vocalsound/audio_16k/m0326_0_cough.wav,cough
vocalsound/audio_16k/f1008_0_cough.wav,cough
vocalsound/audio_16k/m0544_0_cough.wav,cough
vocalsound/audio_16k/f2546_0_cough.wav,cough
vocalsound/audio_16k/m2384_0_cough.wav,cough
vocalsound/audio_16k/m2602_0_cough.wav,cough
vocalsound/audio_16k/m0733_0_cough.wav,cough
vocalsound/audio_16k/m1041_0_cough.wav,cough
vocalsound/audio_16k/m0690_0_cough.wav,cough
vocalsound/audio_16k/m0319_0_cough.wav,cough
vocalsound/audio_16k/f0647_0_cough.wav,cough
vocalsound/audio_16k/m1529_0_cough.wav,cough
vocalsound/audio_16k/m2536_1_cough.wav,cough
vocalsound/audio_16k/m0266_0_cough.wav,cough
vocalsound/audio_16k/m2341_0_cough.wav,cough
vocalsound/audio_16k/m3285_0_cough.wav,cough
vocalsound/audio_16k/f2022_0_cough.wav,cough
vocalsound/audio_16k/m2018_0_cough.wav,cough
vocalsound/audio_16k/f0738_0_cough.wav,cough
vocalsound/audio_16k/m2900_0_cough.wav,cough
vocalsound/audio_16k/m1350_1_cough.wav,cough
vocalsound/audio_16k/m1445_0_cough.wav,cough
vocalsound/audio_16k/f0124_0_cough.wav,cough
vocalsound/audio_16k/f2207_0_cough.wav,cough
vocalsound/audio_16k/m2876_0_cough.wav,cough
vocalsound/audio_16k/m2064_0_cough.wav,cough
vocalsound/audio_16k/f1392_0_cough.wav,cough
vocalsound/audio_16k/m2496_0_cough.wav,cough
vocalsound/audio_16k/m0880_0_cough.wav,cough
vocalsound/audio_16k/m2335_0_cough.wav,cough
vocalsound/audio_16k/m2079_0_cough.wav,cough
vocalsound/audio_16k/f1447_0_cough.wav,cough
vocalsound/audio_16k/m1431_0_cough.wav,cough
vocalsound/audio_16k/m2137_0_cough.wav,cough
vocalsound/audio_16k/m1763_0_cough.wav,cough
vocalsound/audio_16k/f0737_0_cough.wav,cough
vocalsound/audio_16k/m0554_0_cough.wav,cough
vocalsound/audio_16k/f2966_0_cough.wav,cough
vocalsound/audio_16k/m3043_0_cough.wav,cough
vocalsound/audio_16k/f2825_0_cough.wav,cough
vocalsound/audio_16k/f2699_0_cough.wav,cough
vocalsound/audio_16k/f0838_0_cough.wav,cough
vocalsound/audio_16k/f1298_0_cough.wav,cough
vocalsound/audio_16k/f2785_0_cough.wav,cough
vocalsound/audio_16k/m2509_1_cough.wav,cough
vocalsound/audio_16k/m0700_0_cough.wav,cough
vocalsound/audio_16k/m1675_0_cough.wav,cough
vocalsound/audio_16k/m0055_0_cough.wav,cough
vocalsound/audio_16k/m1127_0_cough.wav,cough
vocalsound/audio_16k/f0286_0_cough.wav,cough
vocalsound/audio_16k/m2330_0_cough.wav,cough
vocalsound/audio_16k/f0707_0_cough.wav,cough
vocalsound/audio_16k/m3154_0_cough.wav,cough
vocalsound/audio_16k/m2077_0_cough.wav,cough
vocalsound/audio_16k/f2720_0_cough.wav,cough
vocalsound/audio_16k/f0933_0_cough.wav,cough
vocalsound/audio_16k/m0078_0_cough.wav,cough
vocalsound/audio_16k/m0855_0_cough.wav,cough
ESC-50/audio/1-52323-A-24.wav,cough
vocalsound/audio_16k/m2176_0_cough.wav,cough
vocalsound/audio_16k/m0502_0_cough.wav,cough
vocalsound/audio_16k/m0139_0_cough.wav,cough
vocalsound/audio_16k/f0444_0_cough.wav,cough
vocalsound/audio_16k/f1504_0_cough.wav,cough
vocalsound/audio_16k/m0878_0_cough.wav,cough
vocalsound/audio_16k/m3262_0_cough.wav,cough
vocalsound/audio_16k/m0721_0_cough.wav,cough
vocalsound/audio_16k/m0352_0_cough.wav,cough
vocalsound/audio_16k/f0419_0_cough.wav,cough
vocalsound/audio_16k/m2591_0_cough.wav,cough
vocalsound/audio_16k/m3214_0_cough.wav,cough
vocalsound/audio_16k/m1123_0_cough.wav,cough
vocalsound/audio_16k/m2976_0_cough.wav,cough
vocalsound/audio_16k/f2375_0_cough.wav,cough
vocalsound/audio_16k/m2645_0_cough.wav,cough
vocalsound/audio_16k/m0611_0_cough.wav,cough
vocalsound/audio_16k/m2254_0_cough.wav,cough
vocalsound/audio_16k/m2135_0_cough.wav,cough
vocalsound/audio_16k/m2992_0_cough.wav,cough
vocalsound/audio_16k/f1283_0_cough.wav,cough
vocalsound/audio_16k/f2612_0_cough.wav,cough
vocalsound/audio_16k/m1131_0_cough.wav,cough
vocalsound/audio_16k/f0060_0_cough.wav,cough
vocalsound/audio_16k/m1143_0_cough.wav,cough
vocalsound/audio_16k/m0103_0_cough.wav,cough
vocalsound/audio_16k/m2689_0_cough.wav,cough
vocalsound/audio_16k/m1637_0_cough.wav,cough
vocalsound/audio_16k/f0919_0_cough.wav,cough
vocalsound/audio_16k/m0500_0_cough.wav,cough
vocalsound/audio_16k/f0953_0_cough.wav,cough
vocalsound/audio_16k/f1255_0_cough.wav,cough
vocalsound/audio_16k/m3089_0_cough.wav,cough
vocalsound/audio_16k/f2421_0_cough.wav,cough
vocalsound/audio_16k/m0817_0_cough.wav,cough
vocalsound/audio_16k/f2250_0_cough.wav,cough
vocalsound/audio_16k/m0155_0_cough.wav,cough
vocalsound/audio_16k/m0599_0_cough.wav,cough
vocalsound/audio_16k/m0561_1_cough.wav,cough
vocalsound/audio_16k/m2850_0_cough.wav,cough
vocalsound/audio_16k/m0469_0_cough.wav,cough
vocalsound/audio_16k/m1133_0_cough.wav,cough
vocalsound/audio_16k/f1184_0_cough.wav,cough
vocalsound/audio_16k/f3301_0_cough.wav,cough
vocalsound/audio_16k/f1518_0_cough.wav,cough
vocalsound/audio_16k/m0806_0_cough.wav,cough
vocalsound/audio_16k/f1115_0_cough.wav,cough
vocalsound/audio_16k/f0585_0_cough.wav,cough
vocalsound/audio_16k/m1919_0_cough.wav,cough
vocalsound/audio_16k/m2180_0_cough.wav,cough
vocalsound/audio_16k/f2901_0_cough.wav,cough
vocalsound/audio_16k/m3022_0_cough.wav,cough
vocalsound/audio_16k/f2185_0_cough.wav,cough
vocalsound/audio_16k/m2311_0_cough.wav,cough
vocalsound/audio_16k/m1673_0_cough.wav,cough
vocalsound/audio_16k/m3025_0_cough.wav,cough
vocalsound/audio_16k/m2345_0_cough.wav,cough
vocalsound/audio_16k/m0655_0_cough.wav,cough
vocalsound/audio_16k/f1219_0_cough.wav,cough
vocalsound/audio_16k/m0386_0_cough.wav,cough
vocalsound/audio_16k/m1036_0_cough.wav,cough
vocalsound/audio_16k/m1833_0_cough.wav,cough
vocalsound/audio_16k/f2946_0_cough.wav,cough
vocalsound/audio_16k/f2814_0_cough.wav,cough
vocalsound/audio_16k/m1695_0_cough.wav,cough
vocalsound/audio_16k/m2642_0_cough.wav,cough
vocalsound/audio_16k/f3239_0_cough.wav,cough
vocalsound/audio_16k/m2294_0_cough.wav,cough
vocalsound/audio_16k/f2705_0_cough.wav,cough
vocalsound/audio_16k/f1509_0_cough.wav,cough
vocalsound/audio_16k/f1943_1_cough.wav,cough
vocalsound/audio_16k/m1326_0_cough.wav,cough
vocalsound/audio_16k/m2190_0_cough.wav,cough
vocalsound/audio_16k/m1667_0_cough.wav,cough
vocalsound/audio_16k/m0126_0_cough.wav,cough
vocalsound/audio_16k/f0348_0_cough.wav,cough
vocalsound/audio_16k/f2672_0_cough.wav,cough
vocalsound/audio_16k/m2871_0_cough.wav,cough
vocalsound/audio_16k/f3277_0_cough.wav,cough
vocalsound/audio_16k/f3328_0_cough.wav,cough
vocalsound/audio_16k/f1245_0_cough.wav,cough
vocalsound/audio_16k/m0699_0_cough.wav,cough
vocalsound/audio_16k/f0287_0_cough.wav,cough
vocalsound/audio_16k/m1793_0_cough.wav,cough
vocalsound/audio_16k/m0762_0_cough.wav,cough
vocalsound/audio_16k/f2806_0_cough.wav,cough
vocalsound/audio_16k/m1823_0_cough.wav,cough
vocalsound/audio_16k/m0342_0_cough.wav,cough
vocalsound/audio_16k/f0797_0_cough.wav,cough
vocalsound/audio_16k/m0940_0_cough.wav,cough
vocalsound/audio_16k/m0470_0_cough.wav,cough
vocalsound/audio_16k/f0077_0_cough.wav,cough
vocalsound/audio_16k/f1176_0_cough.wav,cough
vocalsound/audio_16k/m0120_0_cough.wav,cough
vocalsound/audio_16k/f1259_0_cough.wav,cough
vocalsound/audio_16k/f0607_1_cough.wav,cough
vocalsound/audio_16k/m0552_0_cough.wav,cough
vocalsound/audio_16k/m3281_0_cough.wav,cough
vocalsound/audio_16k/f2890_0_cough.wav,cough
vocalsound/audio_16k/m0040_0_cough.wav,cough
vocalsound/audio_16k/m3250_0_cough.wav,cough
vocalsound/audio_16k/f2772_0_cough.wav,cough
vocalsound/audio_16k/m0997_0_cough.wav,cough
vocalsound/audio_16k/m3234_0_cough.wav,cough
vocalsound/audio_16k/f2662_0_cough.wav,cough
vocalsound/audio_16k/m0641_0_cough.wav,cough
vocalsound/audio_16k/m1053_0_cough.wav,cough
vocalsound/audio_16k/m2550_0_cough.wav,cough
vocalsound/audio_16k/m2733_1_cough.wav,cough
vocalsound/audio_16k/f1909_0_cough.wav,cough
vocalsound/audio_16k/f2373_0_cough.wav,cough
vocalsound/audio_16k/m1819_0_cough.wav,cough
vocalsound/audio_16k/f0734_0_cough.wav,cough
vocalsound/audio_16k/m0283_0_cough.wav,cough
vocalsound/audio_16k/m2844_0_cough.wav,cough
vocalsound/audio_16k/m2429_0_cough.wav,cough
vocalsound/audio_16k/m0362_0_cough.wav,cough
vocalsound/audio_16k/m2803_0_cough.wav,cough
vocalsound/audio_16k/m2621_0_cough.wav,cough
vocalsound/audio_16k/m1489_0_cough.wav,cough
vocalsound/audio_16k/f0375_0_cough.wav,cough
vocalsound/audio_16k/m3177_0_cough.wav,cough
vocalsound/audio_16k/m3172_0_cough.wav,cough
vocalsound/audio_16k/f2438_0_cough.wav,cough
vocalsound/audio_16k/f3070_0_cough.wav,cough
vocalsound/audio_16k/f3219_0_cough.wav,cough
vocalsound/audio_16k/m0261_0_cough.wav,cough
vocalsound/audio_16k/f1194_0_cough.wav,cough
vocalsound/audio_16k/m2978_0_cough.wav,cough
vocalsound/audio_16k/m2242_0_cough.wav,cough
vocalsound/audio_16k/m0132_0_cough.wav,cough
vocalsound/audio_16k/f1435_0_cough.wav,cough
vocalsound/audio_16k/f1353_0_cough.wav,cough
vocalsound/audio_16k/m1574_0_cough.wav,cough
vocalsound/audio_16k/f0632_0_cough.wav,cough
vocalsound/audio_16k/m2511_0_cough.wav,cough
vocalsound/audio_16k/m2990_0_cough.wav,cough
vocalsound/audio_16k/m0717_0_cough.wav,cough
vocalsound/audio_16k/f1161_0_cough.wav,cough
vocalsound/audio_16k/f1883_0_cough.wav,cough
vocalsound/audio_16k/m0497_0_cough.wav,cough
vocalsound/audio_16k/f2054_0_cough.wav,cough
vocalsound/audio_16k/m0487_0_cough.wav,cough
vocalsound/audio_16k/f2063_0_cough.wav,cough
vocalsound/audio_16k/m2681_0_cough.wav,cough
vocalsound/audio_16k/m0527_0_cough.wav,cough
vocalsound/audio_16k/f2374_0_cough.wav,cough
vocalsound/audio_16k/m1093_0_cough.wav,cough
vocalsound/audio_16k/m3051_0_cough.wav,cough
vocalsound/audio_16k/f0605_0_cough.wav,cough
vocalsound/audio_16k/m2338_0_cough.wav,cough
vocalsound/audio_16k/m2440_0_cough.wav,cough
vocalsound/audio_16k/f2486_0_cough.wav,cough
vocalsound/audio_16k/m0214_0_cough.wav,cough
vocalsound/audio_16k/f2019_0_cough.wav,cough
vocalsound/audio_16k/m2283_0_cough.wav,cough
vocalsound/audio_16k/f2524_1_cough.wav,cough
vocalsound/audio_16k/m2907_0_cough.wav,cough
vocalsound/audio_16k/f3312_0_cough.wav,cough
vocalsound/audio_16k/m0601_1_cough.wav,cough
vocalsound/audio_16k/m2271_0_cough.wav,cough
vocalsound/audio_16k/f1935_0_cough.wav,cough
vocalsound/audio_16k/f3280_0_cough.wav,cough
vocalsound/audio_16k/m3290_0_cough.wav,cough
vocalsound/audio_16k/m2381_0_cough.wav,cough
vocalsound/audio_16k/f2451_0_cough.wav,cough
vocalsound/audio_16k/f0140_0_cough.wav,cough
vocalsound/audio_16k/m2691_0_cough.wav,cough
vocalsound/audio_16k/m2212_0_cough.wav,cough
ESC-50/audio/5-184871-A-24.wav,cough
vocalsound/audio_16k/f0396_0_cough.wav,cough
vocalsound/audio_16k/m0712_0_cough.wav,cough
vocalsound/audio_16k/f2356_0_cough.wav,cough
vocalsound/audio_16k/m2917_0_cough.wav,cough
vocalsound/audio_16k/f3024_0_cough.wav,cough
vocalsound/audio_16k/f1772_0_cough.wav,cough
vocalsound/audio_16k/m2428_0_cough.wav,cough
vocalsound/audio_16k/f2023_0_cough.wav,cough
vocalsound/audio_16k/f1116_0_cough.wav,cough
vocalsound/audio_16k/m2865_0_cough.wav,cough
vocalsound/audio_16k/f0304_0_cough.wav,cough
vocalsound/audio_16k/f2598_0_cough.wav,cough
vocalsound/audio_16k/m0344_0_cough.wav,cough
vocalsound/audio_16k/f0255_0_cough.wav,cough
vocalsound/audio_16k/m3226_0_cough.wav,cough
vocalsound/audio_16k/f1077_0_cough.wav,cough
vocalsound/audio_16k/f0732_0_cough.wav,cough
vocalsound/audio_16k/f2450_0_cough.wav,cough
vocalsound/audio_16k/m2082_0_cough.wav,cough
vocalsound/audio_16k/m1460_0_cough.wav,cough
vocalsound/audio_16k/f1397_0_cough.wav,cough
vocalsound/audio_16k/f1628_0_cough.wav,cough
vocalsound/audio_16k/m2879_0_cough.wav,cough
vocalsound/audio_16k/m2072_0_cough.wav,cough
vocalsound/audio_16k/f3131_0_cough.wav,cough
vocalsound/audio_16k/m3140_0_cough.wav,cough
vocalsound/audio_16k/m0760_0_cough.wav,cough
vocalsound/audio_16k/f2245_0_cough.wav,cough
vocalsound/audio_16k/f1315_0_cough.wav,cough
vocalsound/audio_16k/f2086_0_cough.wav,cough
vocalsound/audio_16k/m0595_1_cough.wav,cough
vocalsound/audio_16k/m1404_0_cough.wav,cough
vocalsound/audio_16k/f2893_0_cough.wav,cough
vocalsound/audio_16k/f0928_0_cough.wav,cough
vocalsound/audio_16k/m0542_0_cough.wav,cough
vocalsound/audio_16k/m2555_0_cough.wav,cough
vocalsound/audio_16k/f1148_0_cough.wav,cough
vocalsound/audio_16k/m1736_0_cough.wav,cough
vocalsound/audio_16k/m0038_0_cough.wav,cough
vocalsound/audio_16k/m1542_0_cough.wav,cough
vocalsound/audio_16k/m3270_0_cough.wav,cough
vocalsound/audio_16k/m0023_0_cough.wav,cough
vocalsound/audio_16k/m1812_0_cough.wav,cough
vocalsound/audio_16k/m1664_0_cough.wav,cough
vocalsound/audio_16k/m1019_0_cough.wav,cough
vocalsound/audio_16k/f1003_0_cough.wav,cough
vocalsound/audio_16k/m1537_0_cough.wav,cough
vocalsound/audio_16k/f3156_0_cough.wav,cough
vocalsound/audio_16k/f2127_0_cough.wav,cough
vocalsound/audio_16k/f3276_0_cough.wav,cough
vocalsound/audio_16k/f3185_0_cough.wav,cough
vocalsound/audio_16k/f0872_0_cough.wav,cough
vocalsound/audio_16k/f1902_0_cough.wav,cough
vocalsound/audio_16k/m0560_2_cough.wav,cough
vocalsound/audio_16k/o2139_0_cough.wav,cough
vocalsound/audio_16k/f2770_0_cough.wav,cough
vocalsound/audio_16k/f1796_0_cough.wav,cough
vocalsound/audio_16k/f0523_0_cough.wav,cough
vocalsound/audio_16k/m0520_0_cough.wav,cough
vocalsound/audio_16k/m1193_0_cough.wav,cough
vocalsound/audio_16k/m1556_0_cough.wav,cough
vocalsound/audio_16k/f0944_0_cough.wav,cough
vocalsound/audio_16k/f1142_0_cough.wav,cough
vocalsound/audio_16k/f0369_0_cough.wav,cough
vocalsound/audio_16k/f0290_0_cough.wav,cough
vocalsound/audio_16k/f2548_0_cough.wav,cough
vocalsound/audio_16k/m0677_0_cough.wav,cough
vocalsound/audio_16k/f0938_0_cough.wav,cough
vocalsound/audio_16k/f0779_0_cough.wav,cough
vocalsound/audio_16k/m2877_0_cough.wav,cough
vocalsound/audio_16k/m1025_0_cough.wav,cough
vocalsound/audio_16k/m2099_0_cough.wav,cough
vocalsound/audio_16k/f3346_0_cough.wav,cough
vocalsound/audio_16k/m2981_0_cough.wav,cough
vocalsound/audio_16k/f3183_0_cough.wav,cough
vocalsound/audio_16k/m2149_0_cough.wav,cough
vocalsound/audio_16k/m1347_1_cough.wav,cough
vocalsound/audio_16k/m1432_0_cough.wav,cough
vocalsound/audio_16k/f0791_0_cough.wav,cough
vocalsound/audio_16k/m0654_0_cough.wav,cough
vocalsound/audio_16k/m1478_0_cough.wav,cough
vocalsound/audio_16k/m2936_0_cough.wav,cough
vocalsound/audio_16k/f0253_0_cough.wav,cough
vocalsound/audio_16k/m1992_0_cough.wav,cough
vocalsound/audio_16k/f1752_0_cough.wav,cough
vocalsound/audio_16k/m0361_0_cough.wav,cough
vocalsound/audio_16k/m0366_0_cough.wav,cough
vocalsound/audio_16k/f1930_0_cough.wav,cough
vocalsound/audio_16k/f3105_0_cough.wav,cough
vocalsound/audio_16k/m1712_0_cough.wav,cough
vocalsound/audio_16k/f3147_0_cough.wav,cough
vocalsound/audio_16k/f3075_0_cough.wav,cough
vocalsound/audio_16k/m2843_0_cough.wav,cough
vocalsound/audio_16k/m0042_0_cough.wav,cough
vocalsound/audio_16k/f2275_0_cough.wav,cough
vocalsound/audio_16k/m2763_0_cough.wav,cough
vocalsound/audio_16k/f0992_0_cough.wav,cough
vocalsound/audio_16k/m1079_0_cough.wav,cough
vocalsound/audio_16k/f0739_0_cough.wav,cough
vocalsound/audio_16k/m1928_0_cough.wav,cough
vocalsound/audio_16k/f0134_0_cough.wav,cough
vocalsound/audio_16k/m2813_0_cough.wav,cough
vocalsound/audio_16k/m2572_0_cough.wav,cough
vocalsound/audio_16k/f1959_0_cough.wav,cough
vocalsound/audio_16k/m2975_0_cough.wav,cough
vocalsound/audio_16k/f1656_0_cough.wav,cough
vocalsound/audio_16k/m2067_0_cough.wav,cough
vocalsound/audio_16k/f1668_0_cough.wav,cough
vocalsound/audio_16k/f1741_0_cough.wav,cough
vocalsound/audio_16k/f1890_0_cough.wav,cough
vocalsound/audio_16k/m1336_0_cough.wav,cough
vocalsound/audio_16k/m2640_0_cough.wav,cough
ESC-50/audio/2-87412-A-24.wav,cough
vocalsound/audio_16k/m2220_0_cough.wav,cough
vocalsound/audio_16k/m1446_0_cough.wav,cough
vocalsound/audio_16k/f1068_0_cough.wav,cough
vocalsound/audio_16k/m2768_1_cough.wav,cough
vocalsound/audio_16k/f1388_0_cough.wav,cough
vocalsound/audio_16k/f0891_0_cough.wav,cough
vocalsound/audio_16k/m1589_0_cough.wav,cough
vocalsound/audio_16k/f1078_0_cough.wav,cough
vocalsound/audio_16k/m2809_0_cough.wav,cough
vocalsound/audio_16k/f3069_0_cough.wav,cough
vocalsound/audio_16k/m2888_0_cough.wav,cough
vocalsound/audio_16k/f2728_0_cough.wav,cough
vocalsound/audio_16k/f0081_0_cough.wav,cough
vocalsound/audio_16k/f1387_0_cough.wav,cough
vocalsound/audio_16k/m2656_0_cough.wav,cough
vocalsound/audio_16k/f0423_0_cough.wav,cough
vocalsound/audio_16k/f1031_0_cough.wav,cough
vocalsound/audio_16k/m0189_0_cough.wav,cough
vocalsound/audio_16k/f0922_0_cough.wav,cough
vocalsound/audio_16k/m3096_0_cough.wav,cough
vocalsound/audio_16k/m1901_0_cough.wav,cough
vocalsound/audio_16k/m0399_0_cough.wav,cough
vocalsound/audio_16k/m3121_0_cough.wav,cough
vocalsound/audio_16k/m0847_0_cough.wav,cough
vocalsound/audio_16k/f0887_0_cough.wav,cough
vocalsound/audio_16k/m0429_0_cough.wav,cough
vocalsound/audio_16k/m0770_0_cough.wav,cough
vocalsound/audio_16k/m1889_0_cough.wav,cough
vocalsound/audio_16k/m3279_0_cough.wav,cough
vocalsound/audio_16k/m2219_0_cough.wav,cough
vocalsound/audio_16k/m2111_0_cough.wav,cough
vocalsound/audio_16k/m0479_0_cough.wav,cough
vocalsound/audio_16k/m2062_0_cough.wav,cough
vocalsound/audio_16k/m3173_0_cough.wav,cough
vocalsound/audio_16k/m0582_5_cough.wav,cough
vocalsound/audio_16k/m0063_0_cough.wav,cough
vocalsound/audio_16k/m0230_0_cough.wav,cough
vocalsound/audio_16k/m2021_0_cough.wav,cough
vocalsound/audio_16k/m0659_0_cough.wav,cough
vocalsound/audio_16k/m1012_0_cough.wav,cough
vocalsound/audio_16k/f0604_0_cough.wav,cough
vocalsound/audio_16k/m2197_0_cough.wav,cough
vocalsound/audio_16k/m2340_0_cough.wav,cough
vocalsound/audio_16k/f1217_0_cough.wav,cough
vocalsound/audio_16k/f0567_0_cough.wav,cough
vocalsound/audio_16k/f1027_0_cough.wav,cough
vocalsound/audio_16k/o1900_0_cough.wav,cough
vocalsound/audio_16k/m1936_0_cough.wav,cough
vocalsound/audio_16k/m1071_0_cough.wav,cough
vocalsound/audio_16k/f2449_0_cough.wav,cough
vocalsound/audio_16k/m2276_0_cough.wav,cough
vocalsound/audio_16k/m2583_0_cough.wav,cough
vocalsound/audio_16k/m0257_0_cough.wav,cough
vocalsound/audio_16k/m1005_0_cough.wav,cough
vocalsound/audio_16k/m2884_0_cough.wav,cough
vocalsound/audio_16k/f1734_0_cough.wav,cough
vocalsound/audio_16k/m0256_0_cough.wav,cough
vocalsound/audio_16k/m2930_0_cough.wav,cough
vocalsound/audio_16k/f1854_0_cough.wav,cough
vocalsound/audio_16k/m0142_0_cough.wav,cough
vocalsound/audio_16k/f2895_0_cough.wav,cough
vocalsound/audio_16k/m3230_0_cough.wav,cough
vocalsound/audio_16k/m0046_0_cough.wav,cough
vocalsound/audio_16k/m2167_0_cough.wav,cough
vocalsound/audio_16k/f0757_0_cough.wav,cough
vocalsound/audio_16k/f2625_0_cough.wav,cough
vocalsound/audio_16k/m0233_0_cough.wav,cough
vocalsound/audio_16k/m0844_0_cough.wav,cough
vocalsound/audio_16k/f2060_0_cough.wav,cough
vocalsound/audio_16k/f3215_0_cough.wav,cough
vocalsound/audio_16k/m2189_0_cough.wav,cough
vocalsound/audio_16k/m0566_0_cough.wav,cough
vocalsound/audio_16k/f0570_0_cough.wav,cough
vocalsound/audio_16k/m1563_0_cough.wav,cough
vocalsound/audio_16k/f0685_0_cough.wav,cough
vocalsound/audio_16k/m1477_0_cough.wav,cough
vocalsound/audio_16k/m0265_0_cough.wav,cough
vocalsound/audio_16k/f0775_0_cough.wav,cough
vocalsound/audio_16k/f3195_0_cough.wav,cough
vocalsound/audio_16k/m0954_0_cough.wav,cough
vocalsound/audio_16k/f0492_0_cough.wav,cough
vocalsound/audio_16k/m1550_0_cough.wav,cough
vocalsound/audio_16k/m2977_0_cough.wav,cough
vocalsound/audio_16k/m1383_0_cough.wav,cough
vocalsound/audio_16k/o2005_0_cough.wav,cough
vocalsound/audio_16k/m2778_0_cough.wav,cough
vocalsound/audio_16k/m1776_0_cough.wav,cough
vocalsound/audio_16k/m1212_0_cough.wav,cough
vocalsound/audio_16k/f2624_0_cough.wav,cough
vocalsound/audio_16k/m2152_0_cough.wav,cough
vocalsound/audio_16k/m2616_0_cough.wav,cough
vocalsound/audio_16k/f1715_0_cough.wav,cough
vocalsound/audio_16k/o0331_0_cough.wav,cough
vocalsound/audio_16k/m0596_0_cough.wav,cough
vocalsound/audio_16k/m2069_0_cough.wav,cough
vocalsound/audio_16k/m1067_0_cough.wav,cough
vocalsound/audio_16k/f3000_0_cough.wav,cough
vocalsound/audio_16k/f3149_0_cough.wav,cough
vocalsound/audio_16k/m1642_0_cough.wav,cough
vocalsound/audio_16k/m2479_0_cough.wav,cough
vocalsound/audio_16k/f1840_0_cough.wav,cough
vocalsound/audio_16k/m0249_0_cough.wav,cough
vocalsound/audio_16k/f0190_0_cough.wav,cough
vocalsound/audio_16k/f2186_0_cough.wav,cough
vocalsound/audio_16k/m1277_0_cough.wav,cough
vocalsound/audio_16k/f1437_0_cough.wav,cough
vocalsound/audio_16k/m1461_0_cough.wav,cough
vocalsound/audio_16k/m1795_0_cough.wav,cough
vocalsound/audio_16k/f2899_0_cough.wav,cough
vocalsound/audio_16k/f3003_0_cough.wav,cough
ESC-50/audio/4-154443-A-24.wav,cough
vocalsound/audio_16k/m1567_0_cough.wav,cough
vocalsound/audio_16k/m1229_0_cough.wav,cough
vocalsound/audio_16k/m1766_0_cough.wav,cough
vocalsound/audio_16k/m1436_0_cough.wav,cough
vocalsound/audio_16k/f1155_0_cough.wav,cough
vocalsound/audio_16k/f0229_0_cough.wav,cough
vocalsound/audio_16k/m0983_0_cough.wav,cough
vocalsound/audio_16k/f3198_0_cough.wav,cough
vocalsound/audio_16k/m0935_0_cough.wav,cough
vocalsound/audio_16k/f0860_0_cough.wav,cough
vocalsound/audio_16k/f1507_0_cough.wav,cough
vocalsound/audio_16k/f1691_0_cough.wav,cough
vocalsound/audio_16k/f1846_0_cough.wav,cough
vocalsound/audio_16k/f1360_0_cough.wav,cough
vocalsound/audio_16k/m2983_0_cough.wav,cough
vocalsound/audio_16k/f1473_0_cough.wav,cough
vocalsound/audio_16k/f1268_0_cough.wav,cough
vocalsound/audio_16k/f3090_0_cough.wav,cough
vocalsound/audio_16k/f1305_0_cough.wav,cough
vocalsound/audio_16k/f3344_0_cough.wav,cough
vocalsound/audio_16k/m0559_0_cough.wav,cough
vocalsound/audio_16k/m2318_0_cough.wav,cough
vocalsound/audio_16k/f2478_0_cough.wav,cough
vocalsound/audio_16k/f0333_0_cough.wav,cough
vocalsound/audio_16k/m2559_0_cough.wav,cough
vocalsound/audio_16k/m0768_0_cough.wav,cough
vocalsound/audio_16k/f0624_0_cough.wav,cough
vocalsound/audio_16k/m0719_0_cough.wav,cough
vocalsound/audio_16k/m1402_0_cough.wav,cough
vocalsound/audio_16k/m3266_0_cough.wav,cough
vocalsound/audio_16k/m2514_0_cough.wav,cough
vocalsound/audio_16k/f2866_0_cough.wav,cough
vocalsound/audio_16k/f0315_0_cough.wav,cough
vocalsound/audio_16k/f1111_0_cough.wav,cough
vocalsound/audio_16k/m1967_0_cough.wav,cough
vocalsound/audio_16k/m2177_0_cough.wav,cough
vocalsound/audio_16k/m0981_0_cough.wav,cough
vocalsound/audio_16k/m2397_0_cough.wav,cough
vocalsound/audio_16k/f2542_0_cough.wav,cough
vocalsound/audio_16k/f1790_0_cough.wav,cough
vocalsound/audio_16k/m0965_1_cough.wav,cough
vocalsound/audio_16k/m1439_0_cough.wav,cough
vocalsound/audio_16k/f0862_0_cough.wav,cough
vocalsound/audio_16k/f3240_0_cough.wav,cough
vocalsound/audio_16k/m2041_0_cough.wav,cough
vocalsound/audio_16k/f0463_0_cough.wav,cough
vocalsound/audio_16k/f1376_0_cough.wav,cough
vocalsound/audio_16k/m0861_0_cough.wav,cough
vocalsound/audio_16k/f0451_0_cough.wav,cough
vocalsound/audio_16k/f1154_0_cough.wav,cough
vocalsound/audio_16k/m0849_0_cough.wav,cough
vocalsound/audio_16k/m2840_0_cough.wav,cough
vocalsound/audio_16k/f2459_0_cough.wav,cough
vocalsound/audio_16k/m1887_0_cough.wav,cough
vocalsound/audio_16k/f2155_0_cough.wav,cough
vocalsound/audio_16k/m2002_0_cough.wav,cough
vocalsound/audio_16k/f1256_0_cough.wav,cough
vocalsound/audio_16k/f0151_0_cough.wav,cough
vocalsound/audio_16k/f0892_0_cough.wav,cough
vocalsound/audio_16k/f1604_1_cough.wav,cough
vocalsound/audio_16k/f2497_0_cough.wav,cough
vocalsound/audio_16k/f0201_0_cough.wav,cough
ESC-50/audio/2-98676-A-24.wav,cough
vocalsound/audio_16k/m3295_0_cough.wav,cough
vocalsound/audio_16k/m2554_0_cough.wav,cough
vocalsound/audio_16k/m2875_0_cough.wav,cough
vocalsound/audio_16k/m2864_0_cough.wav,cough
vocalsound/audio_16k/m1580_0_cough.wav,cough
vocalsound/audio_16k/m0966_0_cough.wav,cough
vocalsound/audio_16k/f3286_0_cough.wav,cough
vocalsound/audio_16k/f1047_0_cough.wav,cough
vocalsound/audio_16k/m0955_0_cough.wav,cough
vocalsound/audio_16k/f1313_0_cough.wav,cough
vocalsound/audio_16k/m3318_0_cough.wav,cough
vocalsound/audio_16k/m0626_0_cough.wav,cough
vocalsound/audio_16k/m2838_0_cough.wav,cough
vocalsound/audio_16k/m2935_0_cough.wav,cough
vocalsound/audio_16k/m3302_0_cough.wav,cough
vocalsound/audio_16k/f0706_0_cough.wav,cough
vocalsound/audio_16k/f0546_0_cough.wav,cough
vocalsound/audio_16k/m2626_0_cough.wav,cough
vocalsound/audio_16k/f2179_0_cough.wav,cough
vocalsound/audio_16k/m1861_0_cough.wav,cough
vocalsound/audio_16k/m2230_0_cough.wav,cough
vocalsound/audio_16k/m2566_0_cough.wav,cough
vocalsound/audio_16k/f2299_0_cough.wav,cough
vocalsound/audio_16k/m0162_0_cough.wav,cough
vocalsound/audio_16k/f2835_0_cough.wav,cough
vocalsound/audio_16k/m0071_0_cough.wav,cough
vocalsound/audio_16k/m2517_0_cough.wav,cough
vocalsound/audio_16k/m1324_0_cough.wav,cough
vocalsound/audio_16k/f1612_0_cough.wav,cough
vocalsound/audio_16k/m1258_0_cough.wav,cough
vocalsound/audio_16k/m1033_0_cough.wav,cough
vocalsound/audio_16k/m2921_0_cough.wav,cough
vocalsound/audio_16k/f1764_0_cough.wav,cough
vocalsound/audio_16k/m1215_0_cough.wav,cough
vocalsound/audio_16k/f1866_0_cough.wav,cough
vocalsound/audio_16k/m0494_0_cough.wav,cough
vocalsound/audio_16k/f0298_0_cough.wav,cough
vocalsound/audio_16k/m2863_0_cough.wav,cough
vocalsound/audio_16k/m1693_0_cough.wav,cough
vocalsound/audio_16k/m1497_0_cough.wav,cough
vocalsound/audio_16k/f1727_0_cough.wav,cough
vocalsound/audio_16k/f2360_0_cough.wav,cough
vocalsound/audio_16k/f1640_0_cough.wav,cough
vocalsound/audio_16k/m1963_1_cough.wav,cough
vocalsound/audio_16k/f2686_0_cough.wav,cough
vocalsound/audio_16k/f1685_0_cough.wav,cough
vocalsound/audio_16k/m0608_0_cough.wav,cough
vocalsound/audio_16k/f0465_0_cough.wav,cough
vocalsound/audio_16k/f1643_0_cough.wav,cough
vocalsound/audio_16k/f0007_0_cough.wav,cough
vocalsound/audio_16k/m2518_0_cough.wav,cough
vocalsound/audio_16k/f0689_0_cough.wav,cough
vocalsound/audio_16k/m0745_0_cough.wav,cough
vocalsound/audio_16k/m2689_1_cough.wav,cough
vocalsound/audio_16k/m1906_0_cough.wav,cough
vocalsound/audio_16k/m0846_0_cough.wav,cough
vocalsound/audio_16k/f2944_0_cough.wav,cough
vocalsound/audio_16k/m1973_0_cough.wav,cough
vocalsound/audio_16k/f1441_0_cough.wav,cough
vocalsound/audio_16k/m2575_0_cough.wav,cough
vocalsound/audio_16k/f1765_0_cough.wav,cough
vocalsound/audio_16k/m3100_0_cough.wav,cough
vocalsound/audio_16k/f0433_0_cough.wav,cough
vocalsound/audio_16k/f0990_0_cough.wav,cough
vocalsound/audio_16k/m2045_0_cough.wav,cough
vocalsound/audio_16k/f2448_0_cough.wav,cough
vocalsound/audio_16k/f1621_0_cough.wav,cough
vocalsound/audio_16k/m1072_0_cough.wav,cough
vocalsound/audio_16k/m1876_0_cough.wav,cough
vocalsound/audio_16k/m2364_0_cough.wav,cough
vocalsound/audio_16k/m0300_0_cough.wav,cough
vocalsound/audio_16k/f1264_0_cough.wav,cough
vocalsound/audio_16k/f3196_0_cough.wav,cough
vocalsound/audio_16k/m2325_0_cough.wav,cough
vocalsound/audio_16k/f0899_0_cough.wav,cough
vocalsound/audio_16k/f1331_0_cough.wav,cough
vocalsound/audio_16k/m2590_0_cough.wav,cough
vocalsound/audio_16k/f0678_0_cough.wav,cough
vocalsound/audio_16k/m2447_0_cough.wav,cough
vocalsound/audio_16k/m1218_0_cough.wav,cough
vocalsound/audio_16k/f2661_0_cough.wav,cough
vocalsound/audio_16k/m0881_0_cough.wav,cough
vocalsound/audio_16k/m0726_0_cough.wav,cough
vocalsound/audio_16k/m0836_0_cough.wav,cough
vocalsound/audio_16k/m2919_0_cough.wav,cough
vocalsound/audio_16k/m0434_0_cough.wav,cough
vocalsound/audio_16k/f3343_0_cough.wav,cough
vocalsound/audio_16k/f1390_0_cough.wav,cough
vocalsound/audio_16k/m1448_0_cough.wav,cough
vocalsound/audio_16k/f3111_0_cough.wav,cough
vocalsound/audio_16k/m0113_0_cough.wav,cough
vocalsound/audio_16k/f2712_0_cough.wav,cough
vocalsound/audio_16k/m2178_0_cough.wav,cough
vocalsound/audio_16k/m3338_0_cough.wav,cough
vocalsound/audio_16k/f0962_0_cough.wav,cough
vocalsound/audio_16k/m0801_0_cough.wav,cough
vocalsound/audio_16k/f0597_3_cough.wav,cough
vocalsound/audio_16k/f1048_0_cough.wav,cough
vocalsound/audio_16k/f0789_0_cough.wav,cough
vocalsound/audio_16k/f0698_0_cough.wav,cough
vocalsound/audio_16k/f2516_0_cough.wav,cough
vocalsound/audio_16k/f0616_0_cough.wav,cough
vocalsound/audio_16k/m1330_0_cough.wav,cough
vocalsound/audio_16k/m3194_0_cough.wav,cough
vocalsound/audio_16k/f2769_0_cough.wav,cough
vocalsound/audio_16k/f0292_0_cough.wav,cough
vocalsound/audio_16k/f0711_0_cough.wav,cough
vocalsound/audio_16k/f3329_0_cough.wav,cough
vocalsound/audio_16k/m2696_0_cough.wav,cough
vocalsound/audio_16k/f1984_0_cough.wav,cough
vocalsound/audio_16k/f1882_0_cough.wav,cough
vocalsound/audio_16k/m0695_0_cough.wav,cough
vocalsound/audio_16k/m2600_0_cough.wav,cough
vocalsound/audio_16k/m1227_0_cough.wav,cough
vocalsound/audio_16k/f2388_0_cough.wav,cough
vocalsound/audio_16k/f1816_0_cough.wav,cough
vocalsound/audio_16k/m2068_0_cough.wav,cough
vocalsound/audio_16k/m0345_0_cough.wav,cough
vocalsound/audio_16k/f2324_0_cough.wav,cough
vocalsound/audio_16k/f2700_0_cough.wav,cough
vocalsound/audio_16k/f2668_0_cough.wav,cough
vocalsound/audio_16k/m0798_0_cough.wav,cough
vocalsound/audio_16k/m2567_0_cough.wav,cough
vocalsound/audio_16k/m1595_0_cough.wav,cough
vocalsound/audio_16k/m2437_0_cough.wav,cough
vocalsound/audio_16k/m3133_0_cough.wav,cough
vocalsound/audio_16k/f0610_0_cough.wav,cough
vocalsound/audio_16k/f1777_0_cough.wav,cough
vocalsound/audio_16k/f0269_0_cough.wav,cough
vocalsound/audio_16k/m2204_0_cough.wav,cough
vocalsound/audio_16k/m1593_0_cough.wav,cough
vocalsound/audio_16k/f2650_0_cough.wav,cough
vocalsound/audio_16k/f1242_0_cough.wav,cough
vocalsound/audio_16k/m0996_0_cough.wav,cough
vocalsound/audio_16k/f1119_0_cough.wav,cough
vocalsound/audio_16k/m2256_0_cough.wav,cough
vocalsound/audio_16k/f0206_0_cough.wav,cough
vocalsound/audio_16k/m3212_0_cough.wav,cough
vocalsound/audio_16k/f2049_0_cough.wav,cough
vocalsound/audio_16k/m1365_0_cough.wav,cough
vocalsound/audio_16k/m1613_0_cough.wav,cough
vocalsound/audio_16k/f1871_0_cough.wav,cough
vocalsound/audio_16k/f1839_0_cough.wav,cough
vocalsound/audio_16k/f0112_0_cough.wav,cough
vocalsound/audio_16k/f0208_0_cough.wav,cough
vocalsound/audio_16k/m1780_0_cough.wav,cough
vocalsound/audio_16k/m0562_0_cough.wav,cough
vocalsound/audio_16k/f1163_0_cough.wav,cough
vocalsound/audio_16k/f0295_0_cough.wav,cough
vocalsound/audio_16k/m1594_0_cough.wav,cough
vocalsound/audio_16k/m0462_0_cough.wav,cough
vocalsound/audio_16k/m2561_0_cough.wav,cough
vocalsound/audio_16k/f0368_0_cough.wav,cough
vocalsound/audio_16k/m1626_0_cough.wav,cough
vocalsound/audio_16k/f2463_0_cough.wav,cough
vocalsound/audio_16k/f2043_0_cough.wav,cough
vocalsound/audio_16k/m3289_0_cough.wav,cough
vocalsound/audio_16k/m2191_0_cough.wav,cough
vocalsound/audio_16k/f2399_0_cough.wav,cough
vocalsound/audio_16k/m0956_0_cough.wav,cough
vocalsound/audio_16k/m1179_0_cough.wav,cough
vocalsound/audio_16k/m2651_0_cough.wav,cough
vocalsound/audio_16k/m2343_0_cough.wav,cough
vocalsound/audio_16k/f1825_0_cough.wav,cough
vocalsound/audio_16k/m0082_0_cough.wav,cough
vocalsound/audio_16k/m2205_0_cough.wav,cough
vocalsound/audio_16k/f2745_0_cough.wav,cough
vocalsound/audio_16k/f0752_0_cough.wav,cough
vocalsound/audio_16k/m1551_0_cough.wav,cough
vocalsound/audio_16k/m3314_0_cough.wav,cough
vocalsound/audio_16k/m2017_0_cough.wav,cough
vocalsound/audio_16k/m2995_0_cough.wav,cough
vocalsound/audio_16k/m1102_0_cough.wav,cough
vocalsound/audio_16k/f0232_0_cough.wav,cough
vocalsound/audio_16k/f1826_0_cough.wav,cough
vocalsound/audio_16k/m2239_0_cough.wav,cough
vocalsound/audio_16k/m0084_0_cough.wav,cough
vocalsound/audio_16k/m0173_0_cough.wav,cough
vocalsound/audio_16k/f1372_0_cough.wav,cough
vocalsound/audio_16k/f3061_0_cough.wav,cough
vocalsound/audio_16k/f0332_0_cough.wav,cough
vocalsound/audio_16k/m3007_0_cough.wav,cough
vocalsound/audio_16k/f2716_0_cough.wav,cough
vocalsound/audio_16k/f0691_0_cough.wav,cough
vocalsound/audio_16k/m2415_0_cough.wav,cough
vocalsound/audio_16k/f1004_0_cough.wav,cough
vocalsound/audio_16k/f3035_0_cough.wav,cough
vocalsound/audio_16k/m2267_0_cough.wav,cough
vocalsound/audio_16k/m3180_0_cough.wav,cough
vocalsound/audio_16k/m1788_0_cough.wav,cough
vocalsound/audio_16k/f2118_0_cough.wav,cough
vocalsound/audio_16k/f2556_0_cough.wav,cough
vocalsound/audio_16k/f0637_0_cough.wav,cough
vocalsound/audio_16k/f1451_0_cough.wav,cough
vocalsound/audio_16k/f1492_0_cough.wav,cough
vocalsound/audio_16k/f1153_0_cough.wav,cough
vocalsound/audio_16k/f1560_0_cough.wav,cough
vocalsound/audio_16k/f1652_0_cough.wav,cough
vocalsound/audio_16k/f3336_0_cough.wav,cough
vocalsound/audio_16k/f1346_0_cough.wav,cough
vocalsound/audio_16k/f2898_0_cough.wav,cough
vocalsound/audio_16k/f2482_0_cough.wav,cough
vocalsound/audio_16k/m1367_0_cough.wav,cough
vocalsound/audio_16k/m2146_0_cough.wav,cough
vocalsound/audio_16k/m1841_0_cough.wav,cough
vocalsound/audio_16k/f2725_0_cough.wav,cough
vocalsound/audio_16k/f1335_0_cough.wav,cough
vocalsound/audio_16k/m1016_0_cough.wav,cough
vocalsound/audio_16k/f1319_0_cough.wav,cough
vocalsound/audio_16k/f0383_0_cough.wav,cough
vocalsound/audio_16k/m2636_0_cough.wav,cough
vocalsound/audio_16k/m0648_0_cough.wav,cough
vocalsound/audio_16k/m2485_0_cough.wav,cough
vocalsound/audio_16k/m1609_0_cough.wav,cough
vocalsound/audio_16k/m2931_0_cough.wav,cough
vocalsound/audio_16k/m0911_0_cough.wav,cough
vocalsound/audio_16k/m0223_0_cough.wav,cough
vocalsound/audio_16k/m2483_0_cough.wav,cough
vocalsound/audio_16k/f2520_0_cough.wav,cough
vocalsound/audio_16k/m1694_0_cough.wav,cough
vocalsound/audio_16k/m0539_0_cough.wav,cough
vocalsound/audio_16k/f0314_0_cough.wav,cough
vocalsound/audio_16k/f2414_0_cough.wav,cough
vocalsound/audio_16k/m1362_0_cough.wav,cough
vocalsound/audio_16k/f0591_0_cough.wav,cough
vocalsound/audio_16k/f1391_0_cough.wav,cough
vocalsound/audio_16k/m0428_0_cough.wav,cough
vocalsound/audio_16k/m1527_0_cough.wav,cough
vocalsound/audio_16k/f2988_0_cough.wav,cough
vocalsound/audio_16k/m2775_0_cough.wav,cough
vocalsound/audio_16k/f1588_0_cough.wav,cough
vocalsound/audio_16k/m0595_2_cough.wav,cough
vocalsound/audio_16k/f2466_0_cough.wav,cough
vocalsound/audio_16k/m3101_0_cough.wav,cough
vocalsound/audio_16k/m0702_0_cough.wav,cough
vocalsound/audio_16k/m2767_0_cough.wav,cough
vocalsound/audio_16k/m0589_1_cough.wav,cough
vocalsound/audio_16k/f1508_0_cough.wav,cough
vocalsound/audio_16k/f2703_0_cough.wav,cough
vocalsound/audio_16k/m0389_0_cough.wav,cough
vocalsound/audio_16k/f1314_0_cough.wav,cough
vocalsound/audio_16k/m0093_0_cough.wav,cough
vocalsound/audio_16k/f0532_0_cough.wav,cough
vocalsound/audio_16k/m2310_0_cough.wav,cough
vocalsound/audio_16k/f3008_0_cough.wav,cough
vocalsound/audio_16k/m2755_0_cough.wav,cough
vocalsound/audio_16k/m1416_0_cough.wav,cough
vocalsound/audio_16k/f2926_0_cough.wav,cough
vocalsound/audio_16k/m3041_0_cough.wav,cough
vocalsound/audio_16k/f0381_0_cough.wav,cough
vocalsound/audio_16k/m0347_0_cough.wav,cough
vocalsound/audio_16k/f2847_0_cough.wav,cough
vocalsound/audio_16k/m2955_0_cough.wav,cough
vocalsound/audio_16k/f2055_0_cough.wav,cough
vocalsound/audio_16k/m0560_3_cough.wav,cough
ESC-50/audio/5-209719-A-24.wav,cough
vocalsound/audio_16k/f1443_0_cough.wav,cough
vocalsound/audio_16k/m3132_0_cough.wav,cough
vocalsound/audio_16k/m1092_0_cough.wav,cough
vocalsound/audio_16k/m3110_0_cough.wav,cough
vocalsound/audio_16k/f1361_0_cough.wav,cough
vocalsound/audio_16k/f3298_0_cough.wav,cough
vocalsound/audio_16k/m2874_0_cough.wav,cough
vocalsound/audio_16k/f0773_0_cough.wav,cough
vocalsound/audio_16k/f0918_0_cough.wav,cough
vocalsound/audio_16k/m1493_0_cough.wav,cough
vocalsound/audio_16k/m2208_0_cough.wav,cough
vocalsound/audio_16k/m2498_0_cough.wav,cough
vocalsound/audio_16k/f1214_0_cough.wav,cough
vocalsound/audio_16k/m0021_0_cough.wav,cough
vocalsound/audio_16k/m0976_0_cough.wav,cough
vocalsound/audio_16k/m0430_0_cough.wav,cough
vocalsound/audio_16k/f3323_0_cough.wav,cough
vocalsound/audio_16k/m3193_0_cough.wav,cough
vocalsound/audio_16k/m0169_0_cough.wav,cough
vocalsound/audio_16k/m2549_0_cough.wav,cough
vocalsound/audio_16k/m1869_0_cough.wav,cough
vocalsound/audio_16k/m0425_0_cough.wav,cough
vocalsound/audio_16k/m0681_0_cough.wav,cough
vocalsound/audio_16k/f1340_0_cough.wav,cough
vocalsound/audio_16k/m0560_0_cough.wav,cough
vocalsound/audio_16k/m2020_0_cough.wav,cough
vocalsound/audio_16k/f0556_0_cough.wav,cough
vocalsound/audio_16k/m2151_0_cough.wav,cough
vocalsound/audio_16k/m0245_0_cough.wav,cough
vocalsound/audio_16k/f0619_0_cough.wav,cough
vocalsound/audio_16k/m1722_0_cough.wav,cough
vocalsound/audio_16k/m1296_0_cough.wav,cough
vocalsound/audio_16k/m0156_0_cough.wav,cough
vocalsound/audio_16k/f2958_0_cough.wav,cough
vocalsound/audio_16k/f3324_0_cough.wav,cough
vocalsound/audio_16k/m2253_0_cough.wav,cough
vocalsound/audio_16k/m1888_0_cough.wav,cough
vocalsound/audio_16k/f0671_0_cough.wav,cough
vocalsound/audio_16k/f3087_0_cough.wav,cough
vocalsound/audio_16k/m1576_0_cough.wav,cough
vocalsound/audio_16k/m3189_0_cough.wav,cough
vocalsound/audio_16k/f1657_0_cough.wav,cough
vocalsound/audio_16k/f1452_0_cough.wav,cough
vocalsound/audio_16k/f2886_0_cough.wav,cough
vocalsound/audio_16k/f3081_0_cough.wav,cough
vocalsound/audio_16k/f0968_0_cough.wav,cough
vocalsound/audio_16k/f1800_0_cough.wav,cough
vocalsound/audio_16k/m2402_0_cough.wav,cough
vocalsound/audio_16k/f1158_0_cough.wav,cough
vocalsound/audio_16k/f3231_0_cough.wav,cough
vocalsound/audio_16k/m0834_0_cough.wav,cough
vocalsound/audio_16k/m0009_0_cough.wav,cough
vocalsound/audio_16k/m0478_0_cough.wav,cough
vocalsound/audio_16k/f0950_0_cough.wav,cough
vocalsound/audio_16k/m1501_0_cough.wav,cough
vocalsound/audio_16k/o3362_0_cough.wav,cough
vocalsound/audio_16k/m1988_0_cough.wav,cough
vocalsound/audio_16k/m0148_0_cough.wav,cough
vocalsound/audio_16k/m0011_0_cough.wav,cough
vocalsound/audio_16k/m0446_0_cough.wav,cough
vocalsound/audio_16k/m0528_0_cough.wav,cough
vocalsound/audio_16k/f1465_0_cough.wav,cough
vocalsound/audio_16k/m2841_0_cough.wav,cough
vocalsound/audio_16k/m2780_0_cough.wav,cough
vocalsound/audio_16k/m2913_0_cough.wav,cough
vocalsound/audio_16k/m3207_0_cough.wav,cough
vocalsound/audio_16k/m2241_0_cough.wav,cough
vocalsound/audio_16k/f1149_0_cough.wav,cough
vocalsound/audio_16k/f3349_0_cough.wav,cough
vocalsound/audio_16k/m1914_0_cough.wav,cough
vocalsound/audio_16k/m1853_0_cough.wav,cough
vocalsound/audio_16k/f2156_0_cough.wav,cough
vocalsound/audio_16k/f1689_0_cough.wav,cough
vocalsound/audio_16k/f0650_0_cough.wav,cough
vocalsound/audio_16k/m1356_0_cough.wav,cough
vocalsound/audio_16k/m2006_0_cough.wav,cough
vocalsound/audio_16k/m1815_0_cough.wav,cough
vocalsound/audio_16k/m3316_0_cough.wav,cough
vocalsound/audio_16k/f1017_0_cough.wav,cough
vocalsound/audio_16k/f0182_0_cough.wav,cough
vocalsound/audio_16k/f2695_0_cough.wav,cough
vocalsound/audio_16k/m1905_0_cough.wav,cough
vocalsound/audio_16k/f1485_0_cough.wav,cough
vocalsound/audio_16k/m0390_0_cough.wav,cough
vocalsound/audio_16k/m0506_0_cough.wav,cough
vocalsound/audio_16k/f3049_0_cough.wav,cough
vocalsound/audio_16k/f2095_0_cough.wav,cough
vocalsound/audio_16k/m3191_0_cough.wav,cough
vocalsound/audio_16k/m1549_0_cough.wav,cough
vocalsound/audio_16k/m2539_0_cough.wav,cough
vocalsound/audio_16k/m1747_0_cough.wav,cough
vocalsound/audio_16k/m1336_1_cough.wav,cough
vocalsound/audio_16k/f1113_0_cough.wav,cough
vocalsound/audio_16k/m1476_0_cough.wav,cough
vocalsound/audio_16k/f2085_0_cough.wav,cough
vocalsound/audio_16k/m0879_0_cough.wav,cough
vocalsound/audio_16k/m3354_0_cough.wav,cough
vocalsound/audio_16k/m3253_0_cough.wav,cough
vocalsound/audio_16k/f0901_0_cough.wav,cough
vocalsound/audio_16k/f1829_0_cough.wav,cough
vocalsound/audio_16k/m1948_1_cough.wav,cough
vocalsound/audio_16k/f0053_0_cough.wav,cough
vocalsound/audio_16k/f1670_0_cough.wav,cough
vocalsound/audio_16k/f0197_0_cough.wav,cough
vocalsound/audio_16k/f1606_0_cough.wav,cough
vocalsound/audio_16k/m2683_0_cough.wav,cough
vocalsound/audio_16k/f1495_0_cough.wav,cough
vocalsound/audio_16k/f0961_0_cough.wav,cough
vocalsound/audio_16k/f1552_0_cough.wav,cough
vocalsound/audio_16k/m3114_0_cough.wav,cough
vocalsound/audio_16k/f1502_0_cough.wav,cough
vocalsound/audio_16k/f0912_0_cough.wav,cough
vocalsound/audio_16k/m1090_0_cough.wav,cough
vocalsound/audio_16k/m2502_0_cough.wav,cough
vocalsound/audio_16k/f0405_0_cough.wav,cough
vocalsound/audio_16k/f3062_0_cough.wav,cough
vocalsound/audio_16k/m0871_0_cough.wav,cough
vocalsound/audio_16k/f1337_0_cough.wav,cough
vocalsound/audio_16k/m2823_0_cough.wav,cough
vocalsound/audio_16k/m0191_0_cough.wav,cough
vocalsound/audio_16k/f0115_0_cough.wav,cough
vocalsound/audio_16k/m2263_0_cough.wav,cough
vocalsound/audio_16k/m1010_0_cough.wav,cough
vocalsound/audio_16k/m1557_0_cough.wav,cough
vocalsound/audio_16k/m2477_0_cough.wav,cough
vocalsound/audio_16k/m0495_0_cough.wav,cough
vocalsound/audio_16k/f3026_0_cough.wav,cough
vocalsound/audio_16k/m0108_0_cough.wav,cough
vocalsound/audio_16k/m0867_0_cough.wav,cough
vocalsound/audio_16k/f2587_0_cough.wav,cough
vocalsound/audio_16k/m3128_0_cough.wav,cough
vocalsound/audio_16k/m2719_0_cough.wav,cough
vocalsound/audio_16k/m0582_1_cough.wav,cough
vocalsound/audio_16k/m3197_0_cough.wav,cough
vocalsound/audio_16k/m0665_0_cough.wav,cough
vocalsound/audio_16k/m1347_0_cough.wav,cough
vocalsound/audio_16k/m2578_0_cough.wav,cough
vocalsound/audio_16k/m1058_0_cough.wav,cough
vocalsound/audio_16k/m2198_0_cough.wav,cough
vocalsound/audio_16k/m2361_0_cough.wav,cough
vocalsound/audio_16k/m2087_0_cough.wav,cough
vocalsound/audio_16k/m3066_0_cough.wav,cough
vocalsound/audio_16k/m1955_0_cough.wav,cough
vocalsound/audio_16k/m1350_0_cough.wav,cough
vocalsound/audio_16k/m0135_0_cough.wav,cough
vocalsound/audio_16k/f1234_0_cough.wav,cough
vocalsound/audio_16k/m0895_0_cough.wav,cough
vocalsound/audio_16k/f0158_0_cough.wav,cough
vocalsound/audio_16k/f0971_0_cough.wav,cough
vocalsound/audio_16k/m0722_0_cough.wav,cough
vocalsound/audio_16k/f2679_0_cough.wav,cough
vocalsound/audio_16k/f2618_0_cough.wav,cough
vocalsound/audio_16k/f1856_0_cough.wav,cough
vocalsound/audio_16k/m2894_0_cough.wav,cough
vocalsound/audio_16k/m0094_0_cough.wav,cough
vocalsound/audio_16k/m2821_0_cough.wav,cough
vocalsound/audio_16k/m2160_0_cough.wav,cough
vocalsound/audio_16k/f2192_0_cough.wav,cough
vocalsound/audio_16k/m1175_0_cough.wav,cough
vocalsound/audio_16k/f2659_0_cough.wav,cough
vocalsound/audio_16k/f2094_0_cough.wav,cough
vocalsound/audio_16k/m1306_0_cough.wav,cough
vocalsound/audio_16k/m2004_0_cough.wav,cough
vocalsound/audio_16k/f3079_0_cough.wav,cough
vocalsound/audio_16k/f0593_1_cough.wav,cough
vocalsound/audio_16k/m1257_0_cough.wav,cough
vocalsound/audio_16k/m0917_0_cough.wav,cough
ESC-50/audio/1-52266-A-24.wav,cough
vocalsound/audio_16k/m2831_0_cough.wav,cough
vocalsound/audio_16k/f1405_0_cough.wav,cough
vocalsound/audio_16k/f0978_0_cough.wav,cough
vocalsound/audio_16k/o0005_0_cough.wav,cough
vocalsound/audio_16k/f1682_0_cough.wav,cough
vocalsound/audio_16k/m3358_0_cough.wav,cough
vocalsound/audio_16k/m2510_0_cough.wav,cough
vocalsound/audio_16k/m0587_2_cough.wav,cough
vocalsound/audio_16k/f0336_0_cough.wav,cough
vocalsound/audio_16k/m2568_0_cough.wav,cough
vocalsound/audio_16k/m2743_0_cough.wav,cough
vocalsound/audio_16k/f0259_0_cough.wav,cough
vocalsound/audio_16k/f2145_0_cough.wav,cough
vocalsound/audio_16k/f2240_0_cough.wav,cough
vocalsound/audio_16k/m0184_0_cough.wav,cough
vocalsound/audio_16k/m1944_0_cough.wav,cough
vocalsound/audio_16k/f2287_0_cough.wav,cough
vocalsound/audio_16k/m1916_0_cough.wav,cough
vocalsound/audio_16k/f1585_0_cough.wav,cough
vocalsound/audio_16k/m2424_0_cough.wav,cough
vocalsound/audio_16k/m2889_0_cough.wav,cough
vocalsound/audio_16k/m1449_0_cough.wav,cough
vocalsound/audio_16k/f1559_0_cough.wav,cough
ESC-50/audio/1-20545-A-28.wav,snore
ESC-50/audio/1-27403-A-28.wav,snore
ESC-50/audio/1-27405-A-28.wav,snore
ESC-50/audio/1-39937-A-28.wav,snore
ESC-50/audio/1-40621-A-28.wav,snore
ESC-50/audio/1-40967-A-28.wav,snore
ESC-50/audio/1-47923-A-28.wav,snore
ESC-50/audio/1-53444-A-28.wav,snore
ESC-50/audio/2-110417-A-28.wav,snore
ESC-50/audio/2-110417-B-28.wav,snore
ESC-50/audio/2-114609-A-28.wav,snore
ESC-50/audio/2-114609-B-28.wav,snore
ESC-50/audio/2-117330-A-28.wav,snore
ESC-50/audio/2-52001-A-28.wav,snore
ESC-50/audio/2-52001-B-28.wav,snore
ESC-50/audio/2-80313-A-28.wav,snore
ESC-50/audio/3-123086-A-28.wav,snore
ESC-50/audio/3-124795-A-28.wav,snore
ESC-50/audio/3-124958-A-28.wav,snore
ESC-50/audio/3-130998-A-28.wav,snore
ESC-50/audio/3-130998-B-28.wav,snore
ESC-50/audio/3-151255-A-28.wav,snore
ESC-50/audio/3-151557-A-28.wav,snore
ESC-50/audio/3-151557-B-28.wav,snore
ESC-50/audio/4-180337-A-28.wav,snore
ESC-50/audio/4-183882-A-28.wav,snore
ESC-50/audio/4-183882-B-28.wav,snore
ESC-50/audio/4-184235-A-28.wav,snore
ESC-50/audio/4-184237-A-28.wav,snore
ESC-50/audio/4-191297-A-28.wav,snore
ESC-50/audio/4-197454-A-28.wav,snore
ESC-50/audio/4-197454-B-28.wav,snore
ESC-50/audio/5-216368-A-28.wav,snore
ESC-50/audio/5-233312-A-28.wav,snore
ESC-50/audio/5-234145-A-28.wav,snore
ESC-50/audio/5-235874-A-28.wav,snore
ESC-50/audio/5-235893-A-28.wav,snore
ESC-50/audio/5-236288-A-28.wav,snore
ESC-50/audio/5-244459-A-28.wav,snore
ESC-50/audio/5-249748-A-28.wav,snore
snoring/Snoring Dataset/1/1_0.wav,snore
snoring/Snoring Dataset/1/1_1.wav,snore
snoring/Snoring Dataset/1/1_10.wav,snore
snoring/Snoring Dataset/1/1_100.wav,snore
snoring/Snoring Dataset/1/1_101.wav,snore
snoring/Snoring Dataset/1/1_102.wav,snore
snoring/Snoring Dataset/1/1_103.wav,snore
snoring/Snoring Dataset/1/1_104.wav,snore
snoring/Snoring Dataset/1/1_105.wav,snore
snoring/Snoring Dataset/1/1_106.wav,snore
snoring/Snoring Dataset/1/1_107.wav,snore
snoring/Snoring Dataset/1/1_108.wav,snore
snoring/Snoring Dataset/1/1_109.wav,snore
snoring/Snoring Dataset/1/1_11.wav,snore
snoring/Snoring Dataset/1/1_110.wav,snore
snoring/Snoring Dataset/1/1_111.wav,snore
snoring/Snoring Dataset/1/1_112.wav,snore
snoring/Snoring Dataset/1/1_113.wav,snore
snoring/Snoring Dataset/1/1_114.wav,snore
snoring/Snoring Dataset/1/1_115.wav,snore
snoring/Snoring Dataset/1/1_116.wav,snore
snoring/Snoring Dataset/1/1_117.wav,snore
snoring/Snoring Dataset/1/1_118.wav,snore
snoring/Snoring Dataset/1/1_119.wav,snore
snoring/Snoring Dataset/1/1_12.wav,snore
snoring/Snoring Dataset/1/1_120.wav,snore
snoring/Snoring Dataset/1/1_121.wav,snore
snoring/Snoring Dataset/1/1_122.wav,snore
snoring/Snoring Dataset/1/1_123.wav,snore
snoring/Snoring Dataset/1/1_124.wav,snore
snoring/Snoring Dataset/1/1_125.wav,snore
snoring/Snoring Dataset/1/1_126.wav,snore
snoring/Snoring Dataset/1/1_127.wav,snore
snoring/Snoring Dataset/1/1_128.wav,snore
snoring/Snoring Dataset/1/1_129.wav,snore
snoring/Snoring Dataset/1/1_13.wav,snore
snoring/Snoring Dataset/1/1_130.wav,snore
snoring/Snoring Dataset/1/1_131.wav,snore
snoring/Snoring Dataset/1/1_132.wav,snore
snoring/Snoring Dataset/1/1_133.wav,snore
snoring/Snoring Dataset/1/1_134.wav,snore
snoring/Snoring Dataset/1/1_135.wav,snore
snoring/Snoring Dataset/1/1_136.wav,snore
snoring/Snoring Dataset/1/1_137.wav,snore
snoring/Snoring Dataset/1/1_138.wav,snore
snoring/Snoring Dataset/1/1_139.wav,snore
snoring/Snoring Dataset/1/1_14.wav,snore
snoring/Snoring Dataset/1/1_140.wav,snore
snoring/Snoring Dataset/1/1_141.wav,snore
snoring/Snoring Dataset/1/1_142.wav,snore
snoring/Snoring Dataset/1/1_143.wav,snore
snoring/Snoring Dataset/1/1_144.wav,snore
snoring/Snoring Dataset/1/1_145.wav,snore
snoring/Snoring Dataset/1/1_146.wav,snore
snoring/Snoring Dataset/1/1_147.wav,snore
snoring/Snoring Dataset/1/1_148.wav,snore
snoring/Snoring Dataset/1/1_149.wav,snore
snoring/Snoring Dataset/1/1_15.wav,snore
snoring/Snoring Dataset/1/1_150.wav,snore
snoring/Snoring Dataset/1/1_151.wav,snore
snoring/Snoring Dataset/1/1_152.wav,snore
snoring/Snoring Dataset/1/1_153.wav,snore
snoring/Snoring Dataset/1/1_154.wav,snore
snoring/Snoring Dataset/1/1_155.wav,snore
snoring/Snoring Dataset/1/1_156.wav,snore
snoring/Snoring Dataset/1/1_157.wav,snore
snoring/Snoring Dataset/1/1_158.wav,snore
snoring/Snoring Dataset/1/1_159.wav,snore
snoring/Snoring Dataset/1/1_16.wav,snore
snoring/Snoring Dataset/1/1_160.wav,snore
snoring/Snoring Dataset/1/1_161.wav,snore
snoring/Snoring Dataset/1/1_162.wav,snore
snoring/Snoring Dataset/1/1_163.wav,snore
snoring/Snoring Dataset/1/1_164.wav,snore
snoring/Snoring Dataset/1/1_165.wav,snore
snoring/Snoring Dataset/1/1_166.wav,snore
snoring/Snoring Dataset/1/1_167.wav,snore
snoring/Snoring Dataset/1/1_168.wav,snore
snoring/Snoring Dataset/1/1_169.wav,snore
snoring/Snoring Dataset/1/1_17.wav,snore
snoring/Snoring Dataset/1/1_170.wav,snore
snoring/Snoring Dataset/1/1_171.wav,snore
snoring/Snoring Dataset/1/1_172.wav,snore
snoring/Snoring Dataset/1/1_173.wav,snore
snoring/Snoring Dataset/1/1_174.wav,snore
snoring/Snoring Dataset/1/1_175.wav,snore
snoring/Snoring Dataset/1/1_176.wav,snore
snoring/Snoring Dataset/1/1_177.wav,snore
snoring/Snoring Dataset/1/1_178.wav,snore
snoring/Snoring Dataset/1/1_179.wav,snore
snoring/Snoring Dataset/1/1_18.wav,snore
snoring/Snoring Dataset/1/1_180.wav,snore
snoring/Snoring Dataset/1/1_181.wav,snore
snoring/Snoring Dataset/1/1_182.wav,snore
snoring/Snoring Dataset/1/1_183.wav,snore
snoring/Snoring Dataset/1/1_184.wav,snore
snoring/Snoring Dataset/1/1_185.wav,snore
snoring/Snoring Dataset/1/1_186.wav,snore
snoring/Snoring Dataset/1/1_187.wav,snore
snoring/Snoring Dataset/1/1_188.wav,snore
snoring/Snoring Dataset/1/1_189.wav,snore
snoring/Snoring Dataset/1/1_19.wav,snore
snoring/Snoring Dataset/1/1_190.wav,snore
snoring/Snoring Dataset/1/1_191.wav,snore
snoring/Snoring Dataset/1/1_192.wav,snore
snoring/Snoring Dataset/1/1_193.wav,snore
snoring/Snoring Dataset/1/1_194.wav,snore
snoring/Snoring Dataset/1/1_195.wav,snore
snoring/Snoring Dataset/1/1_196.wav,snore
snoring/Snoring Dataset/1/1_197.wav,snore
snoring/Snoring Dataset/1/1_198.wav,snore
snoring/Snoring Dataset/1/1_199.wav,snore
snoring/Snoring Dataset/1/1_2.wav,snore
snoring/Snoring Dataset/1/1_20.wav,snore
snoring/Snoring Dataset/1/1_200.wav,snore
snoring/Snoring Dataset/1/1_201.wav,snore
snoring/Snoring Dataset/1/1_202.wav,snore
snoring/Snoring Dataset/1/1_203.wav,snore
snoring/Snoring Dataset/1/1_204.wav,snore
snoring/Snoring Dataset/1/1_205.wav,snore
snoring/Snoring Dataset/1/1_206.wav,snore
snoring/Snoring Dataset/1/1_207.wav,snore
snoring/Snoring Dataset/1/1_208.wav,snore
snoring/Snoring Dataset/1/1_209.wav,snore
snoring/Snoring Dataset/1/1_21.wav,snore
snoring/Snoring Dataset/1/1_210.wav,snore
snoring/Snoring Dataset/1/1_211.wav,snore
snoring/Snoring Dataset/1/1_212.wav,snore
snoring/Snoring Dataset/1/1_213.wav,snore
snoring/Snoring Dataset/1/1_214.wav,snore
snoring/Snoring Dataset/1/1_215.wav,snore
snoring/Snoring Dataset/1/1_216.wav,snore
snoring/Snoring Dataset/1/1_217.wav,snore
snoring/Snoring Dataset/1/1_218.wav,snore
snoring/Snoring Dataset/1/1_219.wav,snore
snoring/Snoring Dataset/1/1_22.wav,snore
snoring/Snoring Dataset/1/1_220.wav,snore
snoring/Snoring Dataset/1/1_221.wav,snore
snoring/Snoring Dataset/1/1_222.wav,snore
snoring/Snoring Dataset/1/1_223.wav,snore
snoring/Snoring Dataset/1/1_224.wav,snore
snoring/Snoring Dataset/1/1_225.wav,snore
snoring/Snoring Dataset/1/1_226.wav,snore
snoring/Snoring Dataset/1/1_227.wav,snore
snoring/Snoring Dataset/1/1_228.wav,snore
snoring/Snoring Dataset/1/1_229.wav,snore
snoring/Snoring Dataset/1/1_23.wav,snore
snoring/Snoring Dataset/1/1_230.wav,snore
snoring/Snoring Dataset/1/1_231.wav,snore
snoring/Snoring Dataset/1/1_232.wav,snore
snoring/Snoring Dataset/1/1_233.wav,snore
snoring/Snoring Dataset/1/1_234.wav,snore
snoring/Snoring Dataset/1/1_235.wav,snore
snoring/Snoring Dataset/1/1_236.wav,snore
snoring/Snoring Dataset/1/1_237.wav,snore
snoring/Snoring Dataset/1/1_238.wav,snore
snoring/Snoring Dataset/1/1_239.wav,snore
snoring/Snoring Dataset/1/1_24.wav,snore
snoring/Snoring Dataset/1/1_240.wav,snore
snoring/Snoring Dataset/1/1_241.wav,snore
snoring/Snoring Dataset/1/1_242.wav,snore
snoring/Snoring Dataset/1/1_243.wav,snore
snoring/Snoring Dataset/1/1_244.wav,snore
snoring/Snoring Dataset/1/1_245.wav,snore
snoring/Snoring Dataset/1/1_246.wav,snore
snoring/Snoring Dataset/1/1_247.wav,snore
snoring/Snoring Dataset/1/1_248.wav,snore
snoring/Snoring Dataset/1/1_249.wav,snore
snoring/Snoring Dataset/1/1_25.wav,snore
snoring/Snoring Dataset/1/1_250.wav,snore
snoring/Snoring Dataset/1/1_251.wav,snore
snoring/Snoring Dataset/1/1_252.wav,snore
snoring/Snoring Dataset/1/1_253.wav,snore
snoring/Snoring Dataset/1/1_254.wav,snore
snoring/Snoring Dataset/1/1_255.wav,snore
snoring/Snoring Dataset/1/1_256.wav,snore
snoring/Snoring Dataset/1/1_257.wav,snore
snoring/Snoring Dataset/1/1_258.wav,snore
snoring/Snoring Dataset/1/1_259.wav,snore
snoring/Snoring Dataset/1/1_26.wav,snore
snoring/Snoring Dataset/1/1_260.wav,snore
snoring/Snoring Dataset/1/1_261.wav,snore
snoring/Snoring Dataset/1/1_262.wav,snore
snoring/Snoring Dataset/1/1_263.wav,snore
snoring/Snoring Dataset/1/1_264.wav,snore
snoring/Snoring Dataset/1/1_265.wav,snore
snoring/Snoring Dataset/1/1_266.wav,snore
snoring/Snoring Dataset/1/1_267.wav,snore
snoring/Snoring Dataset/1/1_268.wav,snore
snoring/Snoring Dataset/1/1_269.wav,snore
snoring/Snoring Dataset/1/1_27.wav,snore
snoring/Snoring Dataset/1/1_270.wav,snore
snoring/Snoring Dataset/1/1_271.wav,snore
snoring/Snoring Dataset/1/1_272.wav,snore
snoring/Snoring Dataset/1/1_273.wav,snore
snoring/Snoring Dataset/1/1_274.wav,snore
snoring/Snoring Dataset/1/1_275.wav,snore
snoring/Snoring Dataset/1/1_276.wav,snore
snoring/Snoring Dataset/1/1_277.wav,snore
snoring/Snoring Dataset/1/1_278.wav,snore
snoring/Snoring Dataset/1/1_279.wav,snore
snoring/Snoring Dataset/1/1_28.wav,snore
snoring/Snoring Dataset/1/1_280.wav,snore
snoring/Snoring Dataset/1/1_281.wav,snore
snoring/Snoring Dataset/1/1_282.wav,snore
snoring/Snoring Dataset/1/1_283.wav,snore
snoring/Snoring Dataset/1/1_284.wav,snore
snoring/Snoring Dataset/1/1_285.wav,snore
snoring/Snoring Dataset/1/1_286.wav,snore
snoring/Snoring Dataset/1/1_287.wav,snore
snoring/Snoring Dataset/1/1_288.wav,snore
snoring/Snoring Dataset/1/1_289.wav,snore
snoring/Snoring Dataset/1/1_29.wav,snore
snoring/Snoring Dataset/1/1_290.wav,snore
snoring/Snoring Dataset/1/1_291.wav,snore
snoring/Snoring Dataset/1/1_292.wav,snore
snoring/Snoring Dataset/1/1_293.wav,snore
snoring/Snoring Dataset/1/1_294.wav,snore
snoring/Snoring Dataset/1/1_295.wav,snore
snoring/Snoring Dataset/1/1_296.wav,snore
snoring/Snoring Dataset/1/1_297.wav,snore
snoring/Snoring Dataset/1/1_298.wav,snore
snoring/Snoring Dataset/1/1_299.wav,snore
snoring/Snoring Dataset/1/1_3.wav,snore
snoring/Snoring Dataset/1/1_30.wav,snore
snoring/Snoring Dataset/1/1_300.wav,snore
snoring/Snoring Dataset/1/1_301.wav,snore
snoring/Snoring Dataset/1/1_302.wav,snore
snoring/Snoring Dataset/1/1_303.wav,snore
snoring/Snoring Dataset/1/1_304.wav,snore
snoring/Snoring Dataset/1/1_305.wav,snore
snoring/Snoring Dataset/1/1_306.wav,snore
snoring/Snoring Dataset/1/1_307.wav,snore
snoring/Snoring Dataset/1/1_308.wav,snore
snoring/Snoring Dataset/1/1_309.wav,snore
snoring/Snoring Dataset/1/1_31.wav,snore
snoring/Snoring Dataset/1/1_310.wav,snore
snoring/Snoring Dataset/1/1_311.wav,snore
snoring/Snoring Dataset/1/1_312.wav,snore
snoring/Snoring Dataset/1/1_313.wav,snore
snoring/Snoring Dataset/1/1_314.wav,snore
snoring/Snoring Dataset/1/1_315.wav,snore
snoring/Snoring Dataset/1/1_316.wav,snore
snoring/Snoring Dataset/1/1_317.wav,snore
snoring/Snoring Dataset/1/1_318.wav,snore
snoring/Snoring Dataset/1/1_319.wav,snore
snoring/Snoring Dataset/1/1_32.wav,snore
snoring/Snoring Dataset/1/1_320.wav,snore
snoring/Snoring Dataset/1/1_321.wav,snore
snoring/Snoring Dataset/1/1_322.wav,snore
snoring/Snoring Dataset/1/1_323.wav,snore
snoring/Snoring Dataset/1/1_324.wav,snore
snoring/Snoring Dataset/1/1_325.wav,snore
snoring/Snoring Dataset/1/1_326.wav,snore
snoring/Snoring Dataset/1/1_327.wav,snore
snoring/Snoring Dataset/1/1_328.wav,snore
snoring/Snoring Dataset/1/1_329.wav,snore
snoring/Snoring Dataset/1/1_33.wav,snore
snoring/Snoring Dataset/1/1_330.wav,snore
snoring/Snoring Dataset/1/1_331.wav,snore
snoring/Snoring Dataset/1/1_332.wav,snore
snoring/Snoring Dataset/1/1_333.wav,snore
snoring/Snoring Dataset/1/1_334.wav,snore
snoring/Snoring Dataset/1/1_335.wav,snore
snoring/Snoring Dataset/1/1_336.wav,snore
snoring/Snoring Dataset/1/1_337.wav,snore
snoring/Snoring Dataset/1/1_338.wav,snore
snoring/Snoring Dataset/1/1_339.wav,snore
snoring/Snoring Dataset/1/1_34.wav,snore
snoring/Snoring Dataset/1/1_340.wav,snore
snoring/Snoring Dataset/1/1_341.wav,snore
snoring/Snoring Dataset/1/1_342.wav,snore
snoring/Snoring Dataset/1/1_343.wav,snore
snoring/Snoring Dataset/1/1_344.wav,snore
snoring/Snoring Dataset/1/1_345.wav,snore
snoring/Snoring Dataset/1/1_346.wav,snore
snoring/Snoring Dataset/1/1_347.wav,snore
snoring/Snoring Dataset/1/1_348.wav,snore
snoring/Snoring Dataset/1/1_349.wav,snore
snoring/Snoring Dataset/1/1_35.wav,snore
snoring/Snoring Dataset/1/1_350.wav,snore
snoring/Snoring Dataset/1/1_351.wav,snore
snoring/Snoring Dataset/1/1_352.wav,snore
snoring/Snoring Dataset/1/1_353.wav,snore
snoring/Snoring Dataset/1/1_354.wav,snore
snoring/Snoring Dataset/1/1_355.wav,snore
snoring/Snoring Dataset/1/1_356.wav,snore
snoring/Snoring Dataset/1/1_357.wav,snore
snoring/Snoring Dataset/1/1_358.wav,snore
snoring/Snoring Dataset/1/1_359.wav,snore
snoring/Snoring Dataset/1/1_36.wav,snore
snoring/Snoring Dataset/1/1_360.wav,snore
snoring/Snoring Dataset/1/1_361.wav,snore
snoring/Snoring Dataset/1/1_362.wav,snore
snoring/Snoring Dataset/1/1_363.wav,snore
snoring/Snoring Dataset/1/1_364.wav,snore
snoring/Snoring Dataset/1/1_365.wav,snore
snoring/Snoring Dataset/1/1_366.wav,snore
snoring/Snoring Dataset/1/1_367.wav,snore
snoring/Snoring Dataset/1/1_368.wav,snore
snoring/Snoring Dataset/1/1_369.wav,snore
snoring/Snoring Dataset/1/1_37.wav,snore
snoring/Snoring Dataset/1/1_370.wav,snore
snoring/Snoring Dataset/1/1_371.wav,snore
snoring/Snoring Dataset/1/1_372.wav,snore
snoring/Snoring Dataset/1/1_373.wav,snore
snoring/Snoring Dataset/1/1_374.wav,snore
snoring/Snoring Dataset/1/1_375.wav,snore
snoring/Snoring Dataset/1/1_376.wav,snore
snoring/Snoring Dataset/1/1_377.wav,snore
snoring/Snoring Dataset/1/1_378.wav,snore
snoring/Snoring Dataset/1/1_379.wav,snore
snoring/Snoring Dataset/1/1_38.wav,snore
snoring/Snoring Dataset/1/1_380.wav,snore
snoring/Snoring Dataset/1/1_381.wav,snore
snoring/Snoring Dataset/1/1_382.wav,snore
snoring/Snoring Dataset/1/1_383.wav,snore
snoring/Snoring Dataset/1/1_384.wav,snore
snoring/Snoring Dataset/1/1_385.wav,snore
snoring/Snoring Dataset/1/1_386.wav,snore
snoring/Snoring Dataset/1/1_387.wav,snore
snoring/Snoring Dataset/1/1_388.wav,snore
snoring/Snoring Dataset/1/1_389.wav,snore
snoring/Snoring Dataset/1/1_39.wav,snore
snoring/Snoring Dataset/1/1_390.wav,snore
snoring/Snoring Dataset/1/1_391.wav,snore
snoring/Snoring Dataset/1/1_392.wav,snore
snoring/Snoring Dataset/1/1_393.wav,snore
snoring/Snoring Dataset/1/1_394.wav,snore
snoring/Snoring Dataset/1/1_395.wav,snore
snoring/Snoring Dataset/1/1_396.wav,snore
snoring/Snoring Dataset/1/1_397.wav,snore
snoring/Snoring Dataset/1/1_398.wav,snore
snoring/Snoring Dataset/1/1_399.wav,snore
snoring/Snoring Dataset/1/1_4.wav,snore
snoring/Snoring Dataset/1/1_40.wav,snore
snoring/Snoring Dataset/1/1_400.wav,snore
snoring/Snoring Dataset/1/1_401.wav,snore
snoring/Snoring Dataset/1/1_402.wav,snore
snoring/Snoring Dataset/1/1_403.wav,snore
snoring/Snoring Dataset/1/1_404.wav,snore
snoring/Snoring Dataset/1/1_405.wav,snore
snoring/Snoring Dataset/1/1_406.wav,snore
snoring/Snoring Dataset/1/1_407.wav,snore
snoring/Snoring Dataset/1/1_408.wav,snore
snoring/Snoring Dataset/1/1_409.wav,snore
snoring/Snoring Dataset/1/1_41.wav,snore
snoring/Snoring Dataset/1/1_410.wav,snore
snoring/Snoring Dataset/1/1_411.wav,snore
snoring/Snoring Dataset/1/1_412.wav,snore
snoring/Snoring Dataset/1/1_413.wav,snore
snoring/Snoring Dataset/1/1_414.wav,snore
snoring/Snoring Dataset/1/1_415.wav,snore
snoring/Snoring Dataset/1/1_416.wav,snore
snoring/Snoring Dataset/1/1_417.wav,snore
snoring/Snoring Dataset/1/1_418.wav,snore
snoring/Snoring Dataset/1/1_419.wav,snore
snoring/Snoring Dataset/1/1_42.wav,snore
snoring/Snoring Dataset/1/1_420.wav,snore
snoring/Snoring Dataset/1/1_421.wav,snore
snoring/Snoring Dataset/1/1_422.wav,snore
snoring/Snoring Dataset/1/1_423.wav,snore
snoring/Snoring Dataset/1/1_424.wav,snore
snoring/Snoring Dataset/1/1_425.wav,snore
snoring/Snoring Dataset/1/1_426.wav,snore
snoring/Snoring Dataset/1/1_427.wav,snore
snoring/Snoring Dataset/1/1_428.wav,snore
snoring/Snoring Dataset/1/1_429.wav,snore
snoring/Snoring Dataset/1/1_43.wav,snore
snoring/Snoring Dataset/1/1_430.wav,snore
snoring/Snoring Dataset/1/1_431.wav,snore
snoring/Snoring Dataset/1/1_432.wav,snore
snoring/Snoring Dataset/1/1_433.wav,snore
snoring/Snoring Dataset/1/1_434.wav,snore
snoring/Snoring Dataset/1/1_435.wav,snore
snoring/Snoring Dataset/1/1_436.wav,snore
snoring/Snoring Dataset/1/1_437.wav,snore
snoring/Snoring Dataset/1/1_438.wav,snore
snoring/Snoring Dataset/1/1_439.wav,snore
snoring/Snoring Dataset/1/1_44.wav,snore
snoring/Snoring Dataset/1/1_440.wav,snore
snoring/Snoring Dataset/1/1_441.wav,snore
snoring/Snoring Dataset/1/1_442.wav,snore
snoring/Snoring Dataset/1/1_443.wav,snore
snoring/Snoring Dataset/1/1_444.wav,snore
snoring/Snoring Dataset/1/1_445.wav,snore
snoring/Snoring Dataset/1/1_446.wav,snore
snoring/Snoring Dataset/1/1_447.wav,snore
snoring/Snoring Dataset/1/1_448.wav,snore
snoring/Snoring Dataset/1/1_449.wav,snore
snoring/Snoring Dataset/1/1_45.wav,snore
snoring/Snoring Dataset/1/1_450.wav,snore
snoring/Snoring Dataset/1/1_451.wav,snore
snoring/Snoring Dataset/1/1_452.wav,snore
snoring/Snoring Dataset/1/1_453.wav,snore
snoring/Snoring Dataset/1/1_454.wav,snore
snoring/Snoring Dataset/1/1_455.wav,snore
snoring/Snoring Dataset/1/1_456.wav,snore
snoring/Snoring Dataset/1/1_457.wav,snore
snoring/Snoring Dataset/1/1_458.wav,snore
snoring/Snoring Dataset/1/1_459.wav,snore
snoring/Snoring Dataset/1/1_46.wav,snore
snoring/Snoring Dataset/1/1_460.wav,snore
snoring/Snoring Dataset/1/1_461.wav,snore
snoring/Snoring Dataset/1/1_462.wav,snore
snoring/Snoring Dataset/1/1_463.wav,snore
snoring/Snoring Dataset/1/1_464.wav,snore
snoring/Snoring Dataset/1/1_465.wav,snore
snoring/Snoring Dataset/1/1_466.wav,snore
snoring/Snoring Dataset/1/1_467.wav,snore
snoring/Snoring Dataset/1/1_468.wav,snore
snoring/Snoring Dataset/1/1_469.wav,snore
snoring/Snoring Dataset/1/1_47.wav,snore
snoring/Snoring Dataset/1/1_470.wav,snore
snoring/Snoring Dataset/1/1_471.wav,snore
snoring/Snoring Dataset/1/1_472.wav,snore
snoring/Snoring Dataset/1/1_473.wav,snore
snoring/Snoring Dataset/1/1_474.wav,snore
snoring/Snoring Dataset/1/1_475.wav,snore
snoring/Snoring Dataset/1/1_476.wav,snore
snoring/Snoring Dataset/1/1_477.wav,snore
snoring/Snoring Dataset/1/1_478.wav,snore
snoring/Snoring Dataset/1/1_479.wav,snore
snoring/Snoring Dataset/1/1_48.wav,snore
snoring/Snoring Dataset/1/1_480.wav,snore
snoring/Snoring Dataset/1/1_481.wav,snore
snoring/Snoring Dataset/1/1_482.wav,snore
snoring/Snoring Dataset/1/1_483.wav,snore
snoring/Snoring Dataset/1/1_484.wav,snore
snoring/Snoring Dataset/1/1_485.wav,snore
snoring/Snoring Dataset/1/1_486.wav,snore
snoring/Snoring Dataset/1/1_487.wav,snore
snoring/Snoring Dataset/1/1_488.wav,snore
snoring/Snoring Dataset/1/1_489.wav,snore
snoring/Snoring Dataset/1/1_49.wav,snore
snoring/Snoring Dataset/1/1_490.wav,snore
snoring/Snoring Dataset/1/1_491.wav,snore
snoring/Snoring Dataset/1/1_492.wav,snore
snoring/Snoring Dataset/1/1_493.wav,snore
snoring/Snoring Dataset/1/1_494.wav,snore
snoring/Snoring Dataset/1/1_495.wav,snore
snoring/Snoring Dataset/1/1_496.wav,snore
snoring/Snoring Dataset/1/1_497.wav,snore
snoring/Snoring Dataset/1/1_498.wav,snore
snoring/Snoring Dataset/1/1_499.wav,snore
snoring/Snoring Dataset/1/1_5.wav,snore
snoring/Snoring Dataset/1/1_50.wav,snore
snoring/Snoring Dataset/1/1_51.wav,snore
snoring/Snoring Dataset/1/1_52.wav,snore
snoring/Snoring Dataset/1/1_53.wav,snore
snoring/Snoring Dataset/1/1_54.wav,snore
snoring/Snoring Dataset/1/1_55.wav,snore
snoring/Snoring Dataset/1/1_56.wav,snore
snoring/Snoring Dataset/1/1_57.wav,snore
snoring/Snoring Dataset/1/1_58.wav,snore
snoring/Snoring Dataset/1/1_59.wav,snore
snoring/Snoring Dataset/1/1_6.wav,snore
snoring/Snoring Dataset/1/1_60.wav,snore
snoring/Snoring Dataset/1/1_61.wav,snore
snoring/Snoring Dataset/1/1_62.wav,snore
snoring/Snoring Dataset/1/1_63.wav,snore
snoring/Snoring Dataset/1/1_64.wav,snore
snoring/Snoring Dataset/1/1_65.wav,snore
snoring/Snoring Dataset/1/1_66.wav,snore
snoring/Snoring Dataset/1/1_67.wav,snore
snoring/Snoring Dataset/1/1_68.wav,snore
snoring/Snoring Dataset/1/1_69.wav,snore
snoring/Snoring Dataset/1/1_7.wav,snore
snoring/Snoring Dataset/1/1_70.wav,snore
snoring/Snoring Dataset/1/1_71.wav,snore
snoring/Snoring Dataset/1/1_72.wav,snore
snoring/Snoring Dataset/1/1_73.wav,snore
snoring/Snoring Dataset/1/1_74.wav,snore
snoring/Snoring Dataset/1/1_75.wav,snore
snoring/Snoring Dataset/1/1_76.wav,snore
snoring/Snoring Dataset/1/1_77.wav,snore
snoring/Snoring Dataset/1/1_78.wav,snore
snoring/Snoring Dataset/1/1_79.wav,snore
snoring/Snoring Dataset/1/1_8.wav,snore
snoring/Snoring Dataset/1/1_80.wav,snore
snoring/Snoring Dataset/1/1_81.wav,snore
snoring/Snoring Dataset/1/1_82.wav,snore
snoring/Snoring Dataset/1/1_83.wav,snore
snoring/Snoring Dataset/1/1_84.wav,snore
snoring/Snoring Dataset/1/1_85.wav,snore
snoring/Snoring Dataset/1/1_86.wav,snore
snoring/Snoring Dataset/1/1_87.wav,snore
snoring/Snoring Dataset/1/1_88.wav,snore
snoring/Snoring Dataset/1/1_89.wav,snore
snoring/Snoring Dataset/1/1_9.wav,snore
snoring/Snoring Dataset/1/1_90.wav,snore
snoring/Snoring Dataset/1/1_91.wav,snore
snoring/Snoring Dataset/1/1_92.wav,snore
snoring/Snoring Dataset/1/1_93.wav,snore
snoring/Snoring Dataset/1/1_94.wav,snore
snoring/Snoring Dataset/1/1_95.wav,snore
snoring/Snoring Dataset/1/1_96.wav,snore
snoring/Snoring Dataset/1/1_97.wav,snore
snoring/Snoring Dataset/1/1_98.wav,snore
snoring/Snoring Dataset/1/1_99.wav,snore
vocalsound/audio_16k/f3202_0_sneeze.wav,sneeze
vocalsound/audio_16k/f2043_0_sneeze.wav,sneeze
vocalsound/audio_16k/m2559_0_sneeze.wav,sneeze
vocalsound/audio_16k/f0086_0_sneeze.wav,sneeze
vocalsound/audio_16k/f3061_0_sneeze.wav,sneeze
vocalsound/audio_16k/m2838_0_sneeze.wav,sneeze
vocalsound/audio_16k/f0571_0_sneeze.wav,sneeze
vocalsound/audio_16k/f2944_0_sneeze.wav,sneeze
vocalsound/audio_16k/f1952_0_sneeze.wav,sneeze
vocalsound/audio_16k/m2483_0_sneeze.wav,sneeze
vocalsound/audio_16k/m1967_0_sneeze.wav,sneeze
vocalsound/audio_16k/m1760_0_sneeze.wav,sneeze
vocalsound/audio_16k/f0822_0_sneeze.wav,sneeze
vocalsound/audio_16k/m2729_0_sneeze.wav,sneeze
vocalsound/audio_16k/m1404_0_sneeze.wav,sneeze
vocalsound/audio_16k/m2492_0_sneeze.wav,sneeze
vocalsound/audio_16k/m2616_0_sneeze.wav,sneeze
vocalsound/audio_16k/f2814_0_sneeze.wav,sneeze
vocalsound/audio_16k/f1089_0_sneeze.wav,sneeze
vocalsound/audio_16k/f0354_0_sneeze.wav,sneeze
vocalsound/audio_16k/f3024_0_sneeze.wav,sneeze
vocalsound/audio_16k/m1091_0_sneeze.wav,sneeze
vocalsound/audio_16k/f2890_0_sneeze.wav,sneeze
vocalsound/audio_16k/m3009_0_sneeze.wav,sneeze
vocalsound/audio_16k/m1872_0_sneeze.wav,sneeze
vocalsound/audio_16k/f1392_0_sneeze.wav,sneeze
vocalsound/audio_16k/m3132_0_sneeze.wav,sneeze
vocalsound/audio_16k/m2775_0_sneeze.wav,sneeze
vocalsound/audio_16k/m2147_0_sneeze.wav,sneeze
vocalsound/audio_16k/m0524_0_sneeze.wav,sneeze
vocalsound/audio_16k/m2222_0_sneeze.wav,sneeze
vocalsound/audio_16k/m0582_4_sneeze.wav,sneeze
vocalsound/audio_16k/m1785_0_sneeze.wav,sneeze
vocalsound/audio_16k/f1452_0_sneeze.wav,sneeze
vocalsound/audio_16k/m2992_0_sneeze.wav,sneeze
vocalsound/audio_16k/f1103_0_sneeze.wav,sneeze
vocalsound/audio_16k/f0523_0_sneeze.wav,sneeze
vocalsound/audio_16k/m2362_0_sneeze.wav,sneeze
vocalsound/audio_16k/m2757_0_sneeze.wav,sneeze
vocalsound/audio_16k/m0476_0_sneeze.wav,sneeze
vocalsound/audio_16k/f0287_0_sneeze.wav,sneeze
vocalsound/audio_16k/f2438_0_sneeze.wav,sneeze
vocalsound/audio_16k/f1634_0_sneeze.wav,sneeze
vocalsound/audio_16k/f0349_0_sneeze.wav,sneeze
vocalsound/audio_16k/m2856_0_sneeze.wav,sneeze
vocalsound/audio_16k/f1618_0_sneeze.wav,sneeze
vocalsound/audio_16k/f0330_0_sneeze.wav,sneeze
vocalsound/audio_16k/f2649_0_sneeze.wav,sneeze
vocalsound/audio_16k/f2609_0_sneeze.wav,sneeze
vocalsound/audio_16k/m0864_0_sneeze.wav,sneeze
vocalsound/audio_16k/m0044_0_sneeze.wav,sneeze
vocalsound/audio_16k/m3018_0_sneeze.wav,sneeze
vocalsound/audio_16k/m1065_0_sneeze.wav,sneeze
vocalsound/audio_16k/m0563_2_sneeze.wav,sneeze
vocalsound/audio_16k/f2042_0_sneeze.wav,sneeze
vocalsound/audio_16k/f0285_0_sneeze.wav,sneeze
vocalsound/audio_16k/m2591_0_sneeze.wav,sneeze
vocalsound/audio_16k/m1905_0_sneeze.wav,sneeze
vocalsound/audio_16k/f1525_0_sneeze.wav,sneeze
vocalsound/audio_16k/f2355_0_sneeze.wav,sneeze
vocalsound/audio_16k/o1900_0_sneeze.wav,sneeze
vocalsound/audio_16k/m2788_0_sneeze.wav,sneeze
vocalsound/audio_16k/f0385_0_sneeze.wav,sneeze
vocalsound/audio_16k/m1955_0_sneeze.wav,sneeze
vocalsound/audio_16k/f2806_0_sneeze.wav,sneeze
vocalsound/audio_16k/f2250_0_sneeze.wav,sneeze
vocalsound/audio_16k/f1008_0_sneeze.wav,sneeze
vocalsound/audio_16k/m2909_0_sneeze.wav,sneeze
vocalsound/audio_16k/f3152_0_sneeze.wav,sneeze
vocalsound/audio_16k/m0313_0_sneeze.wav,sneeze
vocalsound/audio_16k/m0051_0_sneeze.wav,sneeze
vocalsound/audio_16k/m2536_1_sneeze.wav,sneeze
vocalsound/audio_16k/m0335_0_sneeze.wav,sneeze
vocalsound/audio_16k/f3331_0_sneeze.wav,sneeze
vocalsound/audio_16k/f2895_0_sneeze.wav,sneeze
vocalsound/audio_16k/f1495_0_sneeze.wav,sneeze
vocalsound/audio_16k/m0708_0_sneeze.wav,sneeze
vocalsound/audio_16k/m2200_0_sneeze.wav,sneeze
vocalsound/audio_16k/m0715_0_sneeze.wav,sneeze
vocalsound/audio_16k/f3147_0_sneeze.wav,sneeze
vocalsound/audio_16k/m2889_0_sneeze.wav,sneeze
vocalsound/audio_16k/m0881_0_sneeze.wav,sneeze
vocalsound/audio_16k/f2182_0_sneeze.wav,sneeze
vocalsound/audio_16k/m2921_0_sneeze.wav,sneeze
vocalsound/audio_16k/f0669_0_sneeze.wav,sneeze
vocalsound/audio_16k/m2434_0_sneeze.wav,sneeze
vocalsound/audio_16k/m0215_0_sneeze.wav,sneeze
vocalsound/audio_16k/f0632_0_sneeze.wav,sneeze
vocalsound/audio_16k/m0260_0_sneeze.wav,sneeze
vocalsound/audio_16k/m1555_0_sneeze.wav,sneeze
vocalsound/audio_16k/m3074_0_sneeze.wav,sneeze
vocalsound/audio_16k/f1438_0_sneeze.wav,sneeze
vocalsound/audio_16k/m1088_0_sneeze.wav,sneeze
vocalsound/audio_16k/f2441_0_sneeze.wav,sneeze
vocalsound/audio_16k/f2699_0_sneeze.wav,sneeze
vocalsound/audio_16k/f0816_0_sneeze.wav,sneeze
vocalsound/audio_16k/f0642_0_sneeze.wav,sneeze
vocalsound/audio_16k/f2770_0_sneeze.wav,sneeze
vocalsound/audio_16k/m1992_0_sneeze.wav,sneeze
vocalsound/audio_16k/f2452_0_sneeze.wav,sneeze
vocalsound/audio_16k/f2569_0_sneeze.wav,sneeze
vocalsound/audio_16k/m0376_0_sneeze.wav,sneeze
vocalsound/audio_16k/m1556_0_sneeze.wav,sneeze
vocalsound/audio_16k/m2371_0_sneeze.wav,sneeze
vocalsound/audio_16k/m0225_0_sneeze.wav,sneeze
vocalsound/audio_16k/f1331_0_sneeze.wav,sneeze
vocalsound/audio_16k/m2184_0_sneeze.wav,sneeze
vocalsound/audio_16k/m0363_0_sneeze.wav,sneeze
vocalsound/audio_16k/f3008_0_sneeze.wav,sneeze
vocalsound/audio_16k/m0390_0_sneeze.wav,sneeze
vocalsound/audio_16k/f0333_0_sneeze.wav,sneeze
vocalsound/audio_16k/m2432_0_sneeze.wav,sneeze
vocalsound/audio_16k/f3026_0_sneeze.wav,sneeze
vocalsound/audio_16k/m1641_0_sneeze.wav,sneeze
vocalsound/audio_16k/m0299_0_sneeze.wav,sneeze
vocalsound/audio_16k/f2260_0_sneeze.wav,sneeze
vocalsound/audio_16k/m1838_0_sneeze.wav,sneeze
vocalsound/audio_16k/m2857_0_sneeze.wav,sneeze
vocalsound/audio_16k/f0464_0_sneeze.wav,sneeze
vocalsound/audio_16k/f0607_2_sneeze.wav,sneeze
vocalsound/audio_16k/m2062_0_sneeze.wav,sneeze
vocalsound/audio_16k/m1828_0_sneeze.wav,sneeze
vocalsound/audio_16k/m0090_0_sneeze.wav,sneeze
vocalsound/audio_16k/f3108_0_sneeze.wav,sneeze
vocalsound/audio_16k/m0846_0_sneeze.wav,sneeze
vocalsound/audio_16k/m3234_0_sneeze.wav,sneeze
vocalsound/audio_16k/m2572_0_sneeze.wav,sneeze
vocalsound/audio_16k/m2116_0_sneeze.wav,sneeze
vocalsound/audio_16k/f1292_0_sneeze.wav,sneeze
vocalsound/audio_16k/f0234_0_sneeze.wav,sneeze
vocalsound/audio_16k/f1159_0_sneeze.wav,sneeze
vocalsound/audio_16k/m1584_0_sneeze.wav,sneeze
vocalsound/audio_16k/m2103_0_sneeze.wav,sneeze
vocalsound/audio_16k/m2790_0_sneeze.wav,sneeze
vocalsound/audio_16k/m0321_0_sneeze.wav,sneeze
vocalsound/audio_16k/f0274_0_sneeze.wav,sneeze
vocalsound/audio_16k/f1028_0_sneeze.wav,sneeze
vocalsound/audio_16k/f0570_1_sneeze.wav,sneeze
vocalsound/audio_16k/f1924_0_sneeze.wav,sneeze
vocalsound/audio_16k/m2768_1_sneeze.wav,sneeze
vocalsound/audio_16k/m1891_0_sneeze.wav,sneeze
vocalsound/audio_16k/f3143_0_sneeze.wav,sneeze
vocalsound/audio_16k/f3099_0_sneeze.wav,sneeze
vocalsound/audio_16k/f3296_0_sneeze.wav,sneeze
vocalsound/audio_16k/m1263_0_sneeze.wav,sneeze
vocalsound/audio_16k/f0242_0_sneeze.wav,sneeze
vocalsound/audio_16k/m1570_0_sneeze.wav,sneeze
vocalsound/audio_16k/f1252_0_sneeze.wav,sneeze
vocalsound/audio_16k/m2113_0_sneeze.wav,sneeze
vocalsound/audio_16k/m0407_0_sneeze.wav,sneeze
vocalsound/audio_16k/f3183_0_sneeze.wav,sneeze
vocalsound/audio_16k/f3187_0_sneeze.wav,sneeze
vocalsound/audio_16k/m3194_0_sneeze.wav,sneeze
vocalsound/audio_16k/m2671_0_sneeze.wav,sneeze
vocalsound/audio_16k/f0617_0_sneeze.wav,sneeze
vocalsound/audio_16k/m1342_0_sneeze.wav,sneeze
vocalsound/audio_16k/f1120_0_sneeze.wav,sneeze
vocalsound/audio_16k/m0960_0_sneeze.wav,sneeze
vocalsound/audio_16k/f3146_0_sneeze.wav,sneeze
vocalsound/audio_16k/m0042_0_sneeze.wav,sneeze
vocalsound/audio_16k/f2638_0_sneeze.wav,sneeze
vocalsound/audio_16k/m1920_0_sneeze.wav,sneeze
vocalsound/audio_16k/f2298_0_sneeze.wav,sneeze
vocalsound/audio_16k/f2012_0_sneeze.wav,sneeze
vocalsound/audio_16k/f0919_0_sneeze.wav,sneeze
vocalsound/audio_16k/f0182_0_sneeze.wav,sneeze
vocalsound/audio_16k/m2495_0_sneeze.wav,sneeze
vocalsound/audio_16k/f1491_0_sneeze.wav,sneeze
vocalsound/audio_16k/m0725_0_sneeze.wav,sneeze
vocalsound/audio_16k/m0875_0_sneeze.wav,sneeze
vocalsound/audio_16k/f3334_0_sneeze.wav,sneeze
vocalsound/audio_16k/m1211_0_sneeze.wav,sneeze
vocalsound/audio_16k/f0961_0_sneeze.wav,sneeze
vocalsound/audio_16k/f2122_0_sneeze.wav,sneeze
vocalsound/audio_16k/m2752_0_sneeze.wav,sneeze
vocalsound/audio_16k/f2114_0_sneeze.wav,sneeze
vocalsound/audio_16k/m2279_0_sneeze.wav,sneeze
vocalsound/audio_16k/m0379_0_sneeze.wav,sneeze
vocalsound/audio_16k/f1725_0_sneeze.wav,sneeze
vocalsound/audio_16k/m1623_0_sneeze.wav,sneeze
vocalsound/audio_16k/f2351_0_sneeze.wav,sneeze
vocalsound/audio_16k/m2214_0_sneeze.wav,sneeze
vocalsound/audio_16k/m0665_0_sneeze.wav,sneeze
vocalsound/audio_16k/f1620_0_sneeze.wav,sneeze
vocalsound/audio_16k/f0995_0_sneeze.wav,sneeze
vocalsound/audio_16k/f1108_0_sneeze.wav,sneeze
vocalsound/audio_16k/f0605_1_sneeze.wav,sneeze
vocalsound/audio_16k/m0429_0_sneeze.wav,sneeze
vocalsound/audio_16k/f1378_0_sneeze.wav,sneeze
vocalsound/audio_16k/m2340_0_sneeze.wav,sneeze
vocalsound/audio_16k/m0371_0_sneeze.wav,sneeze
vocalsound/audio_16k/f0706_0_sneeze.wav,sneeze
vocalsound/audio_16k/m2983_0_sneeze.wav,sneeze
vocalsound/audio_16k/m2131_0_sneeze.wav,sneeze
vocalsound/audio_16k/f2680_0_sneeze.wav,sneeze
vocalsound/audio_16k/m2037_0_sneeze.wav,sneeze
vocalsound/audio_16k/f2963_0_sneeze.wav,sneeze
vocalsound/audio_16k/m2311_0_sneeze.wav,sneeze
vocalsound/audio_16k/f0549_0_sneeze.wav,sneeze
vocalsound/audio_16k/m1126_0_sneeze.wav,sneeze
vocalsound/audio_16k/m1059_0_sneeze.wav,sneeze
vocalsound/audio_16k/f2400_0_sneeze.wav,sneeze
vocalsound/audio_16k/f2503_0_sneeze.wav,sneeze
vocalsound/audio_16k/f1279_0_sneeze.wav,sneeze
vocalsound/audio_16k/m2328_0_sneeze.wav,sneeze
vocalsound/audio_16k/m3029_0_sneeze.wav,sneeze
vocalsound/audio_16k/m2255_0_sneeze.wav,sneeze
vocalsound/audio_16k/m1830_0_sneeze.wav,sneeze
vocalsound/audio_16k/f1387_0_sneeze.wav,sneeze
vocalsound/audio_16k/m2870_0_sneeze.wav,sneeze
vocalsound/audio_16k/f3095_0_sneeze.wav,sneeze
vocalsound/audio_16k/m0813_0_sneeze.wav,sneeze
vocalsound/audio_16k/f1814_0_sneeze.wav,sneeze
vocalsound/audio_16k/f0988_0_sneeze.wav,sneeze
vocalsound/audio_16k/f1630_0_sneeze.wav,sneeze
vocalsound/audio_16k/m2860_0_sneeze.wav,sneeze
vocalsound/audio_16k/f1137_0_sneeze.wav,sneeze
vocalsound/audio_16k/f1932_0_sneeze.wav,sneeze
vocalsound/audio_16k/m2850_0_sneeze.wav,sneeze
vocalsound/audio_16k/m0693_0_sneeze.wav,sneeze
vocalsound/audio_16k/f0190_0_sneeze.wav,sneeze
vocalsound/audio_16k/f3093_0_sneeze.wav,sneeze
vocalsound/audio_16k/m1166_0_sneeze.wav,sneeze
vocalsound/audio_16k/m1330_0_sneeze.wav,sneeze
vocalsound/audio_16k/f3159_0_sneeze.wav,sneeze
vocalsound/audio_16k/m0538_0_sneeze.wav,sneeze
vocalsound/audio_16k/m2936_0_sneeze.wav,sneeze
vocalsound/audio_16k/m1135_0_sneeze.wav,sneeze
vocalsound/audio_16k/f1064_0_sneeze.wav,sneeze
vocalsound/audio_16k/m3068_0_sneeze.wav,sneeze
vocalsound/audio_16k/f0691_0_sneeze.wav,sneeze
vocalsound/audio_16k/f0567_0_sneeze.wav,sneeze
vocalsound/audio_16k/f2599_0_sneeze.wav,sneeze
vocalsound/audio_16k/m3103_0_sneeze.wav,sneeze
vocalsound/audio_16k/m2367_0_sneeze.wav,sneeze
vocalsound/audio_16k/m2382_0_sneeze.wav,sneeze
vocalsound/audio_16k/m3322_0_sneeze.wav,sneeze
vocalsound/audio_16k/m0939_0_sneeze.wav,sneeze
vocalsound/audio_16k/m0126_0_sneeze.wav,sneeze
vocalsound/audio_16k/m2715_0_sneeze.wav,sneeze
vocalsound/audio_16k/m0113_0_sneeze.wav,sneeze
vocalsound/audio_16k/m1348_0_sneeze.wav,sneeze
vocalsound/audio_16k/f0605_0_sneeze.wav,sneeze
vocalsound/audio_16k/f1020_0_sneeze.wav,sneeze
vocalsound/audio_16k/f2664_0_sneeze.wav,sneeze
vocalsound/audio_16k/m1869_0_sneeze.wav,sneeze
vocalsound/audio_16k/m3052_0_sneeze.wav,sneeze
vocalsound/audio_16k/m0411_0_sneeze.wav,sneeze
vocalsound/audio_16k/m0531_0_sneeze.wav,sneeze
vocalsound/audio_16k/m2121_0_sneeze.wav,sneeze
vocalsound/audio_16k/m0874_0_sneeze.wav,sneeze
vocalsound/audio_16k/f2942_0_sneeze.wav,sneeze
vocalsound/audio_16k/f1050_0_sneeze.wav,sneeze
vocalsound/audio_16k/m2781_0_sneeze.wav,sneeze
vocalsound/audio_16k/m1134_0_sneeze.wav,sneeze
vocalsound/audio_16k/m1841_0_sneeze.wav,sneeze
vocalsound/audio_16k/m1449_0_sneeze.wav,sneeze
vocalsound/audio_16k/f1451_0_sneeze.wav,sneeze
vocalsound/audio_16k/m2704_0_sneeze.wav,sneeze
vocalsound/audio_16k/f1054_0_sneeze.wav,sneeze
vocalsound/audio_16k/m0270_0_sneeze.wav,sneeze
vocalsound/audio_16k/m0764_0_sneeze.wav,sneeze
vocalsound/audio_16k/f0450_0_sneeze.wav,sneeze
vocalsound/audio_16k/f1007_0_sneeze.wav,sneeze
vocalsound/audio_16k/m0877_0_sneeze.wav,sneeze
vocalsound/audio_16k/f1248_0_sneeze.wav,sneeze
vocalsound/audio_16k/f2546_0_sneeze.wav,sneeze
vocalsound/audio_16k/f1317_0_sneeze.wav,sneeze
vocalsound/audio_16k/f1303_0_sneeze.wav,sneeze
vocalsound/audio_16k/f2712_0_sneeze.wav,sneeze
vocalsound/audio_16k/m2310_0_sneeze.wav,sneeze
vocalsound/audio_16k/f1829_0_sneeze.wav,sneeze
vocalsound/audio_16k/f2956_0_sneeze.wav,sneeze
vocalsound/audio_16k/m0880_0_sneeze.wav,sneeze
vocalsound/audio_16k/f2337_0_sneeze.wav,sneeze
vocalsound/audio_16k/m3227_0_sneeze.wav,sneeze
vocalsound/audio_16k/f2023_0_sneeze.wav,sneeze
vocalsound/audio_16k/f1591_0_sneeze.wav,sneeze
vocalsound/audio_16k/m1812_0_sneeze.wav,sneeze
vocalsound/audio_16k/m1131_0_sneeze.wav,sneeze
vocalsound/audio_16k/m3176_0_sneeze.wav,sneeze
vocalsound/audio_16k/f1017_0_sneeze.wav,sneeze
vocalsound/audio_16k/m1736_0_sneeze.wav,sneeze
vocalsound/audio_16k/f2535_0_sneeze.wav,sneeze
vocalsound/audio_16k/m1636_0_sneeze.wav,sneeze
vocalsound/audio_16k/m0997_0_sneeze.wav,sneeze
vocalsound/audio_16k/f0748_0_sneeze.wav,sneeze
vocalsound/audio_16k/m0763_0_sneeze.wav,sneeze
vocalsound/audio_16k/m1855_0_sneeze.wav,sneeze
vocalsound/audio_16k/f1343_0_sneeze.wav,sneeze
vocalsound/audio_16k/m1482_0_sneeze.wav,sneeze
vocalsound/audio_16k/m1395_0_sneeze.wav,sneeze
vocalsound/audio_16k/f1256_0_sneeze.wav,sneeze
vocalsound/audio_16k/f1368_0_sneeze.wav,sneeze
vocalsound/audio_16k/m1977_0_sneeze.wav,sneeze
vocalsound/audio_16k/m1732_0_sneeze.wav,sneeze
vocalsound/audio_16k/m2393_0_sneeze.wav,sneeze
vocalsound/audio_16k/m3124_0_sneeze.wav,sneeze
vocalsound/audio_16k/f2872_0_sneeze.wav,sneeze
vocalsound/audio_16k/m1228_0_sneeze.wav,sneeze
vocalsound/audio_16k/f0320_0_sneeze.wav,sneeze
vocalsound/audio_16k/f0208_0_sneeze.wav,sneeze
vocalsound/audio_16k/f0651_0_sneeze.wav,sneeze
vocalsound/audio_16k/f0370_0_sneeze.wav,sneeze
vocalsound/audio_16k/m1860_0_sneeze.wav,sneeze
vocalsound/audio_16k/m2726_0_sneeze.wav,sneeze
vocalsound/audio_16k/m1362_0_sneeze.wav,sneeze
vocalsound/audio_16k/f2169_0_sneeze.wav,sneeze
vocalsound/audio_16k/m1933_0_sneeze.wav,sneeze
vocalsound/audio_16k/f1700_0_sneeze.wav,sneeze
vocalsound/audio_16k/m2698_0_sneeze.wav,sneeze
vocalsound/audio_16k/m1329_0_sneeze.wav,sneeze
vocalsound/audio_16k/m0162_0_sneeze.wav,sneeze
vocalsound/audio_16k/m1678_0_sneeze.wav,sneeze
vocalsound/audio_16k/m1836_0_sneeze.wav,sneeze
vocalsound/audio_16k/f0228_0_sneeze.wav,sneeze
vocalsound/audio_16k/m0719_0_sneeze.wav,sneeze
vocalsound/audio_16k/m1753_0_sneeze.wav,sneeze
vocalsound/audio_16k/m3218_0_sneeze.wav,sneeze
vocalsound/audio_16k/f2388_0_sneeze.wav,sneeze
vocalsound/audio_16k/m1863_0_sneeze.wav,sneeze
vocalsound/audio_16k/f2524_1_sneeze.wav,sneeze
vocalsound/audio_16k/m0601_0_sneeze.wav,sneeze
vocalsound/audio_16k/f1964_2_sneeze.wav,sneeze
vocalsound/audio_16k/m2149_0_sneeze.wav,sneeze
vocalsound/audio_16k/m3165_0_sneeze.wav,sneeze
vocalsound/audio_16k/f2466_0_sneeze.wav,sneeze
vocalsound/audio_16k/m0439_0_sneeze.wav,sneeze
vocalsound/audio_16k/f0597_2_sneeze.wav,sneeze
vocalsound/audio_16k/m2174_0_sneeze.wav,sneeze
vocalsound/audio_16k/f0492_0_sneeze.wav,sneeze
vocalsound/audio_16k/f1282_0_sneeze.wav,sneeze
vocalsound/audio_16k/m0329_0_sneeze.wav,sneeze
vocalsound/audio_16k/m0156_0_sneeze.wav,sneeze
vocalsound/audio_16k/m0609_0_sneeze.wav,sneeze
vocalsound/audio_16k/m0521_0_sneeze.wav,sneeze
vocalsound/audio_16k/f1650_0_sneeze.wav,sneeze
vocalsound/audio_16k/f2902_0_sneeze.wav,sneeze
vocalsound/audio_16k/m1579_0_sneeze.wav,sneeze
vocalsound/audio_16k/f1165_0_sneeze.wav,sneeze
vocalsound/audio_16k/f2625_0_sneeze.wav,sneeze
vocalsound/audio_16k/m2379_0_sneeze.wav,sneeze
vocalsound/audio_16k/f2678_0_sneeze.wav,sneeze
vocalsound/audio_16k/m2489_0_sneeze.wav,sneeze
vocalsound/audio_16k/f2948_0_sneeze.wav,sneeze
vocalsound/audio_16k/m0046_0_sneeze.wav,sneeze
vocalsound/audio_16k/f1073_1_sneeze.wav,sneeze
vocalsound/audio_16k/m2652_0_sneeze.wav,sneeze
vocalsound/audio_16k/f3181_0_sneeze.wav,sneeze
vocalsound/audio_16k/m0861_0_sneeze.wav,sneeze
vocalsound/audio_16k/m3083_0_sneeze.wav,sneeze
vocalsound/audio_16k/f0851_0_sneeze.wav,sneeze
vocalsound/audio_16k/m2791_0_sneeze.wav,sneeze
vocalsound/audio_16k/f1954_1_sneeze.wav,sneeze
vocalsound/audio_16k/m0534_0_sneeze.wav,sneeze
vocalsound/audio_16k/f0994_0_sneeze.wav,sneeze
vocalsound/audio_16k/f2186_0_sneeze.wav,sneeze
vocalsound/audio_16k/m0406_0_sneeze.wav,sneeze
vocalsound/audio_16k/f1994_0_sneeze.wav,sneeze
vocalsound/audio_16k/f1149_0_sneeze.wav,sneeze
vocalsound/audio_16k/f0776_0_sneeze.wav,sneeze
vocalsound/audio_16k/f0414_0_sneeze.wav,sneeze
vocalsound/audio_16k/f2399_0_sneeze.wav,sneeze
vocalsound/audio_16k/f3309_0_sneeze.wav,sneeze
vocalsound/audio_16k/m1644_0_sneeze.wav,sneeze
vocalsound/audio_16k/m0171_0_sneeze.wav,sneeze
vocalsound/audio_16k/f1995_0_sneeze.wav,sneeze
vocalsound/audio_16k/f1291_0_sneeze.wav,sneeze
vocalsound/audio_16k/f2766_0_sneeze.wav,sneeze
vocalsound/audio_16k/m1367_0_sneeze.wav,sneeze
vocalsound/audio_16k/m2396_0_sneeze.wav,sneeze
vocalsound/audio_16k/m2797_0_sneeze.wav,sneeze
vocalsound/audio_16k/f1515_0_sneeze.wav,sneeze
vocalsound/audio_16k/m3114_0_sneeze.wav,sneeze
vocalsound/audio_16k/f1288_1_sneeze.wav,sneeze
vocalsound/audio_16k/m0720_0_sneeze.wav,sneeze
vocalsound/audio_16k/m0857_0_sneeze.wav,sneeze
vocalsound/audio_16k/m0536_0_sneeze.wav,sneeze
vocalsound/audio_16k/m0722_0_sneeze.wav,sneeze
vocalsound/audio_16k/f2592_0_sneeze.wav,sneeze
vocalsound/audio_16k/m3250_0_sneeze.wav,sneeze
vocalsound/audio_16k/f0152_0_sneeze.wav,sneeze
vocalsound/audio_16k/f0728_0_sneeze.wav,sneeze
vocalsound/audio_16k/m0016_0_sneeze.wav,sneeze
vocalsound/audio_16k/m0787_0_sneeze.wav,sneeze
vocalsound/audio_16k/m0473_0_sneeze.wav,sneeze
vocalsound/audio_16k/f1949_2_sneeze.wav,sneeze
vocalsound/audio_16k/f1738_0_sneeze.wav,sneeze
vocalsound/audio_16k/m1417_0_sneeze.wav,sneeze
vocalsound/audio_16k/f3027_0_sneeze.wav,sneeze
vocalsound/audio_16k/f0393_0_sneeze.wav,sneeze
vocalsound/audio_16k/m2760_0_sneeze.wav,sneeze
vocalsound/audio_16k/f2316_0_sneeze.wav,sneeze
vocalsound/audio_16k/m0697_0_sneeze.wav,sneeze
vocalsound/audio_16k/m1527_0_sneeze.wav,sneeze
vocalsound/audio_16k/m1950_0_sneeze.wav,sneeze
vocalsound/audio_16k/m2069_0_sneeze.wav,sneeze
vocalsound/audio_16k/m0558_0_sneeze.wav,sneeze
vocalsound/audio_16k/f2354_0_sneeze.wav,sneeze
vocalsound/audio_16k/m1021_0_sneeze.wav,sneeze
ESC-50/audio/5-194533-A-21.wav,sneeze
vocalsound/audio_16k/f0860_0_sneeze.wav,sneeze
vocalsound/audio_16k/m0262_0_sneeze.wav,sneeze
vocalsound/audio_16k/f1097_0_sneeze.wav,sneeze
vocalsound/audio_16k/f2168_0_sneeze.wav,sneeze
vocalsound/audio_16k/m2435_0_sneeze.wav,sneeze
vocalsound/audio_16k/f3131_0_sneeze.wav,sneeze
vocalsound/audio_16k/m2681_0_sneeze.wav,sneeze
vocalsound/audio_16k/m0071_0_sneeze.wav,sneeze
vocalsound/audio_16k/m2691_0_sneeze.wav,sneeze
vocalsound/audio_16k/f0369_0_sneeze.wav,sneeze
vocalsound/audio_16k/m0055_0_sneeze.wav,sneeze
vocalsound/audio_16k/f0416_0_sneeze.wav,sneeze
vocalsound/audio_16k/m1296_0_sneeze.wav,sneeze
vocalsound/audio_16k/m1212_0_sneeze.wav,sneeze
vocalsound/audio_16k/f1578_0_sneeze.wav,sneeze
vocalsound/audio_16k/f3099_1_sneeze.wav,sneeze
vocalsound/audio_16k/m1157_0_sneeze.wav,sneeze
vocalsound/audio_16k/f2380_0_sneeze.wav,sneeze
vocalsound/audio_16k/f0604_0_sneeze.wav,sneeze
vocalsound/audio_16k/f3329_0_sneeze.wav,sneeze
vocalsound/audio_16k/m0772_0_sneeze.wav,sneeze
vocalsound/audio_16k/m0413_0_sneeze.wav,sneeze
vocalsound/audio_16k/m3025_0_sneeze.wav,sneeze
vocalsound/audio_16k/f2300_0_sneeze.wav,sneeze
vocalsound/audio_16k/m1726_0_sneeze.wav,sneeze
vocalsound/audio_16k/m2123_0_sneeze.wav,sneeze
vocalsound/audio_16k/m1610_0_sneeze.wav,sneeze
vocalsound/audio_16k/f0968_0_sneeze.wav,sneeze
vocalsound/audio_16k/f1052_0_sneeze.wav,sneeze
vocalsound/audio_16k/m2761_0_sneeze.wav,sneeze
vocalsound/audio_16k/m0020_0_sneeze.wav,sneeze
vocalsound/audio_16k/f3198_0_sneeze.wav,sneeze
vocalsound/audio_16k/m3254_0_sneeze.wav,sneeze
vocalsound/audio_16k/m1183_0_sneeze.wav,sneeze
vocalsound/audio_16k/f3127_0_sneeze.wav,sneeze
vocalsound/audio_16k/m2604_0_sneeze.wav,sneeze
vocalsound/audio_16k/f1176_0_sneeze.wav,sneeze
vocalsound/audio_16k/f1615_0_sneeze.wav,sneeze
vocalsound/audio_16k/m3225_0_sneeze.wav,sneeze
vocalsound/audio_16k/m0819_0_sneeze.wav,sneeze
vocalsound/audio_16k/m0062_0_sneeze.wav,sneeze
vocalsound/audio_16k/m0731_0_sneeze.wav,sneeze
vocalsound/audio_16k/f0310_0_sneeze.wav,sneeze
vocalsound/audio_16k/m2688_0_sneeze.wav,sneeze
vocalsound/audio_16k/f0298_0_sneeze.wav,sneeze
vocalsound/audio_16k/f1118_0_sneeze.wav,sneeze
vocalsound/audio_16k/m2341_0_sneeze.wav,sneeze
vocalsound/audio_16k/f2822_0_sneeze.wav,sneeze
vocalsound/audio_16k/m0564_0_sneeze.wav,sneeze
vocalsound/audio_16k/m0882_0_sneeze.wav,sneeze
vocalsound/audio_16k/m0470_0_sneeze.wav,sneeze
vocalsound/audio_16k/f1223_0_sneeze.wav,sneeze
vocalsound/audio_16k/m1577_0_sneeze.wav,sneeze
vocalsound/audio_16k/m3294_0_sneeze.wav,sneeze
vocalsound/audio_16k/f1142_0_sneeze.wav,sneeze
vocalsound/audio_16k/m3210_0_sneeze.wav,sneeze
vocalsound/audio_16k/m1627_0_sneeze.wav,sneeze
vocalsound/audio_16k/f2673_0_sneeze.wav,sneeze
vocalsound/audio_16k/f1307_0_sneeze.wav,sneeze
vocalsound/audio_16k/m0014_0_sneeze.wav,sneeze
vocalsound/audio_16k/m1669_0_sneeze.wav,sneeze
vocalsound/audio_16k/m2514_0_sneeze.wav,sneeze
vocalsound/audio_16k/f2486_0_sneeze.wav,sneeze
vocalsound/audio_16k/m1493_0_sneeze.wav,sneeze
vocalsound/audio_16k/f2855_0_sneeze.wav,sneeze
vocalsound/audio_16k/m0799_0_sneeze.wav,sneeze
vocalsound/audio_16k/m0824_0_sneeze.wav,sneeze
vocalsound/audio_16k/m0985_0_sneeze.wav,sneeze
vocalsound/audio_16k/m0656_0_sneeze.wav,sneeze
vocalsound/audio_16k/m2306_0_sneeze.wav,sneeze
vocalsound/audio_16k/m1221_0_sneeze.wav,sneeze
vocalsound/audio_16k/f2497_0_sneeze.wav,sneeze
vocalsound/audio_16k/m0572_0_sneeze.wav,sneeze
vocalsound/audio_16k/f0088_0_sneeze.wav,sneeze
vocalsound/audio_16k/f3155_0_sneeze.wav,sneeze
vocalsound/audio_16k/f2798_0_sneeze.wav,sneeze
vocalsound/audio_16k/m2074_0_sneeze.wav,sneeze
vocalsound/audio_16k/f0889_0_sneeze.wav,sneeze
vocalsound/audio_16k/m2840_0_sneeze.wav,sneeze
vocalsound/audio_16k/m1418_0_sneeze.wav,sneeze
vocalsound/audio_16k/f2587_0_sneeze.wav,sneeze
vocalsound/audio_16k/m2424_0_sneeze.wav,sneeze
vocalsound/audio_16k/m2166_0_sneeze.wav,sneeze
vocalsound/audio_16k/m1766_0_sneeze.wav,sneeze
vocalsound/audio_16k/f0197_0_sneeze.wav,sneeze
vocalsound/audio_16k/m1523_0_sneeze.wav,sneeze
vocalsound/audio_16k/m0566_1_sneeze.wav,sneeze
vocalsound/audio_16k/f2172_0_sneeze.wav,sneeze
vocalsound/audio_16k/m3272_0_sneeze.wav,sneeze
vocalsound/audio_16k/m1373_0_sneeze.wav,sneeze
vocalsound/audio_16k/m1365_0_sneeze.wav,sneeze
vocalsound/audio_16k/f1850_0_sneeze.wav,sneeze
vocalsound/audio_16k/m2397_0_sneeze.wav,sneeze
vocalsound/audio_16k/f0418_0_sneeze.wav,sneeze
vocalsound/audio_16k/m2562_0_sneeze.wav,sneeze
vocalsound/audio_16k/m0589_0_sneeze.wav,sneeze
vocalsound/audio_16k/f1360_0_sneeze.wav,sneeze
vocalsound/audio_16k/m0931_0_sneeze.wav,sneeze
vocalsound/audio_16k/m1763_0_sneeze.wav,sneeze
vocalsound/audio_16k/m2751_0_sneeze.wav,sneeze
vocalsound/audio_16k/m1694_0_sneeze.wav,sneeze
vocalsound/audio_16k/f3264_0_sneeze.wav,sneeze
vocalsound/audio_16k/f1214_0_sneeze.wav,sneeze
vocalsound/audio_16k/m2125_0_sneeze.wav,sneeze
vocalsound/audio_16k/f1956_1_sneeze.wav,sneeze
vocalsound/audio_16k/f0237_0_sneeze.wav,sneeze
vocalsound/audio_16k/m1333_0_sneeze.wav,sneeze
vocalsound/audio_16k/m2256_0_sneeze.wav,sneeze
vocalsound/audio_16k/f0891_0_sneeze.wav,sneeze
vocalsound/audio_16k/f1519_0_sneeze.wav,sneeze
vocalsound/audio_16k/f0112_0_sneeze.wav,sneeze
vocalsound/audio_16k/m0345_0_sneeze.wav,sneeze
vocalsound/audio_16k/f2632_0_sneeze.wav,sneeze
vocalsound/audio_16k/m0174_0_sneeze.wav,sneeze
vocalsound/audio_16k/f1242_0_sneeze.wav,sneeze
vocalsound/audio_16k/m0137_0_sneeze.wav,sneeze
vocalsound/audio_16k/m2190_0_sneeze.wav,sneeze
vocalsound/audio_16k/m2803_0_sneeze.wav,sneeze
vocalsound/audio_16k/m0121_0_sneeze.wav,sneeze
vocalsound/audio_16k/m0760_0_sneeze.wav,sneeze
vocalsound/audio_16k/m1613_0_sneeze.wav,sneeze
vocalsound/audio_16k/m0560_2_sneeze.wav,sneeze
vocalsound/audio_16k/m3092_0_sneeze.wav,sneeze
vocalsound/audio_16k/m2692_0_sneeze.wav,sneeze
vocalsound/audio_16k/f0517_0_sneeze.wav,sneeze
vocalsound/audio_16k/m2291_0_sneeze.wav,sneeze
vocalsound/audio_16k/f1122_0_sneeze.wav,sneeze
vocalsound/audio_16k/m0879_0_sneeze.wav,sneeze
vocalsound/audio_16k/f1670_0_sneeze.wav,sneeze
vocalsound/audio_16k/m1207_0_sneeze.wav,sneeze
vocalsound/audio_16k/f2739_1_sneeze.wav,sneeze
vocalsound/audio_16k/m2002_0_sneeze.wav,sneeze
vocalsound/audio_16k/m0582_3_sneeze.wav,sneeze
vocalsound/audio_16k/m0937_0_sneeze.wav,sneeze
vocalsound/audio_16k/f3236_0_sneeze.wav,sneeze
vocalsound/audio_16k/f2633_0_sneeze.wav,sneeze
vocalsound/audio_16k/f1381_0_sneeze.wav,sneeze
vocalsound/audio_16k/m0487_0_sneeze.wav,sneeze
vocalsound/audio_16k/m0993_0_sneeze.wav,sneeze
vocalsound/audio_16k/f2924_0_sneeze.wav,sneeze
vocalsound/audio_16k/m1092_0_sneeze.wav,sneeze
vocalsound/audio_16k/f3038_0_sneeze.wav,sneeze
vocalsound/audio_16k/m2087_0_sneeze.wav,sneeze
vocalsound/audio_16k/m2395_0_sneeze.wav,sneeze
vocalsound/audio_16k/m2531_0_sneeze.wav,sneeze
vocalsound/audio_16k/m1876_0_sneeze.wav,sneeze
vocalsound/audio_16k/m2208_0_sneeze.wav,sneeze
vocalsound/audio_16k/f2164_0_sneeze.wav,sneeze
vocalsound/audio_16k/m1600_0_sneeze.wav,sneeze
vocalsound/audio_16k/m2807_0_sneeze.wav,sneeze
vocalsound/audio_16k/f1545_0_sneeze.wav,sneeze
vocalsound/audio_16k/f1981_0_sneeze.wav,sneeze
vocalsound/audio_16k/f2298_1_sneeze.wav,sneeze
vocalsound/audio_16k/m1183_1_sneeze.wav,sneeze
vocalsound/audio_16k/f2480_0_sneeze.wav,sneeze
vocalsound/audio_16k/f1825_0_sneeze.wav,sneeze
vocalsound/audio_16k/f2469_0_sneeze.wav,sneeze
vocalsound/audio_16k/f2383_0_sneeze.wav,sneeze
vocalsound/audio_16k/m2282_1_sneeze.wav,sneeze
vocalsound/audio_16k/m2496_0_sneeze.wav,sneeze
vocalsound/audio_16k/m2189_0_sneeze.wav,sneeze
vocalsound/audio_16k/m2445_0_sneeze.wav,sneeze
vocalsound/audio_16k/m0648_0_sneeze.wav,sneeze
vocalsound/audio_16k/m2953_0_sneeze.wav,sneeze
vocalsound/audio_16k/m0587_1_sneeze.wav,sneeze
vocalsound/audio_16k/f2985_0_sneeze.wav,sneeze
vocalsound/audio_16k/m1203_0_sneeze.wav,sneeze
vocalsound/audio_16k/m2401_0_sneeze.wav,sneeze
vocalsound/audio_16k/f2251_0_sneeze.wav,sneeze
vocalsound/audio_16k/f2374_0_sneeze.wav,sneeze
vocalsound/audio_16k/f0991_0_sneeze.wav,sneeze
vocalsound/audio_16k/m1338_0_sneeze.wav,sneeze
vocalsound/audio_16k/m2091_0_sneeze.wav,sneeze
vocalsound/audio_16k/m3290_0_sneeze.wav,sneeze
vocalsound/audio_16k/f3260_0_sneeze.wav,sneeze
vocalsound/audio_16k/m0023_0_sneeze.wav,sneeze
vocalsound/audio_16k/f2946_0_sneeze.wav,sneeze
vocalsound/audio_16k/f1199_0_sneeze.wav,sneeze
vocalsound/audio_16k/m3022_0_sneeze.wav,sneeze
vocalsound/audio_16k/f0332_0_sneeze.wav,sneeze
vocalsound/audio_16k/m2428_0_sneeze.wav,sneeze
vocalsound/audio_16k/m2346_0_sneeze.wav,sneeze
vocalsound/audio_16k/m2894_0_sneeze.wav,sneeze
vocalsound/audio_16k/f2958_0_sneeze.wav,sneeze
vocalsound/audio_16k/m0353_0_sneeze.wav,sneeze
vocalsound/audio_16k/m1958_0_sneeze.wav,sneeze
vocalsound/audio_16k/f2084_0_sneeze.wav,sneeze
vocalsound/audio_16k/m0584_0_sneeze.wav,sneeze
vocalsound/audio_16k/f1721_0_sneeze.wav,sneeze
vocalsound/audio_16k/f1639_0_sneeze.wav,sneeze
vocalsound/audio_16k/m1036_0_sneeze.wav,sneeze
vocalsound/audio_16k/f2228_0_sneeze.wav,sneeze
vocalsound/audio_16k/m1213_0_sneeze.wav,sneeze
vocalsound/audio_16k/m2226_0_sneeze.wav,sneeze
vocalsound/audio_16k/f2233_0_sneeze.wav,sneeze
vocalsound/audio_16k/f1119_0_sneeze.wav,sneeze
vocalsound/audio_16k/f0888_0_sneeze.wav,sneeze
vocalsound/audio_16k/m1655_0_sneeze.wav,sneeze
vocalsound/audio_16k/m1444_0_sneeze.wav,sneeze
vocalsound/audio_16k/f1945_1_sneeze.wav,sneeze
vocalsound/audio_16k/f1956_2_sneeze.wav,sneeze
vocalsound/audio_16k/m2718_0_sneeze.wav,sneeze
vocalsound/audio_16k/m2051_0_sneeze.wav,sneeze
vocalsound/audio_16k/m0973_0_sneeze.wav,sneeze
vocalsound/audio_16k/f1831_0_sneeze.wav,sneeze
vocalsound/audio_16k/m1832_0_sneeze.wav,sneeze
vocalsound/audio_16k/f1885_0_sneeze.wav,sneeze
vocalsound/audio_16k/f0424_0_sneeze.wav,sneeze
vocalsound/audio_16k/f0800_1_sneeze.wav,sneeze
vocalsound/audio_16k/m0139_0_sneeze.wav,sneeze
vocalsound/audio_16k/f2792_0_sneeze.wav,sneeze
vocalsound/audio_16k/m0561_1_sneeze.wav,sneeze
vocalsound/audio_16k/f0802_0_sneeze.wav,sneeze
vocalsound/audio_16k/m2128_0_sneeze.wav,sneeze
vocalsound/audio_16k/m3109_0_sneeze.wav,sneeze
ESC-50/audio/3-148330-A-21.wav,sneeze
vocalsound/audio_16k/m1129_0_sneeze.wav,sneeze
vocalsound/audio_16k/f1280_0_sneeze.wav,sneeze
vocalsound/audio_16k/m0094_0_sneeze.wav,sneeze
vocalsound/audio_16k/m1948_0_sneeze.wav,sneeze
vocalsound/audio_16k/m0573_2_sneeze.wav,sneeze
vocalsound/audio_16k/m0580_0_sneeze.wav,sneeze
vocalsound/audio_16k/m1927_0_sneeze.wav,sneeze
vocalsound/audio_16k/f1616_0_sneeze.wav,sneeze
vocalsound/audio_16k/f2368_0_sneeze.wav,sneeze
vocalsound/audio_16k/m3214_0_sneeze.wav,sneeze
vocalsound/audio_16k/m3067_0_sneeze.wav,sneeze
vocalsound/audio_16k/m1895_0_sneeze.wav,sneeze
vocalsound/audio_16k/f0485_0_sneeze.wav,sneeze
vocalsound/audio_16k/f0723_0_sneeze.wav,sneeze
vocalsound/audio_16k/m1940_0_sneeze.wav,sneeze
vocalsound/audio_16k/m1345_0_sneeze.wav,sneeze
vocalsound/audio_16k/f1883_0_sneeze.wav,sneeze
vocalsound/audio_16k/m1011_0_sneeze.wav,sneeze
vocalsound/audio_16k/f0290_0_sneeze.wav,sneeze
vocalsound/audio_16k/m3337_0_sneeze.wav,sneeze
vocalsound/audio_16k/m0170_0_sneeze.wav,sneeze
vocalsound/audio_16k/f1398_0_sneeze.wav,sneeze
vocalsound/audio_16k/f0284_0_sneeze.wav,sneeze
vocalsound/audio_16k/m0036_0_sneeze.wav,sneeze
vocalsound/audio_16k/m0700_0_sneeze.wav,sneeze
vocalsound/audio_16k/f1492_0_sneeze.wav,sneeze
vocalsound/audio_16k/f2386_0_sneeze.wav,sneeze
vocalsound/audio_16k/f0291_0_sneeze.wav,sneeze
ESC-50/audio/5-220027-A-21.wav,sneeze
vocalsound/audio_16k/m2458_0_sneeze.wav,sneeze
vocalsound/audio_16k/m1271_0_sneeze.wav,sneeze
vocalsound/audio_16k/m3203_0_sneeze.wav,sneeze
vocalsound/audio_16k/f0859_1_sneeze.wav,sneeze
vocalsound/audio_16k/f2846_0_sneeze.wav,sneeze
vocalsound/audio_16k/f2344_0_sneeze.wav,sneeze
vocalsound/audio_16k/m0446_0_sneeze.wav,sneeze
vocalsound/audio_16k/m1858_0_sneeze.wav,sneeze
vocalsound/audio_16k/m1066_0_sneeze.wav,sneeze
vocalsound/audio_16k/m2538_0_sneeze.wav,sneeze
vocalsound/audio_16k/m2994_0_sneeze.wav,sneeze
vocalsound/audio_16k/f1099_0_sneeze.wav,sneeze
vocalsound/audio_16k/m2663_0_sneeze.wav,sneeze
vocalsound/audio_16k/m0541_0_sneeze.wav,sneeze
vocalsound/audio_16k/f2248_0_sneeze.wav,sneeze
vocalsound/audio_16k/f1548_0_sneeze.wav,sneeze
vocalsound/audio_16k/f0915_0_sneeze.wav,sneeze
vocalsound/audio_16k/f2795_0_sneeze.wav,sneeze
vocalsound/audio_16k/m2590_0_sneeze.wav,sneeze
vocalsound/audio_16k/m0483_0_sneeze.wav,sneeze
vocalsound/audio_16k/m1914_0_sneeze.wav,sneeze
vocalsound/audio_16k/f2090_0_sneeze.wav,sneeze
vocalsound/audio_16k/m3091_0_sneeze.wav,sneeze
vocalsound/audio_16k/f0061_0_sneeze.wav,sneeze
vocalsound/audio_16k/f2866_0_sneeze.wav,sneeze
vocalsound/audio_16k/f2450_0_sneeze.wav,sneeze
vocalsound/audio_16k/m1269_0_sneeze.wav,sneeze
vocalsound/audio_16k/m2078_0_sneeze.wav,sneeze
vocalsound/audio_16k/f1558_0_sneeze.wav,sneeze
vocalsound/audio_16k/f1396_0_sneeze.wav,sneeze
vocalsound/audio_16k/m2653_0_sneeze.wav,sneeze
vocalsound/audio_16k/m1835_0_sneeze.wav,sneeze
vocalsound/audio_16k/m0084_0_sneeze.wav,sneeze
vocalsound/audio_16k/m0240_0_sneeze.wav,sneeze
vocalsound/audio_16k/m0863_0_sneeze.wav,sneeze
vocalsound/audio_16k/m2595_0_sneeze.wav,sneeze
vocalsound/audio_16k/f0698_0_sneeze.wav,sneeze
vocalsound/audio_16k/m0056_0_sneeze.wav,sneeze
vocalsound/audio_16k/m2048_0_sneeze.wav,sneeze
vocalsound/audio_16k/f0759_0_sneeze.wav,sneeze
vocalsound/audio_16k/f1472_0_sneeze.wav,sneeze
vocalsound/audio_16k/f1146_0_sneeze.wav,sneeze
vocalsound/audio_16k/m3046_0_sneeze.wav,sneeze
vocalsound/audio_16k/f2725_0_sneeze.wav,sneeze
vocalsound/audio_16k/m2755_0_sneeze.wav,sneeze
ESC-50/audio/4-167642-A-21.wav,sneeze
vocalsound/audio_16k/f2115_0_sneeze.wav,sneeze
vocalsound/audio_16k/f3301_0_sneeze.wav,sneeze
vocalsound/audio_16k/f1921_0_sneeze.wav,sneeze
vocalsound/audio_16k/m0386_0_sneeze.wav,sneeze
vocalsound/audio_16k/f2183_0_sneeze.wav,sneeze
vocalsound/audio_16k/f2785_0_sneeze.wav,sneeze
vocalsound/audio_16k/f2524_0_sneeze.wav,sneeze
vocalsound/audio_16k/m1409_0_sneeze.wav,sneeze
vocalsound/audio_16k/m1336_0_sneeze.wav,sneeze
vocalsound/audio_16k/f0017_0_sneeze.wav,sneeze
vocalsound/audio_16k/f2120_0_sneeze.wav,sneeze
vocalsound/audio_16k/m1948_3_sneeze.wav,sneeze
vocalsound/audio_16k/f3080_0_sneeze.wav,sneeze
vocalsound/audio_16k/m2204_0_sneeze.wav,sneeze
vocalsound/audio_16k/f1930_0_sneeze.wav,sneeze
vocalsound/audio_16k/f0516_0_sneeze.wav,sneeze
vocalsound/audio_16k/m3032_0_sneeze.wav,sneeze
vocalsound/audio_16k/f0963_0_sneeze.wav,sneeze
vocalsound/audio_16k/m0528_0_sneeze.wav,sneeze
vocalsound/audio_16k/f2574_0_sneeze.wav,sneeze
vocalsound/audio_16k/m2754_0_sneeze.wav,sneeze
vocalsound/audio_16k/m2247_0_sneeze.wav,sneeze
vocalsound/audio_16k/m2154_0_sneeze.wav,sneeze
vocalsound/audio_16k/m2877_0_sneeze.wav,sneeze
vocalsound/audio_16k/f2614_0_sneeze.wav,sneeze
vocalsound/audio_16k/f0951_0_sneeze.wav,sneeze
vocalsound/audio_16k/m2253_0_sneeze.wav,sneeze
vocalsound/audio_16k/m2262_0_sneeze.wav,sneeze
vocalsound/audio_16k/f3149_0_sneeze.wav,sneeze
vocalsound/audio_16k/m1637_0_sneeze.wav,sneeze
vocalsound/audio_16k/f1786_0_sneeze.wav,sneeze
vocalsound/audio_16k/f1772_0_sneeze.wav,sneeze
vocalsound/audio_16k/f1094_0_sneeze.wav,sneeze
vocalsound/audio_16k/m0582_2_sneeze.wav,sneeze
vocalsound/audio_16k/f1249_0_sneeze.wav,sneeze
vocalsound/audio_16k/m0454_0_sneeze.wav,sneeze
vocalsound/audio_16k/m1575_0_sneeze.wav,sneeze
vocalsound/audio_16k/f3206_0_sneeze.wav,sneeze
vocalsound/audio_16k/m0159_0_sneeze.wav,sneeze
vocalsound/audio_16k/m1123_0_sneeze.wav,sneeze
vocalsound/audio_16k/m0559_0_sneeze.wav,sneeze
vocalsound/audio_16k/m1025_0_sneeze.wav,sneeze
vocalsound/audio_16k/m2013_0_sneeze.wav,sneeze
vocalsound/audio_16k/f1765_0_sneeze.wav,sneeze
vocalsound/audio_16k/f1989_0_sneeze.wav,sneeze
vocalsound/audio_16k/m2654_0_sneeze.wav,sneeze
vocalsound/audio_16k/m1520_0_sneeze.wav,sneeze
vocalsound/audio_16k/f0661_0_sneeze.wav,sneeze
vocalsound/audio_16k/m2491_0_sneeze.wav,sneeze
vocalsound/audio_16k/m3325_0_sneeze.wav,sneeze
vocalsound/audio_16k/m0955_0_sneeze.wav,sneeze
vocalsound/audio_16k/f3097_0_sneeze.wav,sneeze
vocalsound/audio_16k/f0627_0_sneeze.wav,sneeze
vocalsound/audio_16k/m1231_0_sneeze.wav,sneeze
vocalsound/audio_16k/f0912_0_sneeze.wav,sneeze
vocalsound/audio_16k/f0512_0_sneeze.wav,sneeze
vocalsound/audio_16k/m1105_0_sneeze.wav,sneeze
vocalsound/audio_16k/m2727_0_sneeze.wav,sneeze
vocalsound/audio_16k/f1640_0_sneeze.wav,sneeze
vocalsound/audio_16k/m2527_0_sneeze.wav,sneeze
vocalsound/audio_16k/m2928_0_sneeze.wav,sneeze
vocalsound/audio_16k/f1226_0_sneeze.wav,sneeze
vocalsound/audio_16k/f1315_0_sneeze.wav,sneeze
vocalsound/audio_16k/m2242_0_sneeze.wav,sneeze
vocalsound/audio_16k/m0895_0_sneeze.wav,sneeze
vocalsound/audio_16k/m0351_0_sneeze.wav,sneeze
vocalsound/audio_16k/f0942_0_sneeze.wav,sneeze
vocalsound/audio_16k/f1657_0_sneeze.wav,sneeze
vocalsound/audio_16k/m1416_0_sneeze.wav,sneeze
vocalsound/audio_16k/m2437_0_sneeze.wav,sneeze
vocalsound/audio_16k/f0736_0_sneeze.wav,sneeze
vocalsound/audio_16k/m0828_0_sneeze.wav,sneeze
vocalsound/audio_16k/m0372_0_sneeze.wav,sneeze
vocalsound/audio_16k/f0451_0_sneeze.wav,sneeze
vocalsound/audio_16k/m2816_0_sneeze.wav,sneeze
vocalsound/audio_16k/f1081_0_sneeze.wav,sneeze
vocalsound/audio_16k/m0847_0_sneeze.wav,sneeze
vocalsound/audio_16k/m0155_0_sneeze.wav,sneeze
vocalsound/audio_16k/m2637_0_sneeze.wav,sneeze
vocalsound/audio_16k/m1229_0_sneeze.wav,sneeze
vocalsound/audio_16k/f0468_0_sneeze.wav,sneeze
vocalsound/audio_16k/m1188_0_sneeze.wav,sneeze
vocalsound/audio_16k/m0503_0_sneeze.wav,sneeze
vocalsound/audio_16k/m2069_1_sneeze.wav,sneeze
vocalsound/audio_16k/f2589_0_sneeze.wav,sneeze
vocalsound/audio_16k/f0140_0_sneeze.wav,sneeze
vocalsound/audio_16k/m0031_0_sneeze.wav,sneeze
vocalsound/audio_16k/f2056_0_sneeze.wav,sneeze
ESC-50/audio/2-130978-A-21.wav,sneeze
vocalsound/audio_16k/f1759_0_sneeze.wav,sneeze
vocalsound/audio_16k/m1371_0_sneeze.wav,sneeze
vocalsound/audio_16k/f0597_3_sneeze.wav,sneeze
vocalsound/audio_16k/m3360_0_sneeze.wav,sneeze
vocalsound/audio_16k/m0210_0_sneeze.wav,sneeze
vocalsound/audio_16k/m2939_0_sneeze.wav,sneeze
vocalsound/audio_16k/f0532_0_sneeze.wav,sneeze
vocalsound/audio_16k/m1053_0_sneeze.wav,sneeze
vocalsound/audio_16k/f0496_0_sneeze.wav,sneeze
vocalsound/audio_16k/f0581_2_sneeze.wav,sneeze
vocalsound/audio_16k/m0561_0_sneeze.wav,sneeze
vocalsound/audio_16k/m2528_0_sneeze.wav,sneeze
vocalsound/audio_16k/f2365_0_sneeze.wav,sneeze
vocalsound/audio_16k/m0107_0_sneeze.wav,sneeze
vocalsound/audio_16k/f1435_0_sneeze.wav,sneeze
vocalsound/audio_16k/f1107_0_sneeze.wav,sneeze
vocalsound/audio_16k/m2854_0_sneeze.wav,sneeze
vocalsound/audio_16k/m3292_0_sneeze.wav,sneeze
vocalsound/audio_16k/m0186_0_sneeze.wav,sneeze
vocalsound/audio_16k/f3215_0_sneeze.wav,sneeze
vocalsound/audio_16k/f3287_0_sneeze.wav,sneeze
vocalsound/audio_16k/m0400_0_sneeze.wav,sneeze
vocalsound/audio_16k/f3240_0_sneeze.wav,sneeze
vocalsound/audio_16k/f3223_0_sneeze.wav,sneeze
vocalsound/audio_16k/f0646_0_sneeze.wav,sneeze
vocalsound/audio_16k/m1999_0_sneeze.wav,sneeze
vocalsound/audio_16k/m1038_0_sneeze.wav,sneeze
vocalsound/audio_16k/f1086_0_sneeze.wav,sneeze
vocalsound/audio_16k/m1948_2_sneeze.wav,sneeze
vocalsound/audio_16k/f2965_0_sneeze.wav,sneeze
vocalsound/audio_16k/f0964_0_sneeze.wav,sneeze
vocalsound/audio_16k/f1423_0_sneeze.wav,sneeze
vocalsound/audio_16k/m1024_0_sneeze.wav,sneeze
vocalsound/audio_16k/m2586_0_sneeze.wav,sneeze
vocalsound/audio_16k/m0958_0_sneeze.wav,sneeze
vocalsound/audio_16k/f1042_0_sneeze.wav,sneeze
vocalsound/audio_16k/f1803_0_sneeze.wav,sneeze
ESC-50/audio/2-82538-A-21.wav,sneeze
vocalsound/audio_16k/f0151_0_sneeze.wav,sneeze
vocalsound/audio_16k/m2297_1_sneeze.wav,sneeze
vocalsound/audio_16k/m0507_0_sneeze.wav,sneeze
vocalsound/audio_16k/m1076_0_sneeze.wav,sneeze
vocalsound/audio_16k/m0214_0_sneeze.wav,sneeze
vocalsound/audio_16k/m0981_0_sneeze.wav,sneeze
vocalsound/audio_16k/f3256_0_sneeze.wav,sneeze
vocalsound/audio_16k/f1865_0_sneeze.wav,sneeze
vocalsound/audio_16k/m2151_0_sneeze.wav,sneeze
vocalsound/audio_16k/m0494_0_sneeze.wav,sneeze
vocalsound/audio_16k/m2903_0_sneeze.wav,sneeze
vocalsound/audio_16k/f1264_0_sneeze.wav,sneeze
vocalsound/audio_16k/f2273_0_sneeze.wav,sneeze
vocalsound/audio_16k/f1509_0_sneeze.wav,sneeze
vocalsound/audio_16k/f0916_0_sneeze.wav,sneeze
vocalsound/audio_16k/f0241_0_sneeze.wav,sneeze
vocalsound/audio_16k/m1986_0_sneeze.wav,sneeze
vocalsound/audio_16k/m0180_0_sneeze.wav,sneeze
vocalsound/audio_16k/m3179_0_sneeze.wav,sneeze
vocalsound/audio_16k/f0081_0_sneeze.wav,sneeze
vocalsound/audio_16k/f1949_1_sneeze.wav,sneeze
vocalsound/audio_16k/f1660_0_sneeze.wav,sneeze
vocalsound/audio_16k/m3137_0_sneeze.wav,sneeze
vocalsound/audio_16k/f0807_0_sneeze.wav,sneeze
vocalsound/audio_16k/m1496_0_sneeze.wav,sneeze
vocalsound/audio_16k/f0258_0_sneeze.wav,sneeze
vocalsound/audio_16k/m0380_0_sneeze.wav,sneeze
vocalsound/audio_16k/m1528_0_sneeze.wav,sneeze
vocalsound/audio_16k/m2719_0_sneeze.wav,sneeze
vocalsound/audio_16k/f1964_1_sneeze.wav,sneeze
vocalsound/audio_16k/m3354_0_sneeze.wav,sneeze
vocalsound/audio_16k/m0065_0_sneeze.wav,sneeze
vocalsound/audio_16k/m0325_0_sneeze.wav,sneeze
vocalsound/audio_16k/f1904_0_sneeze.wav,sneeze
vocalsound/audio_16k/m1040_0_sneeze.wav,sneeze
vocalsound/audio_16k/f1752_0_sneeze.wav,sneeze
vocalsound/audio_16k/f0460_0_sneeze.wav,sneeze
vocalsound/audio_16k/f1144_0_sneeze.wav,sneeze
vocalsound/audio_16k/m0770_0_sneeze.wav,sneeze
vocalsound/audio_16k/f2385_0_sneeze.wav,sneeze
vocalsound/audio_16k/o0337_0_sneeze.wav,sneeze
vocalsound/audio_16k/m1356_0_sneeze.wav,sneeze
vocalsound/audio_16k/f2676_0_sneeze.wav,sneeze
vocalsound/audio_16k/m2547_0_sneeze.wav,sneeze
vocalsound/audio_16k/m1529_0_sneeze.wav,sneeze
vocalsound/audio_16k/f2695_0_sneeze.wav,sneeze
vocalsound/audio_16k/f1934_0_sneeze.wav,sneeze
vocalsound/audio_16k/m2219_0_sneeze.wav,sneeze
vocalsound/audio_16k/f1161_0_sneeze.wav,sneeze
vocalsound/audio_16k/m0898_0_sneeze.wav,sneeze
vocalsound/audio_16k/f1790_0_sneeze.wav,sneeze
vocalsound/audio_16k/m0141_0_sneeze.wav,sneeze
vocalsound/audio_16k/f2506_0_sneeze.wav,sneeze
vocalsound/audio_16k/f2268_0_sneeze.wav,sneeze
vocalsound/audio_16k/f0509_0_sneeze.wav,sneeze
vocalsound/audio_16k/m1179_0_sneeze.wav,sneeze
vocalsound/audio_16k/m1479_0_sneeze.wav,sneeze
vocalsound/audio_16k/m2312_0_sneeze.wav,sneeze
vocalsound/audio_16k/m1744_0_sneeze.wav,sneeze
vocalsound/audio_16k/m0235_0_sneeze.wav,sneeze
vocalsound/audio_16k/m1172_0_sneeze.wav,sneeze
vocalsound/audio_16k/m0702_0_sneeze.wav,sneeze
vocalsound/audio_16k/f0382_0_sneeze.wav,sneeze
vocalsound/audio_16k/f2941_0_sneeze.wav,sneeze
vocalsound/audio_16k/m1877_0_sneeze.wav,sneeze
vocalsound/audio_16k/f3277_0_sneeze.wav,sneeze
vocalsound/audio_16k/m0932_0_sneeze.wav,sneeze
vocalsound/audio_16k/f2675_0_sneeze.wav,sneeze
vocalsound/audio_16k/m0161_0_sneeze.wav,sneeze
vocalsound/audio_16k/m0104_0_sneeze.wav,sneeze
vocalsound/audio_16k/f1224_0_sneeze.wav,sneeze
vocalsound/audio_16k/m3021_0_sneeze.wav,sneeze
vocalsound/audio_16k/f3232_0_sneeze.wav,sneeze
vocalsound/audio_16k/f1465_0_sneeze.wav,sneeze
vocalsound/audio_16k/m1033_0_sneeze.wav,sneeze
vocalsound/audio_16k/m3289_0_sneeze.wav,sneeze
vocalsound/audio_16k/o0391_0_sneeze.wav,sneeze
vocalsound/audio_16k/m2906_0_sneeze.wav,sneeze
vocalsound/audio_16k/f2508_0_sneeze.wav,sneeze
vocalsound/audio_16k/f1177_0_sneeze.wav,sneeze
vocalsound/audio_16k/m2015_0_sneeze.wav,sneeze
vocalsound/audio_16k/o2139_0_sneeze.wav,sneeze
vocalsound/audio_16k/m1215_0_sneeze.wav,sneeze
vocalsound/audio_16k/m0136_0_sneeze.wav,sneeze
vocalsound/audio_16k/m2565_0_sneeze.wav,sneeze
vocalsound/audio_16k/m1181_0_sneeze.wav,sneeze
vocalsound/audio_16k/m0965_1_sneeze.wav,sneeze
vocalsound/audio_16k/m2282_0_sneeze.wav,sneeze
vocalsound/audio_16k/f3344_0_sneeze.wav,sneeze
vocalsound/audio_16k/f1957_0_sneeze.wav,sneeze
vocalsound/audio_16k/f2060_0_sneeze.wav,sneeze
vocalsound/audio_16k/f1647_0_sneeze.wav,sneeze
vocalsound/audio_16k/m3314_0_sneeze.wav,sneeze
vocalsound/audio_16k/m2406_0_sneeze.wav,sneeze
vocalsound/audio_16k/m3121_0_sneeze.wav,sneeze
vocalsound/audio_16k/m3120_0_sneeze.wav,sneeze
vocalsound/audio_16k/f0742_0_sneeze.wav,sneeze
vocalsound/audio_16k/m1013_0_sneeze.wav,sneeze
vocalsound/audio_16k/f1518_0_sneeze.wav,sneeze
vocalsound/audio_16k/f0419_0_sneeze.wav,sneeze
vocalsound/audio_16k/f2195_0_sneeze.wav,sneeze
vocalsound/audio_16k/f3237_0_sneeze.wav,sneeze
vocalsound/audio_16k/m1569_0_sneeze.wav,sneeze
vocalsound/audio_16k/m1557_0_sneeze.wav,sneeze
vocalsound/audio_16k/f0304_0_sneeze.wav,sneeze
vocalsound/audio_16k/m2815_0_sneeze.wav,sneeze
vocalsound/audio_16k/f1507_0_sneeze.wav,sneeze
vocalsound/audio_16k/m1448_0_sneeze.wav,sneeze
vocalsound/audio_16k/m1190_0_sneeze.wav,sneeze
vocalsound/audio_16k/f1751_0_sneeze.wav,sneeze
vocalsound/audio_16k/m0586_0_sneeze.wav,sneeze
vocalsound/audio_16k/f1685_0_sneeze.wav,sneeze
vocalsound/audio_16k/f2819_0_sneeze.wav,sneeze
vocalsound/audio_16k/f2535_1_sneeze.wav,sneeze
vocalsound/audio_16k/f0077_0_sneeze.wav,sneeze
vocalsound/audio_16k/f1706_0_sneeze.wav,sneeze
vocalsound/audio_16k/f1516_0_sneeze.wav,sneeze
vocalsound/audio_16k/m2188_0_sneeze.wav,sneeze
vocalsound/audio_16k/m0582_5_sneeze.wav,sneeze
vocalsound/audio_16k/m2793_0_sneeze.wav,sneeze
vocalsound/audio_16k/m1567_0_sneeze.wav,sneeze
vocalsound/audio_16k/f1652_0_sneeze.wav,sneeze
vocalsound/audio_16k/m0034_0_sneeze.wav,sneeze
vocalsound/audio_16k/m2381_0_sneeze.wav,sneeze
vocalsound/audio_16k/m1139_0_sneeze.wav,sneeze
vocalsound/audio_16k/f2703_0_sneeze.wav,sneeze
vocalsound/audio_16k/f2332_0_sneeze.wav,sneeze
vocalsound/audio_16k/f3268_0_sneeze.wav,sneeze
vocalsound/audio_16k/m0533_0_sneeze.wav,sneeze
vocalsound/audio_16k/m2879_0_sneeze.wav,sneeze
vocalsound/audio_16k/f3079_0_sneeze.wav,sneeze
vocalsound/audio_16k/m2733_1_sneeze.wav,sneeze
vocalsound/audio_16k/m2212_0_sneeze.wav,sneeze
vocalsound/audio_16k/f3081_0_sneeze.wav,sneeze
vocalsound/audio_16k/m0845_0_sneeze.wav,sneeze
vocalsound/audio_16k/m0714_0_sneeze.wav,sneeze
vocalsound/audio_16k/m2945_0_sneeze.wav,sneeze
vocalsound/audio_16k/f0788_0_sneeze.wav,sneeze
vocalsound/audio_16k/m0552_0_sneeze.wav,sneeze
vocalsound/audio_16k/f2686_0_sneeze.wav,sneeze
vocalsound/audio_16k/m1873_0_sneeze.wav,sneeze
vocalsound/audio_16k/f3182_0_sneeze.wav,sneeze
vocalsound/audio_16k/f2628_0_sneeze.wav,sneeze
vocalsound/audio_16k/m0143_0_sneeze.wav,sneeze
vocalsound/audio_16k/f0373_0_sneeze.wav,sneeze
vocalsound/audio_16k/m1218_0_sneeze.wav,sneeze
vocalsound/audio_16k/f1796_0_sneeze.wav,sneeze
vocalsound/audio_16k/f1197_0_sneeze.wav,sneeze
vocalsound/audio_16k/o2005_0_sneeze.wav,sneeze
vocalsound/audio_16k/m2391_0_sneeze.wav,sneeze
vocalsound/audio_16k/m2674_0_sneeze.wav,sneeze
vocalsound/audio_16k/m1421_0_sneeze.wav,sneeze
vocalsound/audio_16k/m1382_0_sneeze.wav,sneeze
vocalsound/audio_16k/m0169_0_sneeze.wav,sneeze
vocalsound/audio_16k/f2451_0_sneeze.wav,sneeze
vocalsound/audio_16k/f1246_0_sneeze.wav,sneeze
vocalsound/audio_16k/f1590_0_sneeze.wav,sneeze
vocalsound/audio_16k/f2787_0_sneeze.wav,sneeze
vocalsound/audio_16k/f1867_0_sneeze.wav,sneeze
vocalsound/audio_16k/m2419_0_sneeze.wav,sneeze
vocalsound/audio_16k/m1294_0_sneeze.wav,sneeze
vocalsound/audio_16k/f1970_0_sneeze.wav,sneeze
vocalsound/audio_16k/m0726_0_sneeze.wav,sneeze
vocalsound/audio_16k/m1130_0_sneeze.wav,sneeze
vocalsound/audio_16k/m2863_0_sneeze.wav,sneeze
vocalsound/audio_16k/f2092_0_sneeze.wav,sneeze
vocalsound/audio_16k/m0645_0_sneeze.wav,sneeze
vocalsound/audio_16k/m0660_0_sneeze.wav,sneeze
vocalsound/audio_16k/m0495_0_sneeze.wav,sneeze
vocalsound/audio_16k/f1340_0_sneeze.wav,sneeze
vocalsound/audio_16k/f3019_0_sneeze.wav,sneeze
vocalsound/audio_16k/f1349_0_sneeze.wav,sneeze
vocalsound/audio_16k/m1958_1_sneeze.wav,sneeze
vocalsound/audio_16k/m1093_0_sneeze.wav,sneeze
vocalsound/audio_16k/m0644_0_sneeze.wav,sneeze
vocalsound/audio_16k/m1908_0_sneeze.wav,sneeze
vocalsound/audio_16k/m3023_0_sneeze.wav,sneeze
vocalsound/audio_16k/f0477_0_sneeze.wav,sneeze
vocalsound/audio_16k/m0921_0_sneeze.wav,sneeze
vocalsound/audio_16k/f0259_0_sneeze.wav,sneeze
vocalsound/audio_16k/f0606_0_sneeze.wav,sneeze
vocalsound/audio_16k/f0392_0_sneeze.wav,sneeze
ESC-50/audio/4-157297-A-21.wav,sneeze
vocalsound/audio_16k/m0135_0_sneeze.wav,sneeze
vocalsound/audio_16k/m2353_0_sneeze.wav,sneeze
vocalsound/audio_16k/f1875_0_sneeze.wav,sneeze
vocalsound/audio_16k/f0574_0_sneeze.wav,sneeze
vocalsound/audio_16k/f1238_0_sneeze.wav,sneeze
vocalsound/audio_16k/m2301_0_sneeze.wav,sneeze
vocalsound/audio_16k/f1767_0_sneeze.wav,sneeze
vocalsound/audio_16k/m0790_0_sneeze.wav,sneeze
vocalsound/audio_16k/m0462_0_sneeze.wav,sneeze
vocalsound/audio_16k/m2645_0_sneeze.wav,sneeze
vocalsound/audio_16k/f0499_0_sneeze.wav,sneeze
vocalsound/audio_16k/m1677_0_sneeze.wav,sneeze
vocalsound/audio_16k/m2584_0_sneeze.wav,sneeze
vocalsound/audio_16k/m0601_1_sneeze.wav,sneeze
vocalsound/audio_16k/m0641_0_sneeze.wav,sneeze
vocalsound/audio_16k/m1988_0_sneeze.wav,sneeze
vocalsound/audio_16k/m2227_0_sneeze.wav,sneeze
vocalsound/audio_16k/m0983_0_sneeze.wav,sneeze
vocalsound/audio_16k/m2980_0_sneeze.wav,sneeze
vocalsound/audio_16k/m0129_0_sneeze.wav,sneeze
vocalsound/audio_16k/f0028_0_sneeze.wav,sneeze
vocalsound/audio_16k/m2570_0_sneeze.wav,sneeze
vocalsound/audio_16k/m3104_0_sneeze.wav,sneeze
vocalsound/audio_16k/f2264_0_sneeze.wav,sneeze
vocalsound/audio_16k/m1015_0_sneeze.wav,sneeze
vocalsound/audio_16k/f2360_0_sneeze.wav,sneeze
vocalsound/audio_16k/f0096_0_sneeze.wav,sneeze
vocalsound/audio_16k/m0762_0_sneeze.wav,sneeze
vocalsound/audio_16k/m3226_0_sneeze.wav,sneeze
vocalsound/audio_16k/f1429_0_sneeze.wav,sneeze
vocalsound/audio_16k/f0859_0_sneeze.wav,sneeze
vocalsound/audio_16k/f0774_0_sneeze.wav,sneeze
vocalsound/audio_16k/m2283_0_sneeze.wav,sneeze
vocalsound/audio_16k/f1220_0_sneeze.wav,sneeze
vocalsound/audio_16k/m1901_0_sneeze.wav,sneeze
vocalsound/audio_16k/f1541_0_sneeze.wav,sneeze
vocalsound/audio_16k/m0943_0_sneeze.wav,sneeze
vocalsound/audio_16k/f2036_0_sneeze.wav,sneeze
vocalsound/audio_16k/m2479_0_sneeze.wav,sneeze
vocalsound/audio_16k/f2185_0_sneeze.wav,sneeze
vocalsound/audio_16k/m0035_0_sneeze.wav,sneeze
vocalsound/audio_16k/m2952_0_sneeze.wav,sneeze
vocalsound/audio_16k/m1679_0_sneeze.wav,sneeze
vocalsound/audio_16k/m2820_0_sneeze.wav,sneeze
vocalsound/audio_16k/m0484_0_sneeze.wav,sneeze
vocalsound/audio_16k/m1240_0_sneeze.wav,sneeze
vocalsound/audio_16k/f1957_2_sneeze.wav,sneeze
vocalsound/audio_16k/f1839_0_sneeze.wav,sneeze
vocalsound/audio_16k/m1911_0_sneeze.wav,sneeze
vocalsound/audio_16k/f0649_0_sneeze.wav,sneeze
vocalsound/audio_16k/m2065_0_sneeze.wav,sneeze
vocalsound/audio_16k/m2878_0_sneeze.wav,sneeze
vocalsound/audio_16k/m2193_0_sneeze.wav,sneeze
vocalsound/audio_16k/m2009_0_sneeze.wav,sneeze
vocalsound/audio_16k/m1848_0_sneeze.wav,sneeze
vocalsound/audio_16k/m1147_0_sneeze.wav,sneeze
vocalsound/audio_16k/m0573_3_sneeze.wav,sneeze
vocalsound/audio_16k/f0457_0_sneeze.wav,sneeze
ESC-50/audio/5-221518-A-21.wav,sneeze
vocalsound/audio_16k/m3013_0_sneeze.wav,sneeze
vocalsound/audio_16k/m3233_0_sneeze.wav,sneeze
vocalsound/audio_16k/m0730_0_sneeze.wav,sneeze
vocalsound/audio_16k/m0283_0_sneeze.wav,sneeze
vocalsound/audio_16k/m2567_0_sneeze.wav,sneeze
vocalsound/audio_16k/m1250_0_sneeze.wav,sneeze
vocalsound/audio_16k/m2237_0_sneeze.wav,sneeze
vocalsound/audio_16k/m2142_0_sneeze.wav,sneeze
vocalsound/audio_16k/f0334_0_sneeze.wav,sneeze
vocalsound/audio_16k/f1866_0_sneeze.wav,sneeze
vocalsound/audio_16k/f1702_0_sneeze.wav,sneeze
vocalsound/audio_16k/m1258_0_sneeze.wav,sneeze
vocalsound/audio_16k/m0573_1_sneeze.wav,sneeze
vocalsound/audio_16k/m2865_0_sneeze.wav,sneeze
vocalsound/audio_16k/f0378_0_sneeze.wav,sneeze
vocalsound/audio_16k/m1707_0_sneeze.wav,sneeze
vocalsound/audio_16k/f2305_0_sneeze.wav,sneeze
vocalsound/audio_16k/m2420_0_sneeze.wav,sneeze
vocalsound/audio_16k/m2999_0_sneeze.wav,sneeze
vocalsound/audio_16k/f0253_0_sneeze.wav,sneeze
vocalsound/audio_16k/m1629_0_sneeze.wav,sneeze
vocalsound/audio_16k/f2641_0_sneeze.wav,sneeze
vocalsound/audio_16k/m1672_0_sneeze.wav,sneeze
vocalsound/audio_16k/f1668_0_sneeze.wav,sneeze
vocalsound/audio_16k/m1445_0_sneeze.wav,sneeze
vocalsound/audio_16k/m2636_0_sneeze.wav,sneeze
vocalsound/audio_16k/m3293_0_sneeze.wav,sneeze
vocalsound/audio_16k/f0619_0_sneeze.wav,sneeze
vocalsound/audio_16k/m2582_0_sneeze.wav,sneeze
vocalsound/audio_16k/m2274_0_sneeze.wav,sneeze
vocalsound/audio_16k/m2093_0_sneeze.wav,sneeze
vocalsound/audio_16k/f1949_0_sneeze.wav,sneeze
vocalsound/audio_16k/m1563_0_sneeze.wav,sneeze
vocalsound/audio_16k/f3349_0_sneeze.wav,sneeze
vocalsound/audio_16k/m1046_0_sneeze.wav,sneeze
vocalsound/audio_16k/f2805_0_sneeze.wav,sneeze
vocalsound/audio_16k/f3308_0_sneeze.wav,sneeze
vocalsound/audio_16k/m2655_0_sneeze.wav,sneeze
vocalsound/audio_16k/f0630_0_sneeze.wav,sneeze
vocalsound/audio_16k/m0745_0_sneeze.wav,sneeze
vocalsound/audio_16k/f2951_0_sneeze.wav,sneeze
vocalsound/audio_16k/f0438_0_sneeze.wav,sneeze
vocalsound/audio_16k/f0782_0_sneeze.wav,sneeze
vocalsound/audio_16k/m0316_0_sneeze.wav,sneeze
vocalsound/audio_16k/f1882_0_sneeze.wav,sneeze
vocalsound/audio_16k/f0614_0_sneeze.wav,sneeze
vocalsound/audio_16k/f2905_0_sneeze.wav,sneeze
vocalsound/audio_16k/m1815_0_sneeze.wav,sneeze
vocalsound/audio_16k/f2747_0_sneeze.wav,sneeze
vocalsound/audio_16k/f0224_0_sneeze.wav,sneeze
vocalsound/audio_16k/m3270_0_sneeze.wav,sneeze
vocalsound/audio_16k/m0417_0_sneeze.wav,sneeze
vocalsound/audio_16k/m2867_0_sneeze.wav,sneeze
vocalsound/audio_16k/f1852_0_sneeze.wav,sneeze
vocalsound/audio_16k/f3050_0_sneeze.wav,sneeze
vocalsound/audio_16k/m1151_0_sneeze.wav,sneeze
vocalsound/audio_16k/f3222_0_sneeze.wav,sneeze
vocalsound/audio_16k/m0265_0_sneeze.wav,sneeze
vocalsound/audio_16k/f1485_0_sneeze.wav,sneeze
vocalsound/audio_16k/m1433_0_sneeze.wav,sneeze
vocalsound/audio_16k/f3261_0_sneeze.wav,sneeze
vocalsound/audio_16k/f0689_0_sneeze.wav,sneeze
vocalsound/audio_16k/m1756_1_sneeze.wav,sneeze
vocalsound/audio_16k/m2464_0_sneeze.wav,sneeze
vocalsound/audio_16k/m2669_0_sneeze.wav,sneeze
vocalsound/audio_16k/f0663_0_sneeze.wav,sneeze
vocalsound/audio_16k/f2192_0_sneeze.wav,sneeze
vocalsound/audio_16k/m2871_0_sneeze.wav,sneeze
vocalsound/audio_16k/m1478_0_sneeze.wav,sneeze
vocalsound/audio_16k/m1468_0_sneeze.wav,sneeze
vocalsound/audio_16k/f3351_0_sneeze.wav,sneeze
vocalsound/audio_16k/f2662_0_sneeze.wav,sneeze
vocalsound/audio_16k/f3090_0_sneeze.wav,sneeze
vocalsound/audio_16k/f0856_0_sneeze.wav,sneeze
vocalsound/audio_16k/f0738_0_sneeze.wav,sneeze
vocalsound/audio_16k/m2352_0_sneeze.wav,sneeze
vocalsound/audio_16k/m2083_0_sneeze.wav,sneeze
vocalsound/audio_16k/m0366_0_sneeze.wav,sneeze
vocalsound/audio_16k/f3084_0_sneeze.wav,sneeze
vocalsound/audio_16k/f2209_0_sneeze.wav,sneeze
vocalsound/audio_16k/f0814_0_sneeze.wav,sneeze
vocalsound/audio_16k/f1083_0_sneeze.wav,sneeze
vocalsound/audio_16k/f0703_0_sneeze.wav,sneeze
vocalsound/audio_16k/f1502_0_sneeze.wav,sneeze
vocalsound/audio_16k/m2842_0_sneeze.wav,sneeze
vocalsound/audio_16k/m0402_0_sneeze.wav,sneeze
vocalsound/audio_16k/m1180_0_sneeze.wav,sneeze
vocalsound/audio_16k/m1168_0_sneeze.wav,sneeze
vocalsound/audio_16k/m0842_0_sneeze.wav,sneeze
vocalsound/audio_16k/m0103_0_sneeze.wav,sneeze
vocalsound/audio_16k/f0821_0_sneeze.wav,sneeze
vocalsound/audio_16k/m3317_0_sneeze.wav,sneeze
vocalsound/audio_16k/f0727_0_sneeze.wav,sneeze
vocalsound/audio_16k/f3035_0_sneeze.wav,sneeze
vocalsound/audio_16k/m1167_0_sneeze.wav,sneeze
vocalsound/audio_16k/f0747_0_sneeze.wav,sneeze
vocalsound/audio_16k/f2738_0_sneeze.wav,sneeze
vocalsound/audio_16k/f3321_0_sneeze.wav,sneeze
vocalsound/audio_16k/f0037_0_sneeze.wav,sneeze
vocalsound/audio_16k/f2421_0_sneeze.wav,sneeze
vocalsound/audio_16k/m0142_0_sneeze.wav,sneeze
vocalsound/audio_16k/f3340_0_sneeze.wav,sneeze
vocalsound/audio_16k/f0680_0_sneeze.wav,sneeze
vocalsound/audio_16k/m1193_0_sneeze.wav,sneeze
vocalsound/audio_16k/m3101_0_sneeze.wav,sneeze
vocalsound/audio_16k/m1326_0_sneeze.wav,sneeze
vocalsound/audio_16k/m0897_0_sneeze.wav,sneeze
vocalsound/audio_16k/f1349_1_sneeze.wav,sneeze
vocalsound/audio_16k/m1804_0_sneeze.wav,sneeze
vocalsound/audio_16k/m1393_0_sneeze.wav,sneeze
vocalsound/audio_16k/m2998_0_sneeze.wav,sneeze
vocalsound/audio_16k/f2201_0_sneeze.wav,sneeze
vocalsound/audio_16k/f2516_0_sneeze.wav,sneeze
vocalsound/audio_16k/m1853_0_sneeze.wav,sneeze
vocalsound/audio_16k/m0682_0_sneeze.wav,sneeze
vocalsound/audio_16k/m2555_1_sneeze.wav,sneeze
vocalsound/audio_16k/f0525_0_sneeze.wav,sneeze
vocalsound/audio_16k/f1334_0_sneeze.wav,sneeze
vocalsound/audio_16k/m0297_0_sneeze.wav,sneeze
vocalsound/audio_16k/f2275_0_sneeze.wav,sneeze
vocalsound/audio_16k/m0189_0_sneeze.wav,sneeze
vocalsound/audio_16k/m3161_0_sneeze.wav,sneeze
vocalsound/audio_16k/m2468_0_sneeze.wav,sneeze
vocalsound/audio_16k/m1536_0_sneeze.wav,sneeze
vocalsound/audio_16k/f3094_0_sneeze.wav,sneeze
vocalsound/audio_16k/f2030_0_sneeze.wav,sneeze
vocalsound/audio_16k/f1982_0_sneeze.wav,sneeze
vocalsound/audio_16k/m1926_0_sneeze.wav,sneeze
vocalsound/audio_16k/f1586_0_sneeze.wav,sneeze
vocalsound/audio_16k/m0478_0_sneeze.wav,sneeze
vocalsound/audio_16k/m2593_0_sneeze.wav,sneeze
vocalsound/audio_16k/m2058_0_sneeze.wav,sneeze
vocalsound/audio_16k/f2551_0_sneeze.wav,sneeze
vocalsound/audio_16k/m1676_0_sneeze.wav,sneeze
vocalsound/audio_16k/m0030_0_sneeze.wav,sneeze
vocalsound/audio_16k/f2811_0_sneeze.wav,sneeze
vocalsound/audio_16k/m1466_0_sneeze.wav,sneeze
vocalsound/audio_16k/f2784_0_sneeze.wav,sneeze
vocalsound/audio_16k/m0342_0_sneeze.wav,sneeze
vocalsound/audio_16k/f2845_0_sneeze.wav,sneeze
vocalsound/audio_16k/m1632_0_sneeze.wav,sneeze
vocalsound/audio_16k/f1111_0_sneeze.wav,sneeze
vocalsound/audio_16k/m1944_0_sneeze.wav,sneeze
vocalsound/audio_16k/m2710_0_sneeze.wav,sneeze
vocalsound/audio_16k/f1628_0_sneeze.wav,sneeze
vocalsound/audio_16k/m2430_0_sneeze.wav,sneeze
vocalsound/audio_16k/f2635_0_sneeze.wav,sneeze
vocalsound/audio_16k/f1413_0_sneeze.wav,sneeze
vocalsound/audio_16k/m1537_0_sneeze.wav,sneeze
vocalsound/audio_16k/m3333_0_sneeze.wav,sneeze
vocalsound/audio_16k/f2414_0_sneeze.wav,sneeze
vocalsound/audio_16k/m3060_0_sneeze.wav,sneeze
vocalsound/audio_16k/m2529_0_sneeze.wav,sneeze
vocalsound/audio_16k/f2745_0_sneeze.wav,sneeze
vocalsound/audio_16k/f3231_0_sneeze.wav,sneeze
vocalsound/audio_16k/m1554_0_sneeze.wav,sneeze
vocalsound/audio_16k/m2024_0_sneeze.wav,sneeze
vocalsound/audio_16k/f3125_0_sneeze.wav,sneeze
vocalsound/audio_16k/f0923_0_sneeze.wav,sneeze
vocalsound/audio_16k/m1532_0_sneeze.wav,sneeze
vocalsound/audio_16k/f1619_0_sneeze.wav,sneeze
vocalsound/audio_16k/m2831_0_sneeze.wav,sneeze
vocalsound/audio_16k/f1434_0_sneeze.wav,sneeze
vocalsound/audio_16k/m1127_0_sneeze.wav,sneeze
vocalsound/audio_16k/f0199_0_sneeze.wav,sneeze
vocalsound/audio_16k/m0500_0_sneeze.wav,sneeze
vocalsound/audio_16k/f1690_0_sneeze.wav,sneeze
vocalsound/audio_16k/m0322_0_sneeze.wav,sneeze
vocalsound/audio_16k/m1289_0_sneeze.wav,sneeze
vocalsound/audio_16k/f0581_3_sneeze.wav,sneeze
vocalsound/audio_16k/m0108_0_sneeze.wav,sneeze
vocalsound/audio_16k/m1742_0_sneeze.wav,sneeze
vocalsound/audio_16k/f1140_0_sneeze.wav,sneeze
vocalsound/audio_16k/m2881_0_sneeze.wav,sneeze
vocalsound/audio_16k/f1956_0_sneeze.wav,sneeze
vocalsound/audio_16k/f2038_0_sneeze.wav,sneeze
vocalsound/audio_16k/m1462_0_sneeze.wav,sneeze
vocalsound/audio_16k/m0207_0_sneeze.wav,sneeze
vocalsound/audio_16k/m1583_0_sneeze.wav,sneeze
vocalsound/audio_16k/m2955_0_sneeze.wav,sneeze
vocalsound/audio_16k/m0403_0_sneeze.wav,sneeze
vocalsound/audio_16k/m1306_0_sneeze.wav,sneeze
vocalsound/audio_16k/m2239_0_sneeze.wav,sneeze
vocalsound/audio_16k/m1005_0_sneeze.wav,sneeze
vocalsound/audio_16k/m0796_1_sneeze.wav,sneeze
vocalsound/audio_16k/m0172_0_sneeze.wav,sneeze
vocalsound/audio_16k/m1067_0_sneeze.wav,sneeze
vocalsound/audio_16k/f0286_0_sneeze.wav,sneeze
vocalsound/audio_16k/m2473_0_sneeze.wav,sneeze
vocalsound/audio_16k/m1022_0_sneeze.wav,sneeze
vocalsound/audio_16k/f0684_0_sneeze.wav,sneeze
vocalsound/audio_16k/m2387_0_sneeze.wav,sneeze
vocalsound/audio_16k/m2229_0_sneeze.wav,sneeze
vocalsound/audio_16k/f3044_0_sneeze.wav,sneeze
vocalsound/audio_16k/f1328_0_sneeze.wav,sneeze
vocalsound/audio_16k/m1972_0_sneeze.wav,sneeze
vocalsound/audio_16k/m0049_0_sneeze.wav,sneeze
vocalsound/audio_16k/m2713_0_sneeze.wav,sneeze
vocalsound/audio_16k/m1394_1_sneeze.wav,sneeze
vocalsound/audio_16k/f0850_0_sneeze.wav,sneeze
vocalsound/audio_16k/f0008_0_sneeze.wav,sneeze
vocalsound/audio_16k/m3320_0_sneeze.wav,sneeze
vocalsound/audio_16k/f2102_0_sneeze.wav,sneeze
vocalsound/audio_16k/f1800_0_sneeze.wav,sneeze
vocalsound/audio_16k/m0829_0_sneeze.wav,sneeze
vocalsound/audio_16k/m2498_0_sneeze.wav,sneeze
vocalsound/audio_16k/m2343_0_sneeze.wav,sneeze
vocalsound/audio_16k/m0374_0_sneeze.wav,sneeze
vocalsound/audio_16k/f3213_0_sneeze.wav,sneeze
vocalsound/audio_16k/m0001_0_sneeze.wav,sneeze
vocalsound/audio_16k/m1893_0_sneeze.wav,sneeze
vocalsound/audio_16k/m0733_0_sneeze.wav,sneeze
vocalsound/audio_16k/f1236_0_sneeze.wav,sneeze
vocalsound/audio_16k/o1357_0_sneeze.wav,sneeze
vocalsound/audio_16k/f0167_0_sneeze.wav,sneeze
vocalsound/audio_16k/m0600_0_sneeze.wav,sneeze
vocalsound/audio_16k/f0838_0_sneeze.wav,sneeze
vocalsound/audio_16k/m3207_0_sneeze.wav,sneeze
vocalsound/audio_16k/m2159_0_sneeze.wav,sneeze
vocalsound/audio_16k/m1477_0_sneeze.wav,sneeze
vocalsound/audio_16k/f0938_0_sneeze.wav,sneeze
vocalsound/audio_16k/f1154_0_sneeze.wav,sneeze
vocalsound/audio_16k/f2972_0_sneeze.wav,sneeze
vocalsound/audio_16k/f2622_0_sneeze.wav,sneeze
vocalsound/audio_16k/f2927_0_sneeze.wav,sneeze
vocalsound/audio_16k/m0456_0_sneeze.wav,sneeze
vocalsound/audio_16k/f1666_0_sneeze.wav,sneeze
vocalsound/audio_16k/m1394_0_sneeze.wav,sneeze
vocalsound/audio_16k/m2824_0_sneeze.wav,sneeze
vocalsound/audio_16k/m1136_0_sneeze.wav,sneeze
vocalsound/audio_16k/m0575_0_sneeze.wav,sneeze
vocalsound/audio_16k/f0781_0_sneeze.wav,sneeze
vocalsound/audio_16k/m3140_0_sneeze.wav,sneeze
vocalsound/audio_16k/m0431_0_sneeze.wav,sneeze
vocalsound/audio_16k/m1951_1_sneeze.wav,sneeze
vocalsound/audio_16k/m1983_0_sneeze.wav,sneeze
vocalsound/audio_16k/f2505_0_sneeze.wav,sneeze
vocalsound/audio_16k/f0360_0_sneeze.wav,sneeze
vocalsound/audio_16k/f0928_0_sneeze.wav,sneeze
vocalsound/audio_16k/f0149_0_sneeze.wav,sneeze
vocalsound/audio_16k/m2932_0_sneeze.wav,sneeze
vocalsound/audio_16k/m1399_0_sneeze.wav,sneeze
vocalsound/audio_16k/m2126_0_sneeze.wav,sneeze
vocalsound/audio_16k/f1960_0_sneeze.wav,sneeze
vocalsound/audio_16k/m0867_0_sneeze.wav,sneeze
vocalsound/audio_16k/f1388_0_sneeze.wav,sneeze
vocalsound/audio_16k/m3157_0_sneeze.wav,sneeze
vocalsound/audio_16k/f2796_0_sneeze.wav,sneeze
vocalsound/audio_16k/m0230_0_sneeze.wav,sneeze
vocalsound/audio_16k/m0502_0_sneeze.wav,sneeze
vocalsound/audio_16k/f1881_0_sneeze.wav,sneeze
vocalsound/audio_16k/m0083_0_sneeze.wav,sneeze
vocalsound/audio_16k/f1470_0_sneeze.wav,sneeze
vocalsound/audio_16k/m2304_0_sneeze.wav,sneeze
vocalsound/audio_16k/m0267_0_sneeze.wav,sneeze
vocalsound/audio_16k/m2425_0_sneeze.wav,sneeze
vocalsound/audio_16k/f0217_0_sneeze.wav,sneeze
vocalsound/audio_16k/f1604_0_sneeze.wav,sneeze
vocalsound/audio_16k/m2767_0_sneeze.wav,sneeze
vocalsound/audio_16k/m0251_0_sneeze.wav,sneeze
vocalsound/audio_16k/f3347_0_sneeze.wav,sneeze
ESC-50/audio/3-142605-A-21.wav,sneeze
vocalsound/audio_16k/f1727_0_sneeze.wav,sneeze
vocalsound/audio_16k/f1658_0_sneeze.wav,sneeze
vocalsound/audio_16k/f2293_1_sneeze.wav,sneeze
vocalsound/audio_16k/f0518_0_sneeze.wav,sneeze
vocalsound/audio_16k/f0811_0_sneeze.wav,sneeze
vocalsound/audio_16k/m1196_0_sneeze.wav,sneeze
vocalsound/audio_16k/m3253_0_sneeze.wav,sneeze
vocalsound/audio_16k/m2689_0_sneeze.wav,sneeze
vocalsound/audio_16k/f2746_0_sneeze.wav,sneeze
vocalsound/audio_16k/f1603_0_sneeze.wav,sneeze
vocalsound/audio_16k/m3311_0_sneeze.wav,sneeze
vocalsound/audio_16k/m1266_0_sneeze.wav,sneeze
vocalsound/audio_16k/f2133_0_sneeze.wav,sneeze
vocalsound/audio_16k/m0654_0_sneeze.wav,sneeze
vocalsound/audio_16k/m0952_0_sneeze.wav,sneeze
vocalsound/audio_16k/f2630_0_sneeze.wav,sneeze
vocalsound/audio_16k/f3346_0_sneeze.wav,sneeze
vocalsound/audio_16k/m0012_0_sneeze.wav,sneeze
vocalsound/audio_16k/f0924_0_sneeze.wav,sneeze
vocalsound/audio_16k/f2966_0_sneeze.wav,sneeze
vocalsound/audio_16k/f3012_0_sneeze.wav,sneeze
vocalsound/audio_16k/m1347_1_sneeze.wav,sneeze
vocalsound/audio_16k/f1376_0_sneeze.wav,sneeze
vocalsound/audio_16k/m2817_0_sneeze.wav,sneeze
vocalsound/audio_16k/f0683_0_sneeze.wav,sneeze
vocalsound/audio_16k/m2696_0_sneeze.wav,sneeze
vocalsound/audio_16k/f2629_0_sneeze.wav,sneeze
vocalsound/audio_16k/m3082_0_sneeze.wav,sneeze
vocalsound/audio_16k/f1943_0_sneeze.wav,sneeze
vocalsound/audio_16k/f2558_1_sneeze.wav,sneeze
vocalsound/audio_16k/f0950_0_sneeze.wav,sneeze
vocalsound/audio_16k/f1456_0_sneeze.wav,sneeze
vocalsound/audio_16k/o3362_0_sneeze.wav,sneeze
vocalsound/audio_16k/f1153_0_sneeze.wav,sneeze
vocalsound/audio_16k/m0831_0_sneeze.wav,sneeze
vocalsound/audio_16k/m1034_0_sneeze.wav,sneeze
vocalsound/audio_16k/m2504_0_sneeze.wav,sneeze
vocalsound/audio_16k/f1121_0_sneeze.wav,sneeze
vocalsound/audio_16k/m2224_0_sneeze.wav,sneeze
vocalsound/audio_16k/m0203_0_sneeze.wav,sneeze
vocalsound/audio_16k/m2874_0_sneeze.wav,sneeze
vocalsound/audio_16k/m0633_0_sneeze.wav,sneeze
vocalsound/audio_16k/m2488_0_sneeze.wav,sneeze
vocalsound/audio_16k/f1332_0_sneeze.wav,sneeze
vocalsound/audio_16k/m0655_0_sneeze.wav,sneeze
vocalsound/audio_16k/m2447_0_sneeze.wav,sneeze
vocalsound/audio_16k/f1145_0_sneeze.wav,sneeze
vocalsound/audio_16k/f1500_0_sneeze.wav,sneeze
vocalsound/audio_16k/m1546_0_sneeze.wav,sneeze
vocalsound/audio_16k/m0425_0_sneeze.wav,sneeze
vocalsound/audio_16k/m1521_0_sneeze.wav,sneeze
vocalsound/audio_16k/f3077_0_sneeze.wav,sneeze
ESC-50/audio/5-221593-A-21.wav,sneeze
vocalsound/audio_16k/m0609_1_sneeze.wav,sneeze
vocalsound/audio_16k/f1115_0_sneeze.wav,sneeze
vocalsound/audio_16k/f1585_0_sneeze.wav,sneeze
vocalsound/audio_16k/m1526_0_sneeze.wav,sneeze
vocalsound/audio_16k/m2132_0_sneeze.wav,sneeze
vocalsound/audio_16k/m2967_0_sneeze.wav,sneeze
vocalsound/audio_16k/m1235_0_sneeze.wav,sneeze
vocalsound/audio_16k/m0668_0_sneeze.wav,sneeze
vocalsound/audio_16k/m2808_0_sneeze.wav,sneeze
vocalsound/audio_16k/m3117_0_sneeze.wav,sneeze
vocalsound/audio_16k/m1733_0_sneeze.wav,sneeze
vocalsound/audio_16k/f1335_0_sneeze.wav,sneeze
vocalsound/audio_16k/m2161_0_sneeze.wav,sneeze
vocalsound/audio_16k/f0232_0_sneeze.wav,sneeze
vocalsound/audio_16k/f1782_0_sneeze.wav,sneeze
vocalsound/audio_16k/f2422_0_sneeze.wav,sneeze
vocalsound/audio_16k/f0244_0_sneeze.wav,sneeze
vocalsound/audio_16k/m1990_0_sneeze.wav,sneeze
vocalsound/audio_16k/f1822_0_sneeze.wav,sneeze
vocalsound/audio_16k/m2741_0_sneeze.wav,sneeze
vocalsound/audio_16k/f1339_1_sneeze.wav,sneeze
vocalsound/audio_16k/m0474_0_sneeze.wav,sneeze
vocalsound/audio_16k/m0699_0_sneeze.wav,sneeze
vocalsound/audio_16k/m0999_0_sneeze.wav,sneeze
vocalsound/audio_16k/f0918_0_sneeze.wav,sneeze
vocalsound/audio_16k/m1029_0_sneeze.wav,sneeze
vocalsound/audio_16k/m1469_0_sneeze.wav,sneeze
vocalsound/audio_16k/f3145_0_sneeze.wav,sneeze
vocalsound/audio_16k/f0327_0_sneeze.wav,sneeze
vocalsound/audio_16k/m0346_0_sneeze.wav,sneeze
vocalsound/audio_16k/m1687_0_sneeze.wav,sneeze
vocalsound/audio_16k/m0220_0_sneeze.wav,sneeze
vocalsound/audio_16k/f0815_0_sneeze.wav,sneeze
vocalsound/audio_16k/m2007_0_sneeze.wav,sneeze
vocalsound/audio_16k/m2453_0_sneeze.wav,sneeze
vocalsound/audio_16k/m3128_0_sneeze.wav,sneeze
vocalsound/audio_16k/m1864_0_sneeze.wav,sneeze
vocalsound/audio_16k/f2143_0_sneeze.wav,sneeze
vocalsound/audio_16k/f2984_0_sneeze.wav,sneeze
vocalsound/audio_16k/f0701_0_sneeze.wav,sneeze
vocalsound/audio_16k/m0326_0_sneeze.wav,sneeze
vocalsound/audio_16k/m1821_0_sneeze.wav,sneeze
vocalsound/audio_16k/m1948_4_sneeze.wav,sneeze
vocalsound/audio_16k/f1691_0_sneeze.wav,sneeze
vocalsound/audio_16k/f3002_0_sneeze.wav,sneeze
vocalsound/audio_16k/m0245_0_sneeze.wav,sneeze
vocalsound/audio_16k/f1323_0_sneeze.wav,sneeze
vocalsound/audio_16k/m2138_0_sneeze.wav,sneeze
vocalsound/audio_16k/f1665_0_sneeze.wav,sneeze
vocalsound/audio_16k/m2888_0_sneeze.wav,sneeze
vocalsound/audio_16k/f0488_0_sneeze.wav,sneeze
vocalsound/audio_16k/m0878_0_sneeze.wav,sneeze
vocalsound/audio_16k/f2314_0_sneeze.wav,sneeze
vocalsound/audio_16k/m1730_0_sneeze.wav,sneeze
vocalsound/audio_16k/m2230_0_sneeze.wav,sneeze
vocalsound/audio_16k/f2426_0_sneeze.wav,sneeze
vocalsound/audio_16k/m2303_0_sneeze.wav,sneeze
vocalsound/audio_16k/m2768_0_sneeze.wav,sneeze
vocalsound/audio_16k/m0855_0_sneeze.wav,sneeze
vocalsound/audio_16k/m1568_0_sneeze.wav,sneeze
vocalsound/audio_16k/m3056_0_sneeze.wav,sneeze
vocalsound/audio_16k/m0130_0_sneeze.wav,sneeze
vocalsound/audio_16k/m2326_0_sneeze.wav,sneeze
vocalsound/audio_16k/f2288_0_sneeze.wav,sneeze
vocalsound/audio_16k/f1031_0_sneeze.wav,sneeze
vocalsound/audio_16k/f1085_0_sneeze.wav,sneeze
vocalsound/audio_16k/m3100_0_sneeze.wav,sneeze
vocalsound/audio_16k/m2415_0_sneeze.wav,sneeze
vocalsound/audio_16k/f2707_0_sneeze.wav,sneeze
vocalsound/audio_16k/m1737_0_sneeze.wav,sneeze
vocalsound/audio_16k/m0013_0_sneeze.wav,sneeze
vocalsound/audio_16k/m1037_0_sneeze.wav,sneeze
vocalsound/audio_16k/f1156_0_sneeze.wav,sneeze
vocalsound/audio_16k/f2199_0_sneeze.wav,sneeze
vocalsound/audio_16k/m0144_0_sneeze.wav,sneeze
vocalsound/audio_16k/f3220_0_sneeze.wav,sneeze
vocalsound/audio_16k/m3051_0_sneeze.wav,sneeze
vocalsound/audio_16k/f0610_0_sneeze.wav,sneeze
vocalsound/audio_16k/m1411_0_sneeze.wav,sneeze
vocalsound/audio_16k/m0070_0_sneeze.wav,sneeze
vocalsound/audio_16k/f2293_0_sneeze.wav,sneeze
vocalsound/audio_16k/m3041_0_sneeze.wav,sneeze
vocalsound/audio_16k/m0452_0_sneeze.wav,sneeze
vocalsound/audio_16k/m0643_0_sneeze.wav,sneeze
vocalsound/audio_16k/f2765_0_sneeze.wav,sneeze
ESC-50/audio/2-119102-A-21.wav,sneeze
vocalsound/audio_16k/m0826_0_sneeze.wav,sneeze
vocalsound/audio_16k/m0481_0_sneeze.wav,sneeze
vocalsound/audio_16k/f3069_0_sneeze.wav,sneeze
vocalsound/audio_16k/m3076_0_sneeze.wav,sneeze
vocalsound/audio_16k/m0041_0_sneeze.wav,sneeze
vocalsound/audio_16k/m2258_0_sneeze.wav,sneeze
vocalsound/audio_16k/m1063_0_sneeze.wav,sneeze
vocalsound/audio_16k/m1824_0_sneeze.wav,sneeze
vocalsound/audio_16k/m0696_0_sneeze.wav,sneeze
vocalsound/audio_16k/m2549_0_sneeze.wav,sneeze
vocalsound/audio_16k/f2714_0_sneeze.wav,sneeze
vocalsound/audio_16k/f2334_0_sneeze.wav,sneeze
vocalsound/audio_16k/f2882_0_sneeze.wav,sneeze
vocalsound/audio_16k/f1073_0_sneeze.wav,sneeze
vocalsound/audio_16k/m0618_0_sneeze.wav,sneeze
vocalsound/audio_16k/f2934_0_sneeze.wav,sneeze
vocalsound/audio_16k/m1705_0_sneeze.wav,sneeze
vocalsound/audio_16k/f0375_0_sneeze.wav,sneeze
vocalsound/audio_16k/f0793_0_sneeze.wav,sneeze
vocalsound/audio_16k/m2487_0_sneeze.wav,sneeze
vocalsound/audio_16k/m3259_0_sneeze.wav,sneeze
vocalsound/audio_16k/m2920_0_sneeze.wav,sneeze
vocalsound/audio_16k/m2810_0_sneeze.wav,sneeze
vocalsound/audio_16k/m0903_0_sneeze.wav,sneeze
vocalsound/audio_16k/m0467_0_sneeze.wav,sneeze
ESC-50/audio/1-31748-A-21.wav,sneeze
vocalsound/audio_16k/m0243_0_sneeze.wav,sneeze
vocalsound/audio_16k/m3040_0_sneeze.wav,sneeze
vocalsound/audio_16k/m2100_0_sneeze.wav,sneeze
vocalsound/audio_16k/m2210_0_sneeze.wav,sneeze
vocalsound/audio_16k/f1288_0_sneeze.wav,sneeze
vocalsound/audio_16k/f2257_0_sneeze.wav,sneeze
vocalsound/audio_16k/m1592_0_sneeze.wav,sneeze
vocalsound/audio_16k/f3087_0_sneeze.wav,sneeze
vocalsound/audio_16k/f2022_0_sneeze.wav,sneeze
vocalsound/audio_16k/m2859_0_sneeze.wav,sneeze
vocalsound/audio_16k/f1488_0_sneeze.wav,sneeze
vocalsound/audio_16k/m1336_1_sneeze.wav,sneeze
vocalsound/audio_16k/m0428_0_sneeze.wav,sneeze
vocalsound/audio_16k/m1410_0_sneeze.wav,sneeze
vocalsound/audio_16k/m0941_0_sneeze.wav,sneeze
vocalsound/audio_16k/m3096_0_sneeze.wav,sneeze
vocalsound/audio_16k/f1606_0_sneeze.wav,sneeze
vocalsound/audio_16k/m1776_0_sneeze.wav,sneeze
vocalsound/audio_16k/f1247_0_sneeze.wav,sneeze
vocalsound/audio_16k/f3106_0_sneeze.wav,sneeze
vocalsound/audio_16k/f2993_0_sneeze.wav,sneeze
vocalsound/audio_16k/m2047_0_sneeze.wav,sneeze
vocalsound/audio_16k/m1010_0_sneeze.wav,sneeze
vocalsound/audio_16k/m1713_0_sneeze.wav,sneeze
vocalsound/audio_16k/f2769_0_sneeze.wav,sneeze
vocalsound/audio_16k/m3303_0_sneeze.wav,sneeze
vocalsound/audio_16k/m2025_0_sneeze.wav,sneeze
vocalsound/audio_16k/f0384_0_sneeze.wav,sneeze
vocalsound/audio_16k/m0761_0_sneeze.wav,sneeze
vocalsound/audio_16k/f0858_0_sneeze.wav,sneeze
vocalsound/audio_16k/f1942_0_sneeze.wav,sneeze
vocalsound/audio_16k/m2615_0_sneeze.wav,sneeze
vocalsound/audio_16k/f0569_1_sneeze.wav,sneeze
vocalsound/audio_16k/f2462_0_sneeze.wav,sneeze
vocalsound/audio_16k/m0914_0_sneeze.wav,sneeze
vocalsound/audio_16k/f2108_0_sneeze.wav,sneeze
vocalsound/audio_16k/f2901_0_sneeze.wav,sneeze
vocalsound/audio_16k/f1802_0_sneeze.wav,sneeze
ESC-50/audio/3-143119-A-21.wav,sneeze
ESC-50/audio/3-141684-A-21.wav,sneeze
vocalsound/audio_16k/m2034_0_sneeze.wav,sneeze
vocalsound/audio_16k/f1372_0_sneeze.wav,sneeze
vocalsound/audio_16k/m0106_0_sneeze.wav,sneeze
vocalsound/audio_16k/m2709_0_sneeze.wav,sneeze
vocalsound/audio_16k/m0256_0_sneeze.wav,sneeze
vocalsound/audio_16k/f1701_0_sneeze.wav,sneeze
vocalsound/audio_16k/f2961_0_sneeze.wav,sneeze
vocalsound/audio_16k/f0569_0_sneeze.wav,sneeze
vocalsound/audio_16k/f1943_1_sneeze.wav,sneeze
vocalsound/audio_16k/f0278_0_sneeze.wav,sneeze
vocalsound/audio_16k/f0925_0_sneeze.wav,sneeze
vocalsound/audio_16k/f1539_0_sneeze.wav,sneeze
vocalsound/audio_16k/f0358_0_sneeze.wav,sneeze
vocalsound/audio_16k/f3126_0_sneeze.wav,sneeze
vocalsound/audio_16k/m0825_0_sneeze.wav,sneeze
vocalsound/audio_16k/m2685_0_sneeze.wav,sneeze
vocalsound/audio_16k/m2876_0_sneeze.wav,sneeze
vocalsound/audio_16k/f1273_0_sneeze.wav,sneeze
vocalsound/audio_16k/f1464_0_sneeze.wav,sneeze
vocalsound/audio_16k/m0343_0_sneeze.wav,sneeze
vocalsound/audio_16k/f1225_0_sneeze.wav,sneeze
vocalsound/audio_16k/f0581_0_sneeze.wav,sneeze
vocalsound/audio_16k/f1534_0_sneeze.wav,sneeze
vocalsound/audio_16k/f3332_0_sneeze.wav,sneeze
vocalsound/audio_16k/m0093_0_sneeze.wav,sneeze
vocalsound/audio_16k/f3235_0_sneeze.wav,sneeze
vocalsound/audio_16k/m1513_0_sneeze.wav,sneeze
vocalsound/audio_16k/f0569_2_sneeze.wav,sneeze
vocalsound/audio_16k/m1318_0_sneeze.wav,sneeze
vocalsound/audio_16k/m3342_0_sneeze.wav,sneeze
vocalsound/audio_16k/f0592_2_sneeze.wav,sneeze
vocalsound/audio_16k/f0271_0_sneeze.wav,sneeze
vocalsound/audio_16k/f2171_0_sneeze.wav,sneeze
vocalsound/audio_16k/f2319_0_sneeze.wav,sneeze
ESC-50/audio/3-142601-A-21.wav,sneeze
vocalsound/audio_16k/f2558_0_sneeze.wav,sneeze
vocalsound/audio_16k/m2493_0_sneeze.wav,sneeze
vocalsound/audio_16k/m1471_0_sneeze.wav,sneeze
vocalsound/audio_16k/f1778_0_sneeze.wav,sneeze
vocalsound/audio_16k/f1397_0_sneeze.wav,sneeze
vocalsound/audio_16k/m1355_0_sneeze.wav,sneeze
vocalsound/audio_16k/m1457_0_sneeze.wav,sneeze
vocalsound/audio_16k/m1304_0_sneeze.wav,sneeze
vocalsound/audio_16k/m1170_0_sneeze.wav,sneeze
vocalsound/audio_16k/f0613_0_sneeze.wav,sneeze
vocalsound/audio_16k/m0490_0_sneeze.wav,sneeze
vocalsound/audio_16k/f1659_0_sneeze.wav,sneeze
vocalsound/audio_16k/f2588_0_sneeze.wav,sneeze
vocalsound/audio_16k/f2933_0_sneeze.wav,sneeze
vocalsound/audio_16k/m1768_0_sneeze.wav,sneeze
vocalsound/audio_16k/m1287_0_sneeze.wav,sneeze
vocalsound/audio_16k/f0883_0_sneeze.wav,sneeze
vocalsound/audio_16k/f0340_0_sneeze.wav,sneeze
vocalsound/audio_16k/m0399_0_sneeze.wav,sneeze
vocalsound/audio_16k/f0410_0_sneeze.wav,sneeze
vocalsound/audio_16k/f0585_1_sneeze.wav,sneeze
vocalsound/audio_16k/m1910_0_sneeze.wav,sneeze
vocalsound/audio_16k/m2136_0_sneeze.wav,sneeze
vocalsound/audio_16k/f2449_0_sneeze.wav,sneeze
vocalsound/audio_16k/m2261_0_sneeze.wav,sneeze
vocalsound/audio_16k/m2978_0_sneeze.wav,sneeze
vocalsound/audio_16k/m0599_0_sneeze.wav,sneeze
vocalsound/audio_16k/m3252_0_sneeze.wav,sneeze
vocalsound/audio_16k/f1278_0_sneeze.wav,sneeze
vocalsound/audio_16k/m1069_0_sneeze.wav,sneeze
vocalsound/audio_16k/m2970_0_sneeze.wav,sneeze
vocalsound/audio_16k/f1004_0_sneeze.wav,sneeze
vocalsound/audio_16k/f1132_0_sneeze.wav,sneeze
vocalsound/audio_16k/f2711_0_sneeze.wav,sneeze
vocalsound/audio_16k/m2411_0_sneeze.wav,sneeze
vocalsound/audio_16k/m0766_0_sneeze.wav,sneeze
vocalsound/audio_16k/f2286_0_sneeze.wav,sneeze
vocalsound/audio_16k/m1324_0_sneeze.wav,sneeze
vocalsound/audio_16k/m1595_0_sneeze.wav,sneeze
vocalsound/audio_16k/m2621_0_sneeze.wav,sneeze
vocalsound/audio_16k/f2544_0_sneeze.wav,sneeze
vocalsound/audio_16k/f1158_0_sneeze.wav,sneeze
vocalsound/audio_16k/m1461_0_sneeze.wav,sneeze
vocalsound/audio_16k/m2708_0_sneeze.wav,sneeze
vocalsound/audio_16k/m2789_0_sneeze.wav,sneeze
vocalsound/audio_16k/f0053_0_sneeze.wav,sneeze
vocalsound/audio_16k/m0213_0_sneeze.wav,sneeze
vocalsound/audio_16k/m0209_0_sneeze.wav,sneeze
vocalsound/audio_16k/f2783_0_sneeze.wav,sneeze
vocalsound/audio_16k/m0319_0_sneeze.wav,sneeze
vocalsound/audio_16k/m2119_0_sneeze.wav,sneeze
vocalsound/audio_16k/m3212_0_sneeze.wav,sneeze
vocalsound/audio_16k/f2104_0_sneeze.wav,sneeze
vocalsound/audio_16k/f2537_0_sneeze.wav,sneeze
vocalsound/audio_16k/f2059_0_sneeze.wav,sneeze
vocalsound/audio_16k/f0753_0_sneeze.wav,sneeze
vocalsound/audio_16k/f3208_0_sneeze.wav,sneeze
vocalsound/audio_16k/f1588_0_sneeze.wav,sneeze
vocalsound/audio_16k/m2532_0_sneeze.wav,sneeze
vocalsound/audio_16k/f2716_0_sneeze.wav,sneeze
vocalsound/audio_16k/f0200_0_sneeze.wav,sneeze
vocalsound/audio_16k/m0009_0_sneeze.wav,sneeze
vocalsound/audio_16k/m1431_0_sneeze.wav,sneeze
vocalsound/audio_16k/m1609_1_sneeze.wav,sneeze
vocalsound/audio_16k/f0975_0_sneeze.wav,sneeze
vocalsound/audio_16k/m1424_0_sneeze.wav,sneeze
vocalsound/audio_16k/f1552_0_sneeze.wav,sneeze
vocalsound/audio_16k/f0458_0_sneeze.wav,sneeze
vocalsound/audio_16k/f0979_0_sneeze.wav,sneeze
vocalsound/audio_16k/f2014_0_sneeze.wav,sneeze
vocalsound/audio_16k/m1117_0_sneeze.wav,sneeze
vocalsound/audio_16k/f2463_0_sneeze.wav,sneeze
vocalsound/audio_16k/m2575_1_sneeze.wav,sneeze
vocalsound/audio_16k/f2162_0_sneeze.wav,sneeze
vocalsound/audio_16k/m0365_0_sneeze.wav,sneeze
ESC-50/audio/4-156843-A-21.wav,sneeze
vocalsound/audio_16k/m3221_0_sneeze.wav,sneeze
vocalsound/audio_16k/f1283_0_sneeze.wav,sneeze
vocalsound/audio_16k/m0659_0_sneeze.wav,sneeze
vocalsound/audio_16k/f1559_0_sneeze.wav,sneeze
vocalsound/audio_16k/m0257_0_sneeze.wav,sneeze
vocalsound/audio_16k/m0183_0_sneeze.wav,sneeze
vocalsound/audio_16k/f2342_0_sneeze.wav,sneeze
vocalsound/audio_16k/f1696_0_sneeze.wav,sneeze
vocalsound/audio_16k/f1454_0_sneeze.wav,sneeze
vocalsound/audio_16k/f2249_0_sneeze.wav,sneeze
vocalsound/audio_16k/f2912_0_sneeze.wav,sneeze
vocalsound/audio_16k/m2977_0_sneeze.wav,sneeze
vocalsound/audio_16k/f3280_0_sneeze.wav,sneeze
vocalsound/audio_16k/m2223_0_sneeze.wav,sneeze
vocalsound/audio_16k/m2217_0_sneeze.wav,sneeze
vocalsound/audio_16k/m3285_0_sneeze.wav,sneeze
ESC-50/audio/5-201274-A-21.wav,sneeze
vocalsound/audio_16k/f2439_0_sneeze.wav,sneeze
vocalsound/audio_16k/m1708_0_sneeze.wav,sneeze
ESC-50/audio/4-171519-A-21.wav,sneeze
vocalsound/audio_16k/f1074_0_sneeze.wav,sneeze
vocalsound/audio_16k/f0862_0_sneeze.wav,sneeze
vocalsound/audio_16k/f0118_0_sneeze.wav,sneeze
vocalsound/audio_16k/f0227_0_sneeze.wav,sneeze
vocalsound/audio_16k/m2418_0_sneeze.wav,sneeze
vocalsound/audio_16k/m2634_0_sneeze.wav,sneeze
vocalsound/audio_16k/m3288_0_sneeze.wav,sneeze
vocalsound/audio_16k/m2035_0_sneeze.wav,sneeze
vocalsound/audio_16k/m3102_0_sneeze.wav,sneeze
vocalsound/audio_16k/f3054_0_sneeze.wav,sneeze
vocalsound/audio_16k/m2892_0_sneeze.wav,sneeze
vocalsound/audio_16k/m0989_0_sneeze.wav,sneeze
vocalsound/audio_16k/f1671_0_sneeze.wav,sneeze
vocalsound/audio_16k/m0796_0_sneeze.wav,sneeze
vocalsound/audio_16k/f3003_0_sneeze.wav,sneeze
vocalsound/audio_16k/m3004_0_sneeze.wav,sneeze
vocalsound/audio_16k/m0729_0_sneeze.wav,sneeze
vocalsound/audio_16k/m1783_0_sneeze.wav,sneeze
vocalsound/audio_16k/f2194_0_sneeze.wav,sneeze
vocalsound/audio_16k/m1379_0_sneeze.wav,sneeze
vocalsound/audio_16k/m0589_1_sneeze.wav,sneeze
vocalsound/audio_16k/f0615_0_sneeze.wav,sneeze
vocalsound/audio_16k/m1758_0_sneeze.wav,sneeze
vocalsound/audio_16k/m3300_0_sneeze.wav,sneeze
vocalsound/audio_16k/f1261_0_sneeze.wav,sneeze
vocalsound/audio_16k/m2931_0_sneeze.wav,sneeze
vocalsound/audio_16k/f2071_0_sneeze.wav,sneeze
vocalsound/audio_16k/m2477_0_sneeze.wav,sneeze
vocalsound/audio_16k/m0076_0_sneeze.wav,sneeze
vocalsound/audio_16k/f0624_0_sneeze.wav,sneeze
vocalsound/audio_16k/m0459_0_sneeze.wav,sneeze
vocalsound/audio_16k/f1311_0_sneeze.wav,sneeze
vocalsound/audio_16k/m2957_0_sneeze.wav,sneeze
vocalsound/audio_16k/m3306_0_sneeze.wav,sneeze
vocalsound/audio_16k/f2665_0_sneeze.wav,sneeze
vocalsound/audio_16k/f3282_0_sneeze.wav,sneeze
vocalsound/audio_16k/m0168_0_sneeze.wav,sneeze
vocalsound/audio_16k/f2739_0_sneeze.wav,sneeze
vocalsound/audio_16k/f2904_0_sneeze.wav,sneeze
vocalsound/audio_16k/m1808_0_sneeze.wav,sneeze
vocalsound/audio_16k/f0254_0_sneeze.wav,sneeze
vocalsound/audio_16k/m2004_0_sneeze.wav,sneeze
vocalsound/audio_16k/f2988_0_sneeze.wav,sneeze
vocalsound/audio_16k/m0902_0_sneeze.wav,sneeze
vocalsound/audio_16k/f3118_0_sneeze.wav,sneeze
vocalsound/audio_16k/m2573_0_sneeze.wav,sneeze
vocalsound/audio_16k/f0971_0_sneeze.wav,sneeze
vocalsound/audio_16k/f0212_0_sneeze.wav,sneeze
vocalsound/audio_16k/f0992_0_sneeze.wav,sneeze
vocalsound/audio_16k/f0339_0_sneeze.wav,sneeze
vocalsound/audio_16k/m1963_0_sneeze.wav,sneeze
vocalsound/audio_16k/f0471_0_sneeze.wav,sneeze
vocalsound/audio_16k/f1844_0_sneeze.wav,sneeze
vocalsound/audio_16k/f2563_0_sneeze.wav,sneeze
vocalsound/audio_16k/f2548_0_sneeze.wav,sneeze
vocalsound/audio_16k/f0201_0_sneeze.wav,sneeze
vocalsound/audio_16k/f1260_0_sneeze.wav,sneeze
vocalsound/audio_16k/m2607_0_sneeze.wav,sneeze
vocalsound/audio_16k/m1780_0_sneeze.wav,sneeze
vocalsound/audio_16k/f2779_0_sneeze.wav,sneeze
vocalsound/audio_16k/f3178_0_sneeze.wav,sneeze
vocalsound/audio_16k/m3043_0_sneeze.wav,sneeze
vocalsound/audio_16k/f0489_0_sneeze.wav,sneeze
ESC-50/audio/4-156844-A-21.wav,sneeze
vocalsound/audio_16k/m2722_0_sneeze.wav,sneeze
vocalsound/audio_16k/f0581_1_sneeze.wav,sneeze
vocalsound/audio_16k/m0870_0_sneeze.wav,sneeze
ESC-50/audio/3-156558-A-21.wav,sneeze
vocalsound/audio_16k/m3330_0_sneeze.wav,sneeze
vocalsound/audio_16k/m1192_0_sneeze.wav,sneeze
vocalsound/audio_16k/f1384_0_sneeze.wav,sneeze
vocalsound/audio_16k/m1792_0_sneeze.wav,sneeze
vocalsound/audio_16k/m1937_0_sneeze.wav,sneeze
vocalsound/audio_16k/m0002_0_sneeze.wav,sneeze
vocalsound/audio_16k/m1663_0_sneeze.wav,sneeze
vocalsound/audio_16k/m0565_0_sneeze.wav,sneeze
vocalsound/audio_16k/f1061_0_sneeze.wav,sneeze
vocalsound/audio_16k/f0674_0_sneeze.wav,sneeze
vocalsound/audio_16k/m1233_0_sneeze.wav,sneeze
vocalsound/audio_16k/m0801_0_sneeze.wav,sneeze
vocalsound/audio_16k/f3219_0_sneeze.wav,sneeze
vocalsound/audio_16k/f3356_0_sneeze.wav,sneeze
vocalsound/audio_16k/m0312_0_sneeze.wav,sneeze
vocalsound/audio_16k/f1100_0_sneeze.wav,sneeze
vocalsound/audio_16k/f3144_0_sneeze.wav,sneeze
vocalsound/audio_16k/f0480_0_sneeze.wav,sneeze
vocalsound/audio_16k/f3324_0_sneeze.wav,sneeze
vocalsound/audio_16k/f0073_0_sneeze.wav,sneeze
vocalsound/audio_16k/f1337_0_sneeze.wav,sneeze
vocalsound/audio_16k/m0072_0_sneeze.wav,sneeze
vocalsound/audio_16k/m0578_0_sneeze.wav,sneeze
vocalsound/audio_16k/m1325_0_sneeze.wav,sneeze
vocalsound/audio_16k/m3078_0_sneeze.wav,sneeze
vocalsound/audio_16k/f0238_0_sneeze.wav,sneeze
vocalsound/audio_16k/f1077_0_sneeze.wav,sneeze
vocalsound/audio_16k/f3053_0_sneeze.wav,sneeze
vocalsound/audio_16k/f2376_0_sneeze.wav,sneeze
vocalsound/audio_16k/m3142_0_sneeze.wav,sneeze
vocalsound/audio_16k/f0295_0_sneeze.wav,sneeze
vocalsound/audio_16k/m0359_0_sneeze.wav,sneeze
vocalsound/audio_16k/m2545_0_sneeze.wav,sneeze
vocalsound/audio_16k/f2066_0_sneeze.wav,sneeze
vocalsound/audio_16k/m2061_0_sneeze.wav,sneeze
vocalsound/audio_16k/f0204_0_sneeze.wav,sneeze
vocalsound/audio_16k/m0535_0_sneeze.wav,sneeze
vocalsound/audio_16k/m1208_0_sneeze.wav,sneeze
vocalsound/audio_16k/f2333_0_sneeze.wav,sneeze
vocalsound/audio_16k/m2511_0_sneeze.wav,sneeze
vocalsound/audio_16k/m1718_0_sneeze.wav,sneeze
vocalsound/audio_16k/f0631_0_sneeze.wav,sneeze
vocalsound/audio_16k/f1045_0_sneeze.wav,sneeze
vocalsound/audio_16k/m3255_0_sneeze.wav,sneeze
vocalsound/audio_16k/m2541_0_sneeze.wav,sneeze
vocalsound/audio_16k/m2064_0_sneeze.wav,sneeze
vocalsound/audio_16k/m2263_0_sneeze.wav,sneeze
vocalsound/audio_16k/m3011_0_sneeze.wav,sneeze
vocalsound/audio_16k/m1892_0_sneeze.wav,sneeze
vocalsound/audio_16k/m0911_0_sneeze.wav,sneeze
vocalsound/audio_16k/m2935_0_sneeze.wav,sneeze
vocalsound/audio_16k/m2080_0_sneeze.wav,sneeze
ESC-50/audio/1-54505-A-21.wav,sneeze
vocalsound/audio_16k/f0146_0_sneeze.wav,sneeze
vocalsound/audio_16k/m0250_0_sneeze.wav,sneeze
vocalsound/audio_16k/m1446_0_sneeze.wav,sneeze
vocalsound/audio_16k/m2682_0_sneeze.wav,sneeze
vocalsound/audio_16k/m2732_0_sneeze.wav,sneeze
vocalsound/audio_16k/m3136_0_sneeze.wav,sneeze
vocalsound/audio_16k/m2929_0_sneeze.wav,sneeze
vocalsound/audio_16k/m0836_0_sneeze.wav,sneeze
vocalsound/audio_16k/m3170_0_sneeze.wav,sneeze
vocalsound/audio_16k/m2325_0_sneeze.wav,sneeze
vocalsound/audio_16k/f0099_0_sneeze.wav,sneeze
vocalsound/audio_16k/f2285_1_sneeze.wav,sneeze
vocalsound/audio_16k/m2626_0_sneeze.wav,sneeze
vocalsound/audio_16k/m3275_0_sneeze.wav,sneeze
vocalsound/audio_16k/m2109_0_sneeze.wav,sneeze
vocalsound/audio_16k/m0704_0_sneeze.wav,sneeze
vocalsound/audio_16k/m1243_0_sneeze.wav,sneeze
vocalsound/audio_16k/m2137_0_sneeze.wav,sneeze
vocalsound/audio_16k/f1299_0_sneeze.wav,sneeze
vocalsound/audio_16k/m2571_0_sneeze.wav,sneeze
vocalsound/audio_16k/f1680_0_sneeze.wav,sneeze
vocalsound/audio_16k/f3085_0_sneeze.wav,sneeze
vocalsound/audio_16k/m3345_0_sneeze.wav,sneeze
vocalsound/audio_16k/m2780_0_sneeze.wav,sneeze
vocalsound/audio_16k/m2512_0_sneeze.wav,sneeze
vocalsound/audio_16k/m0694_0_sneeze.wav,sneeze
vocalsound/audio_16k/m2706_0_sneeze.wav,sneeze
vocalsound/audio_16k/m1072_0_sneeze.wav,sneeze
vocalsound/audio_16k/m0367_0_sneeze.wav,sneeze
vocalsound/audio_16k/f2027_0_sneeze.wav,sneeze
vocalsound/audio_16k/f2861_0_sneeze.wav,sneeze
vocalsound/audio_16k/m1419_0_sneeze.wav,sneeze
vocalsound/audio_16k/m2540_0_sneeze.wav,sneeze
vocalsound/audio_16k/f0909_0_sneeze.wav,sneeze
vocalsound/audio_16k/m1969_0_sneeze.wav,sneeze
vocalsound/audio_16k/f2095_0_sneeze.wav,sneeze
vocalsound/audio_16k/m0289_0_sneeze.wav,sneeze
vocalsound/audio_16k/f1622_0_sneeze.wav,sneeze
vocalsound/audio_16k/f0272_0_sneeze.wav,sneeze
vocalsound/audio_16k/f1884_0_sneeze.wav,sneeze
vocalsound/audio_16k/f1152_0_sneeze.wav,sneeze
vocalsound/audio_16k/m0628_0_sneeze.wav,sneeze
vocalsound/audio_16k/f1265_0_sneeze.wav,sneeze
vocalsound/audio_16k/f1312_0_sneeze.wav,sneeze
vocalsound/audio_16k/m0398_0_sneeze.wav,sneeze
vocalsound/audio_16k/m2509_0_sneeze.wav,sneeze
vocalsound/audio_16k/f1854_0_sneeze.wav,sneeze
vocalsound/audio_16k/m0672_0_sneeze.wav,sneeze
vocalsound/audio_16k/m2013_1_sneeze.wav,sneeze
vocalsound/audio_16k/m2364_0_sneeze.wav,sneeze
vocalsound/audio_16k/m1370_0_sneeze.wav,sneeze
vocalsound/audio_16k/f2322_0_sneeze.wav,sneeze
vocalsound/audio_16k/m0011_0_sneeze.wav,sneeze
vocalsound/audio_16k/f1244_0_sneeze.wav,sneeze
vocalsound/audio_16k/f3174_0_sneeze.wav,sneeze
vocalsound/audio_16k/f2618_0_sneeze.wav,sneeze
vocalsound/audio_16k/f0986_0_sneeze.wav,sneeze
vocalsound/audio_16k/m1506_0_sneeze.wav,sneeze
vocalsound/audio_16k/f1467_0_sneeze.wav,sneeze
vocalsound/audio_16k/f2454_0_sneeze.wav,sneeze
vocalsound/audio_16k/m1350_1_sneeze.wav,sneeze
vocalsound/audio_16k/m2667_0_sneeze.wav,sneeze
vocalsound/audio_16k/f3343_0_sneeze.wav,sneeze
vocalsound/audio_16k/m2821_0_sneeze.wav,sneeze
vocalsound/audio_16k/m3133_0_sneeze.wav,sneeze
vocalsound/audio_16k/m1979_0_sneeze.wav,sneeze
vocalsound/audio_16k/m2533_0_sneeze.wav,sneeze
vocalsound/audio_16k/m2974_0_sneeze.wav,sneeze
vocalsound/audio_16k/m3057_0_sneeze.wav,sneeze
vocalsound/audio_16k/f0607_3_sneeze.wav,sneeze
ESC-50/audio/2-130979-A-21.wav,sneeze
vocalsound/audio_16k/f1654_0_sneeze.wav,sneeze
vocalsound/audio_16k/m2384_0_sneeze.wav,sneeze
vocalsound/audio_16k/f0944_0_sneeze.wav,sneeze
vocalsound/audio_16k/f2225_0_sneeze.wav,sneeze
vocalsound/audio_16k/m2010_0_sneeze.wav,sneeze
vocalsound/audio_16k/f2670_0_sneeze.wav,sneeze
vocalsound/audio_16k/f2960_0_sneeze.wav,sneeze
vocalsound/audio_16k/m0677_0_sneeze.wav,sneeze
vocalsound/audio_16k/m0323_0_sneeze.wav,sneeze
vocalsound/audio_16k/m0954_0_sneeze.wav,sneeze
vocalsound/audio_16k/f3257_0_sneeze.wav,sneeze
vocalsound/audio_16k/f2777_0_sneeze.wav,sneeze
vocalsound/audio_16k/m1837_0_sneeze.wav,sneeze
vocalsound/audio_16k/m0823_0_sneeze.wav,sneeze
vocalsound/audio_16k/f3111_0_sneeze.wav,sneeze
vocalsound/audio_16k/f1254_0_sneeze.wav,sneeze
vocalsound/audio_16k/f0421_0_sneeze.wav,sneeze
vocalsound/audio_16k/m0560_0_sneeze.wav,sneeze
vocalsound/audio_16k/f2170_0_sneeze.wav,sneeze
vocalsound/audio_16k/f0969_0_sneeze.wav,sneeze
vocalsound/audio_16k/m1173_0_sneeze.wav,sneeze
vocalsound/audio_16k/f1971_0_sneeze.wav,sneeze
vocalsound/audio_16k/f0226_0_sneeze.wav,sneeze
vocalsound/audio_16k/f0592_1_sneeze.wav,sneeze
vocalsound/audio_16k/m1487_0_sneeze.wav,sneeze
vocalsound/audio_16k/m1524_0_sneeze.wav,sneeze
vocalsound/audio_16k/m2296_0_sneeze.wav,sneeze
vocalsound/audio_16k/m2082_0_sneeze.wav,sneeze
vocalsound/audio_16k/f0933_0_sneeze.wav,sneeze
vocalsound/audio_16k/f2110_0_sneeze.wav,sneeze
vocalsound/audio_16k/f1662_0_sneeze.wav,sneeze
vocalsound/audio_16k/f3001_0_sneeze.wav,sneeze
vocalsound/audio_16k/m2267_0_sneeze.wav,sneeze
vocalsound/audio_16k/f1859_0_sneeze.wav,sneeze
vocalsound/audio_16k/m0553_0_sneeze.wav,sneeze
vocalsound/audio_16k/m3191_0_sneeze.wav,sneeze
vocalsound/audio_16k/m2412_0_sneeze.wav,sneeze
vocalsound/audio_16k/m3273_0_sneeze.wav,sneeze
vocalsound/audio_16k/f2039_0_sneeze.wav,sneeze
vocalsound/audio_16k/f0569_3_sneeze.wav,sneeze
vocalsound/audio_16k/m1916_0_sneeze.wav,sneeze
vocalsound/audio_16k/m1041_0_sneeze.wav,sneeze
vocalsound/audio_16k/m2301_1_sneeze.wav,sneeze
vocalsound/audio_16k/f2455_0_sneeze.wav,sneeze
vocalsound/audio_16k/f2336_0_sneeze.wav,sneeze
vocalsound/audio_16k/m3154_0_sneeze.wav,sneeze
vocalsound/audio_16k/f1754_0_sneeze.wav,sneeze
vocalsound/audio_16k/m2864_0_sneeze.wav,sneeze
vocalsound/audio_16k/f0555_0_sneeze.wav,sneeze
vocalsound/audio_16k/m3251_0_sneeze.wav,sneeze
vocalsound/audio_16k/m0996_0_sneeze.wav,sneeze
vocalsound/audio_16k/m0783_0_sneeze.wav,sneeze
vocalsound/audio_16k/m3020_0_sneeze.wav,sneeze
vocalsound/audio_16k/m2891_0_sneeze.wav,sneeze
vocalsound/audio_16k/m0089_0_sneeze.wav,sneeze
vocalsound/audio_16k/f3151_0_sneeze.wav,sneeze
vocalsound/audio_16k/f1310_0_sneeze.wav,sneeze
vocalsound/audio_16k/m1522_0_sneeze.wav,sneeze
vocalsound/audio_16k/f1842_0_sneeze.wav,sneeze
vocalsound/audio_16k/f1110_0_sneeze.wav,sneeze
vocalsound/audio_16k/f0948_0_sneeze.wav,sneeze
vocalsound/audio_16k/m2315_0_sneeze.wav,sneeze
vocalsound/audio_16k/f0810_0_sneeze.wav,sneeze
vocalsound/audio_16k/m2534_0_sneeze.wav,sneeze
vocalsound/audio_16k/f3353_0_sneeze.wav,sneeze
vocalsound/audio_16k/m1845_0_sneeze.wav,sneeze
vocalsound/audio_16k/f2423_0_sneeze.wav,sneeze
vocalsound/audio_16k/f0447_0_sneeze.wav,sneeze
vocalsound/audio_16k/m0434_0_sneeze.wav,sneeze
vocalsound/audio_16k/f0433_0_sneeze.wav,sneeze
vocalsound/audio_16k/m2348_0_sneeze.wav,sneeze
vocalsound/audio_16k/m0934_0_sneeze.wav,sneeze
vocalsound/audio_16k/f1890_0_sneeze.wav,sneeze
vocalsound/audio_16k/f1276_0_sneeze.wav,sneeze
vocalsound/audio_16k/m1781_0_sneeze.wav,sneeze
vocalsound/audio_16k/m2839_0_sneeze.wav,sneeze
vocalsound/audio_16k/m0906_0_sneeze.wav,sneeze
vocalsound/audio_16k/f1428_0_sneeze.wav,sneeze
vocalsound/audio_16k/m0038_0_sneeze.wav,sneeze
vocalsound/audio_16k/f0827_0_sneeze.wav,sneeze
vocalsound/audio_16k/m1596_0_sneeze.wav,sneeze
vocalsound/audio_16k/m1222_0_sneeze.wav,sneeze
vocalsound/audio_16k/f1878_0_sneeze.wav,sneeze
vocalsound/audio_16k/m1439_0_sneeze.wav,sneeze
vocalsound/audio_16k/m2812_0_sneeze.wav,sneeze
vocalsound/audio_16k/m2566_0_sneeze.wav,sneeze
vocalsound/audio_16k/m0279_0_sneeze.wav,sneeze
vocalsound/audio_16k/m1102_0_sneeze.wav,sneeze
vocalsound/audio_16k/f1245_0_sneeze.wav,sneeze
vocalsound/audio_16k/m3348_0_sneeze.wav,sneeze
vocalsound/audio_16k/m0886_0_sneeze.wav,sneeze
vocalsound/audio_16k/f2522_0_sneeze.wav,sneeze
vocalsound/audio_16k/f0119_0_sneeze.wav,sneeze
vocalsound/audio_16k/m2701_0_sneeze.wav,sneeze
vocalsound/audio_16k/f1313_0_sneeze.wav,sneeze
vocalsound/audio_16k/m2950_0_sneeze.wav,sneeze
vocalsound/audio_16k/m1350_0_sneeze.wav,sneeze
vocalsound/audio_16k/f3049_0_sneeze.wav,sneeze
vocalsound/audio_16k/m0223_0_sneeze.wav,sneeze
vocalsound/audio_16k/f1414_0_sneeze.wav,sneeze
vocalsound/audio_16k/m2833_0_sneeze.wav,sneeze
vocalsound/audio_16k/f2085_0_sneeze.wav,sneeze
vocalsound/audio_16k/m1164_0_sneeze.wav,sneeze
vocalsound/audio_16k/m0612_0_sneeze.wav,sneeze
vocalsound/audio_16k/m0635_0_sneeze.wav,sneeze
vocalsound/audio_16k/f1068_0_sneeze.wav,sneeze
vocalsound/audio_16k/m0885_0_sneeze.wav,sneeze
vocalsound/audio_16k/f0080_0_sneeze.wav,sneeze
vocalsound/audio_16k/m0758_0_sneeze.wav,sneeze
vocalsound/audio_16k/f1840_0_sneeze.wav,sneeze
vocalsound/audio_16k/f2292_0_sneeze.wav,sneeze
vocalsound/audio_16k/m0595_0_sneeze.wav,sneeze
vocalsound/audio_16k/f2265_0_sneeze.wav,sneeze
vocalsound/audio_16k/f1014_0_sneeze.wav,sneeze
vocalsound/audio_16k/f0383_0_sneeze.wav,sneeze
vocalsound/audio_16k/f1874_0_sneeze.wav,sneeze
vocalsound/audio_16k/f0415_0_sneeze.wav,sneeze
vocalsound/audio_16k/m2657_0_sneeze.wav,sneeze
vocalsound/audio_16k/f0504_0_sneeze.wav,sneeze
vocalsound/audio_16k/m0527_0_sneeze.wav,sneeze
vocalsound/audio_16k/m0940_0_sneeze.wav,sneeze
vocalsound/audio_16k/f0907_0_sneeze.wav,sneeze
vocalsound/audio_16k/m2246_0_sneeze.wav,sneeze
vocalsound/audio_16k/f0791_0_sneeze.wav,sneeze
vocalsound/audio_16k/f1621_0_sneeze.wav,sneeze
vocalsound/audio_16k/m1589_0_sneeze.wav,sneeze
vocalsound/audio_16k/m0544_0_sneeze.wav,sneeze
vocalsound/audio_16k/f2644_0_sneeze.wav,sneeze
vocalsound/audio_16k/m1561_0_sneeze.wav,sneeze
vocalsound/audio_16k/m0573_0_sneeze.wav,sneeze
vocalsound/audio_16k/f2413_0_sneeze.wav,sneeze
vocalsound/audio_16k/f2436_0_sneeze.wav,sneeze
vocalsound/audio_16k/m0347_0_sneeze.wav,sneeze
vocalsound/audio_16k/m0945_0_sneeze.wav,sneeze
vocalsound/audio_16k/f0010_0_sneeze.wav,sneeze
vocalsound/audio_16k/m0895_1_sneeze.wav,sneeze
vocalsound/audio_16k/f0789_0_sneeze.wav,sneeze
vocalsound/audio_16k/m1684_0_sneeze.wav,sneeze
vocalsound/audio_16k/f1799_0_sneeze.wav,sneeze
vocalsound/audio_16k/f0545_0_sneeze.wav,sneeze
vocalsound/audio_16k/m0771_0_sneeze.wav,sneeze
vocalsound/audio_16k/m0876_0_sneeze.wav,sneeze
vocalsound/audio_16k/f0510_0_sneeze.wav,sneeze
vocalsound/audio_16k/f0134_0_sneeze.wav,sneeze
vocalsound/audio_16k/f1870_0_sneeze.wav,sneeze
vocalsound/audio_16k/f0178_0_sneeze.wav,sneeze
vocalsound/audio_16k/f0678_0_sneeze.wav,sneeze
vocalsound/audio_16k/m0268_0_sneeze.wav,sneeze
vocalsound/audio_16k/f1748_0_sneeze.wav,sneeze
speech_commands\left\f0ae7203_nohash_0.wav,speech
speech_commands\left\1a9afd33_nohash_0.wav,speech
speech_commands\go\43b85b64_nohash_0.wav,speech
speech_commands\up\24ed94ab_nohash_0.wav,speech
speech_commands\yes\3bfd30e6_nohash_4.wav,speech
speech_commands\go\2bdbe5f7_nohash_2.wav,speech
speech_commands\down\c2dccf38_nohash_1.wav,speech
speech_commands\go\8eb4a1bf_nohash_3.wav,speech
speech_commands\no\69a1a79f_nohash_3.wav,speech
speech_commands\stop\f0659908_nohash_2.wav,speech
speech_commands\no\c351e611_nohash_3.wav,speech
speech_commands\right\b528edb3_nohash_4.wav,speech
speech_commands\no\8a744054_nohash_0.wav,speech
speech_commands\stop\42f81601_nohash_3.wav,speech
speech_commands\stop\4fce7686_nohash_0.wav,speech
speech_commands\go\b93528e3_nohash_0.wav,speech
speech_commands\right\7d5f87c8_nohash_0.wav,speech
speech_commands\no\35c8fa78_nohash_0.wav,speech
speech_commands\yes\471a0925_nohash_3.wav,speech
speech_commands\down\2be08ce4_nohash_0.wav,speech
speech_commands\down\36050ef3_nohash_3.wav,speech
speech_commands\down\321aba74_nohash_4.wav,speech
speech_commands\stop\0585b66d_nohash_0.wav,speech
speech_commands\down\750e3e75_nohash_0.wav,speech
speech_commands\stop\7096522d_nohash_1.wav,speech
speech_commands\up\2aca1e72_nohash_1.wav,speech
speech_commands\go\69a1a79f_nohash_2.wav,speech
speech_commands\right\7bf801d1_nohash_0.wav,speech
speech_commands\up\a1cff772_nohash_1.wav,speech
speech_commands\go\fbb2f6cc_nohash_2.wav,speech
speech_commands\yes\82305c3a_nohash_0.wav,speech
speech_commands\yes\bab36420_nohash_3.wav,speech
speech_commands\stop\4f781a59_nohash_0.wav,speech
speech_commands\go\2cf28b70_nohash_1.wav,speech
speech_commands\no\1e9e6bdd_nohash_1.wav,speech
speech_commands\go\7d6b4b10_nohash_1.wav,speech
speech_commands\no\a74f3917_nohash_0.wav,speech
speech_commands\down\6adb8ad9_nohash_1.wav,speech
speech_commands\right\7fd25f7c_nohash_0.wav,speech
speech_commands\left\bbc30633_nohash_4.wav,speech
speech_commands\up\6565a81d_nohash_3.wav,speech
speech_commands\stop\0e6e36c9_nohash_3.wav,speech
speech_commands\down\5165cf0a_nohash_0.wav,speech
speech_commands\left\c634a189_nohash_2.wav,speech
speech_commands\up\9229bff9_nohash_0.wav,speech
speech_commands\left\b76f6088_nohash_0.wav,speech
speech_commands\yes\29229c21_nohash_3.wav,speech
speech_commands\go\2b5e346d_nohash_1.wav,speech
speech_commands\left\9b02d503_nohash_2.wav,speech
speech_commands\down\ffd2ba2f_nohash_1.wav,speech
speech_commands\stop\fa44fcf5_nohash_0.wav,speech
speech_commands\go\fe11e258_nohash_0.wav,speech
speech_commands\up\94d370bf_nohash_4.wav,speech
speech_commands\left\9a7c1f83_nohash_3.wav,speech
speech_commands\up\0cb74144_nohash_2.wav,speech
speech_commands\stop\db43cd03_nohash_0.wav,speech
speech_commands\right\bcdaa7a9_nohash_2.wav,speech
speech_commands\up\c22d3f18_nohash_1.wav,speech
speech_commands\up\324210dd_nohash_1.wav,speech
speech_commands\stop\acfd5b5e_nohash_1.wav,speech
speech_commands\go\37dca74f_nohash_0.wav,speech
speech_commands\stop\39833acb_nohash_3.wav,speech
speech_commands\no\7cf14c54_nohash_2.wav,speech
speech_commands\yes\35d1b6ee_nohash_1.wav,speech
speech_commands\stop\a7216980_nohash_3.wav,speech
speech_commands\down\08ab8082_nohash_0.wav,speech
speech_commands\no\caa4779f_nohash_1.wav,speech
speech_commands\yes\3bc21161_nohash_2.wav,speech
speech_commands\right\99e6cab8_nohash_0.wav,speech
speech_commands\left\d8a5ace5_nohash_0.wav,speech
speech_commands\left\948867e7_nohash_0.wav,speech
speech_commands\stop\5195f0ec_nohash_1.wav,speech
speech_commands\yes\7cf14c54_nohash_1.wav,speech
speech_commands\left\d1dd03ed_nohash_2.wav,speech
speech_commands\go\ee1d8d49_nohash_2.wav,speech
speech_commands\up\6f5b4d3d_nohash_0.wav,speech
speech_commands\stop\f736ab63_nohash_3.wav,speech
speech_commands\left\763188c4_nohash_3.wav,speech
speech_commands\up\eb3f7d82_nohash_0.wav,speech
speech_commands\no\e99d36c8_nohash_0.wav,speech
speech_commands\no\4fd4d073_nohash_0.wav,speech
speech_commands\yes\cfbedff9_nohash_3.wav,speech
speech_commands\stop\0b7ee1a0_nohash_1.wav,speech
speech_commands\down\8e523821_nohash_4.wav,speech
speech_commands\no\fa57ab3b_nohash_3.wav,speech
speech_commands\stop\3209ec42_nohash_0.wav,speech
speech_commands\up\7bf801d1_nohash_0.wav,speech
speech_commands\left\e4be0cf6_nohash_0.wav,speech
speech_commands\left\b0f5b16d_nohash_1.wav,speech
speech_commands\right\c50f55b8_nohash_9.wav,speech
speech_commands\left\333d7ddb_nohash_0.wav,speech
speech_commands\yes\73f20b00_nohash_3.wav,speech
speech_commands\left\6f7724f5_nohash_0.wav,speech
speech_commands\no\cb2929ce_nohash_3.wav,speech
speech_commands\up\d962e5ac_nohash_1.wav,speech
speech_commands\right\27c24504_nohash_2.wav,speech
speech_commands\left\bbf38549_nohash_0.wav,speech
speech_commands\go\37dca74f_nohash_1.wav,speech
speech_commands\stop\f2a90886_nohash_1.wav,speech
speech_commands\right\ed032775_nohash_4.wav,speech
speech_commands\right\18f8afd5_nohash_3.wav,speech
speech_commands\right\24b82192_nohash_1.wav,speech
speech_commands\no\6c0f6493_nohash_2.wav,speech
speech_commands\no\7211390b_nohash_0.wav,speech
speech_commands\no\f19c1390_nohash_0.wav,speech
speech_commands\up\fbb56351_nohash_4.wav,speech
speech_commands\stop\a518d1cf_nohash_1.wav,speech
speech_commands\left\cd3331a6_nohash_1.wav,speech
speech_commands\left\36050ef3_nohash_1.wav,speech
speech_commands\down\de89e2ca_nohash_2.wav,speech
speech_commands\stop\f9af0887_nohash_0.wav,speech
speech_commands\right\bf5d409d_nohash_0.wav,speech
speech_commands\up\fa57ab3b_nohash_0.wav,speech
speech_commands\yes\3a69f765_nohash_4.wav,speech
speech_commands\down\ec989d6d_nohash_2.wav,speech
speech_commands\down\e6327279_nohash_3.wav,speech
speech_commands\stop\ec989d6d_nohash_1.wav,speech
speech_commands\up\c68cf200_nohash_0.wav,speech
speech_commands\up\beb458a4_nohash_4.wav,speech
speech_commands\no\283d7a53_nohash_1.wav,speech
speech_commands\up\bde0f20a_nohash_4.wav,speech
speech_commands\no\8e05039f_nohash_4.wav,speech
speech_commands\right\118261a9_nohash_1.wav,speech
speech_commands\left\d71ad617_nohash_2.wav,speech
speech_commands\right\779de043_nohash_0.wav,speech
speech_commands\up\1c84a139_nohash_3.wav,speech
speech_commands\up\8e05039f_nohash_2.wav,speech
speech_commands\stop\8fe67225_nohash_4.wav,speech
speech_commands\no\70b0ccf4_nohash_1.wav,speech
speech_commands\up\197f4153_nohash_0.wav,speech
speech_commands\yes\4f256313_nohash_1.wav,speech
speech_commands\yes\bf5d409d_nohash_0.wav,speech
speech_commands\yes\742d6431_nohash_1.wav,speech
speech_commands\no\e9287461_nohash_0.wav,speech
speech_commands\down\146d97db_nohash_0.wav,speech
speech_commands\no\ca4d5368_nohash_2.wav,speech
speech_commands\yes\29fb33da_nohash_1.wav,speech
speech_commands\up\6727b579_nohash_2.wav,speech
speech_commands\go\fac74f6a_nohash_0.wav,speech
speech_commands\yes\017c4098_nohash_0.wav,speech
speech_commands\stop\c1d39ce8_nohash_4.wav,speech
speech_commands\right\c692524d_nohash_0.wav,speech
speech_commands\no\ab7b5acd_nohash_0.wav,speech
speech_commands\left\cd7f8c1b_nohash_2.wav,speech
speech_commands\no\113b3fbc_nohash_3.wav,speech
speech_commands\stop\d264f7b6_nohash_1.wav,speech
speech_commands\left\09a7aa2a_nohash_0.wav,speech
speech_commands\no\742d6431_nohash_1.wav,speech
speech_commands\right\c8db14a8_nohash_0.wav,speech
speech_commands\left\c6ee87a7_nohash_1.wav,speech
speech_commands\right\234ab0fb_nohash_1.wav,speech
speech_commands\right\5b09db89_nohash_0.wav,speech
speech_commands\stop\b2ae3928_nohash_2.wav,speech
speech_commands\yes\7f74626f_nohash_1.wav,speech
speech_commands\yes\2e8c59f7_nohash_0.wav,speech
speech_commands\no\33246bc2_nohash_0.wav,speech
speech_commands\up\f0659908_nohash_0.wav,speech
speech_commands\down\ef3367d9_nohash_3.wav,speech
speech_commands\right\c50f55b8_nohash_8.wav,speech
speech_commands\no\270bfa52_nohash_1.wav,speech
speech_commands\left\88a487ce_nohash_0.wav,speech
speech_commands\yes\e77d88fc_nohash_0.wav,speech
speech_commands\right\27c24504_nohash_1.wav,speech
speech_commands\up\66cbe2b3_nohash_2.wav,speech
speech_commands\right\4620dc14_nohash_0.wav,speech
speech_commands\go\07089da9_nohash_2.wav,speech
speech_commands\yes\9b02d503_nohash_0.wav,speech
speech_commands\go\199da2bf_nohash_0.wav,speech
speech_commands\down\ef2578c0_nohash_0.wav,speech
speech_commands\right\fa52ddf6_nohash_0.wav,speech
speech_commands\down\9b02d503_nohash_0.wav,speech
speech_commands\go\460209ac_nohash_1.wav,speech
speech_commands\up\ef77b778_nohash_2.wav,speech
speech_commands\yes\d1dd03ed_nohash_3.wav,speech
speech_commands\stop\cb164eea_nohash_1.wav,speech
speech_commands\stop\8134f43f_nohash_1.wav,speech
speech_commands\stop\aff582a1_nohash_1.wav,speech
speech_commands\no\1cb788bc_nohash_1.wav,speech
speech_commands\no\4a1e736b_nohash_2.wav,speech
speech_commands\left\2aca1e72_nohash_0.wav,speech
speech_commands\go\a77fbcfd_nohash_1.wav,speech
speech_commands\left\b29f8b23_nohash_3.wav,speech
speech_commands\down\6414258b_nohash_0.wav,speech
speech_commands\up\12c206ea_nohash_0.wav,speech
speech_commands\down\7e556a2c_nohash_1.wav,speech
speech_commands\stop\a2cc5444_nohash_2.wav,speech
speech_commands\no\6d1dcca6_nohash_1.wav,speech
speech_commands\down\f3957e23_nohash_1.wav,speech
speech_commands\up\bbc30633_nohash_2.wav,speech
speech_commands\down\d7559b2d_nohash_0.wav,speech
speech_commands\right\8a56f36e_nohash_0.wav,speech
speech_commands\right\ddedba85_nohash_5.wav,speech
speech_commands\down\2ad772d6_nohash_0.wav,speech
speech_commands\left\a7216980_nohash_1.wav,speech
speech_commands\stop\f5c3de1b_nohash_1.wav,speech
speech_commands\no\d0faf7e4_nohash_4.wav,speech
speech_commands\down\a243fcc2_nohash_0.wav,speech
speech_commands\up\f5341341_nohash_2.wav,speech
speech_commands\left\dff327c5_nohash_1.wav,speech
speech_commands\no\708b8d51_nohash_0.wav,speech
speech_commands\go\23abe1c9_nohash_1.wav,speech
speech_commands\stop\89ed36ab_nohash_0.wav,speech
speech_commands\left\2f0ce4d9_nohash_1.wav,speech
speech_commands\down\cc6ee39b_nohash_4.wav,speech
speech_commands\stop\6f2c6f7e_nohash_1.wav,speech
speech_commands\no\0b40aa8e_nohash_0.wav,speech
speech_commands\no\748cb308_nohash_0.wav,speech
speech_commands\left\24694eb6_nohash_2.wav,speech
speech_commands\yes\042186b8_nohash_2.wav,speech
speech_commands\down\ea0cf37f_nohash_1.wav,speech
speech_commands\up\ceaadb24_nohash_0.wav,speech
speech_commands\go\3c8836dc_nohash_0.wav,speech
speech_commands\right\31ac8b88_nohash_0.wav,speech
speech_commands\left\8134f43f_nohash_3.wav,speech
speech_commands\up\c634a189_nohash_1.wav,speech
speech_commands\yes\422f8cf1_nohash_0.wav,speech
speech_commands\no\8281a2a8_nohash_1.wav,speech
speech_commands\down\15c9605c_nohash_0.wav,speech
speech_commands\stop\a5d1becc_nohash_1.wav,speech
speech_commands\right\cc6ee39b_nohash_0.wav,speech
speech_commands\left\d21fd169_nohash_2.wav,speech
speech_commands\down\264f471d_nohash_1.wav,speech
speech_commands\no\cce7416f_nohash_0.wav,speech
speech_commands\down\64df20d8_nohash_3.wav,speech
speech_commands\up\c1e0e8e3_nohash_3.wav,speech
speech_commands\yes\d9d6559e_nohash_1.wav,speech
speech_commands\right\f035e2ea_nohash_2.wav,speech
speech_commands\up\25040e85_nohash_0.wav,speech
speech_commands\no\25132942_nohash_3.wav,speech
speech_commands\stop\c0445658_nohash_1.wav,speech
speech_commands\left\45692b02_nohash_2.wav,speech
speech_commands\yes\a7216980_nohash_1.wav,speech
speech_commands\no\f4386675_nohash_0.wav,speech
speech_commands\stop\e20be42a_nohash_2.wav,speech
speech_commands\stop\a8e25ebb_nohash_0.wav,speech
speech_commands\no\616420be_nohash_2.wav,speech
speech_commands\down\5ebc1cda_nohash_4.wav,speech
speech_commands\right\821b64cc_nohash_0.wav,speech
speech_commands\yes\bbf38549_nohash_4.wav,speech
speech_commands\down\f736ab63_nohash_1.wav,speech
speech_commands\down\ab3f0c1b_nohash_0.wav,speech
speech_commands\down\63f7a489_nohash_0.wav,speech
speech_commands\left\24ed94ab_nohash_0.wav,speech
speech_commands\right\8549f25d_nohash_0.wav,speech
speech_commands\stop\c9b653a0_nohash_1.wav,speech
speech_commands\go\baeac2ba_nohash_0.wav,speech
speech_commands\yes\197f4153_nohash_3.wav,speech
speech_commands\stop\300384f0_nohash_0.wav,speech
speech_commands\no\bb05582b_nohash_4.wav,speech
speech_commands\stop\0f46028a_nohash_2.wav,speech
speech_commands\down\d5b963aa_nohash_3.wav,speech
speech_commands\yes\9151f184_nohash_2.wav,speech
speech_commands\stop\eaa83485_nohash_2.wav,speech
speech_commands\stop\1e02ffc5_nohash_1.wav,speech
speech_commands\left\a7216980_nohash_2.wav,speech
speech_commands\yes\e0c782d5_nohash_0.wav,speech
speech_commands\left\11379f4d_nohash_1.wav,speech
speech_commands\yes\026290a7_nohash_0.wav,speech
speech_commands\yes\63f7a489_nohash_0.wav,speech
speech_commands\go\324210dd_nohash_3.wav,speech
speech_commands\go\aa80f517_nohash_3.wav,speech
speech_commands\left\2ad772d6_nohash_0.wav,speech
speech_commands\go\7e7ca854_nohash_1.wav,speech
speech_commands\no\5f449e17_nohash_0.wav,speech
speech_commands\right\7fb8d703_nohash_0.wav,speech
speech_commands\go\6e899c9a_nohash_0.wav,speech
speech_commands\up\1ecfb537_nohash_0.wav,speech
speech_commands\right\77def3ee_nohash_0.wav,speech
speech_commands\go\24a3e589_nohash_1.wav,speech
speech_commands\stop\eb6dab4a_nohash_0.wav,speech
speech_commands\up\97ae8b25_nohash_0.wav,speech
speech_commands\go\1d919a90_nohash_0.wav,speech
speech_commands\yes\d278d8ef_nohash_2.wav,speech
speech_commands\left\feb1d305_nohash_0.wav,speech
speech_commands\go\fcb25a78_nohash_0.wav,speech
speech_commands\left\ab46af55_nohash_3.wav,speech
speech_commands\right\50a7d406_nohash_1.wav,speech
speech_commands\up\dcc012ec_nohash_0.wav,speech
speech_commands\down\815f0f03_nohash_0.wav,speech
speech_commands\left\61e2f74f_nohash_4.wav,speech
speech_commands\down\ca4eeab0_nohash_0.wav,speech
speech_commands\no\d94eb94f_nohash_1.wav,speech
speech_commands\no\55d3725a_nohash_0.wav,speech
speech_commands\go\c24d96eb_nohash_0.wav,speech
speech_commands\yes\9db2bfe9_nohash_0.wav,speech
speech_commands\left\bfd26d6b_nohash_1.wav,speech
speech_commands\right\256c0a05_nohash_0.wav,speech
speech_commands\yes\439c84f4_nohash_4.wav,speech
speech_commands\stop\6fb3d5a7_nohash_3.wav,speech
speech_commands\yes\2a0b413e_nohash_0.wav,speech
speech_commands\stop\a7200079_nohash_3.wav,speech
speech_commands\stop\270bfa52_nohash_0.wav,speech
speech_commands\yes\da584bc0_nohash_1.wav,speech
speech_commands\yes\9f869f70_nohash_2.wav,speech
speech_commands\stop\d57febf0_nohash_0.wav,speech
speech_commands\no\64f83f0e_nohash_0.wav,speech
speech_commands\right\87d5e978_nohash_0.wav,speech
speech_commands\go\1dc86f91_nohash_3.wav,speech
speech_commands\no\520e8c0e_nohash_2.wav,speech
speech_commands\left\29fb33da_nohash_2.wav,speech
speech_commands\yes\a04817c2_nohash_2.wav,speech
speech_commands\up\99fad6a0_nohash_1.wav,speech
speech_commands\right\fa44fcf5_nohash_1.wav,speech
speech_commands\right\9ff2d2f4_nohash_0.wav,speech
speech_commands\yes\c392e01d_nohash_1.wav,speech
speech_commands\stop\cce7416f_nohash_10.wav,speech
speech_commands\down\012187a4_nohash_0.wav,speech
speech_commands\down\2aca1e72_nohash_6.wav,speech
speech_commands\right\94de6a6a_nohash_4.wav,speech
speech_commands\up\06f6c194_nohash_0.wav,speech
speech_commands\down\eefd26f3_nohash_0.wav,speech
speech_commands\yes\3e31dffe_nohash_0.wav,speech
speech_commands\go\9a76f8c3_nohash_1.wav,speech
speech_commands\right\fafe8101_nohash_2.wav,speech
speech_commands\down\878befa7_nohash_0.wav,speech
speech_commands\no\5b09db89_nohash_4.wav,speech
speech_commands\down\1e9b215e_nohash_3.wav,speech
speech_commands\right\8b25410a_nohash_1.wav,speech
speech_commands\go\a13e0a74_nohash_1.wav,speech
speech_commands\no\48e8b82a_nohash_1.wav,speech
speech_commands\yes\6f5b4d3d_nohash_0.wav,speech
speech_commands\yes\d264f7b6_nohash_2.wav,speech
speech_commands\stop\bfdb9801_nohash_0.wav,speech
speech_commands\no\b414c653_nohash_2.wav,speech
speech_commands\no\92a9c5e6_nohash_0.wav,speech
speech_commands\go\64574a99_nohash_0.wav,speech
speech_commands\down\ddedba85_nohash_6.wav,speech
speech_commands\up\ab71c9a7_nohash_0.wav,speech
speech_commands\left\15dd287d_nohash_1.wav,speech
speech_commands\right\d5b963aa_nohash_2.wav,speech
speech_commands\left\25e95412_nohash_2.wav,speech
speech_commands\up\890cc926_nohash_3.wav,speech
speech_commands\stop\30060aba_nohash_1.wav,speech
speech_commands\down\97f4c236_nohash_0.wav,speech
speech_commands\stop\525eaa62_nohash_2.wav,speech
speech_commands\stop\742d6431_nohash_2.wav,speech
speech_commands\no\f2f0d244_nohash_1.wav,speech
speech_commands\yes\c98bbbd3_nohash_3.wav,speech
speech_commands\yes\66276b0e_nohash_0.wav,speech
speech_commands\go\3e3fa7fd_nohash_0.wav,speech
speech_commands\up\cce7416f_nohash_3.wav,speech
speech_commands\up\9ff2d2f4_nohash_1.wav,speech
speech_commands\right\19b05529_nohash_0.wav,speech
speech_commands\up\1a994c9f_nohash_2.wav,speech
speech_commands\no\3e31dffe_nohash_0.wav,speech
speech_commands\yes\71d0ded4_nohash_2.wav,speech
speech_commands\stop\fd5ccd39_nohash_0.wav,speech
speech_commands\yes\099d52ad_nohash_1.wav,speech
speech_commands\go\91b03183_nohash_3.wav,speech
speech_commands\yes\bab36420_nohash_0.wav,speech
speech_commands\stop\6f2f57c1_nohash_0.wav,speech
speech_commands\left\f5626af6_nohash_1.wav,speech
speech_commands\down\9ab86dd0_nohash_0.wav,speech
speech_commands\down\413bcfe1_nohash_1.wav,speech
speech_commands\down\10467b06_nohash_0.wav,speech
speech_commands\up\00b01445_nohash_1.wav,speech
speech_commands\no\a7acbbeb_nohash_0.wav,speech
speech_commands\yes\cb164eea_nohash_2.wav,speech
speech_commands\yes\34d5aa5a_nohash_0.wav,speech
speech_commands\no\b5d1e505_nohash_0.wav,speech
speech_commands\no\66cbe2b3_nohash_0.wav,speech
speech_commands\down\61abbf52_nohash_1.wav,speech
speech_commands\stop\68dd409e_nohash_2.wav,speech
speech_commands\yes\afd53389_nohash_0.wav,speech
speech_commands\go\f1eaff75_nohash_0.wav,speech
speech_commands\right\226537ab_nohash_2.wav,speech
speech_commands\yes\f0ac2522_nohash_0.wav,speech
speech_commands\stop\8e523821_nohash_1.wav,speech
speech_commands\left\a16013b7_nohash_2.wav,speech
speech_commands\go\4a4e28f1_nohash_0.wav,speech
speech_commands\go\ec201020_nohash_0.wav,speech
speech_commands\up\171edea9_nohash_4.wav,speech
speech_commands\right\97f4c236_nohash_0.wav,speech
speech_commands\down\98ea0818_nohash_2.wav,speech
speech_commands\stop\2fcb6397_nohash_3.wav,speech
speech_commands\yes\c103a2d5_nohash_0.wav,speech
speech_commands\down\6969e51a_nohash_1.wav,speech
speech_commands\up\93f30cc4_nohash_0.wav,speech
speech_commands\go\35d1b6ee_nohash_1.wav,speech
speech_commands\no\876c84d6_nohash_1.wav,speech
speech_commands\go\15b0c947_nohash_0.wav,speech
speech_commands\right\824e8ce5_nohash_1.wav,speech
speech_commands\go\2927c601_nohash_2.wav,speech
speech_commands\go\11099149_nohash_1.wav,speech
speech_commands\no\89947bd7_nohash_0.wav,speech
speech_commands\go\b8872c20_nohash_1.wav,speech
speech_commands\yes\5f5eef60_nohash_1.wav,speech
speech_commands\stop\2b42e7a2_nohash_1.wav,speech
speech_commands\go\ad63d93c_nohash_1.wav,speech
speech_commands\go\ddedba85_nohash_7.wav,speech
speech_commands\stop\2b5e346d_nohash_3.wav,speech
speech_commands\no\da040491_nohash_0.wav,speech
speech_commands\right\131e738d_nohash_2.wav,speech
speech_commands\stop\3589bc72_nohash_2.wav,speech
speech_commands\up\c08e5058_nohash_0.wav,speech
speech_commands\yes\834f03fe_nohash_2.wav,speech
speech_commands\no\3ab9ba07_nohash_0.wav,speech
speech_commands\left\5628d7b7_nohash_0.wav,speech
speech_commands\down\dbaf8fc6_nohash_0.wav,speech
speech_commands\down\a6285644_nohash_0.wav,speech
speech_commands\yes\ca58a8c6_nohash_0.wav,speech
speech_commands\yes\b6e6aa2e_nohash_0.wav,speech
speech_commands\down\a7216980_nohash_3.wav,speech
speech_commands\stop\dae01802_nohash_2.wav,speech
speech_commands\left\d0ce2418_nohash_2.wav,speech
speech_commands\up\8b367d88_nohash_0.wav,speech
speech_commands\go\6e41a77e_nohash_0.wav,speech
speech_commands\left\5f9cd2eb_nohash_7.wav,speech
speech_commands\up\f638a812_nohash_0.wav,speech
speech_commands\no\dcb57584_nohash_0.wav,speech
speech_commands\up\aa80f517_nohash_1.wav,speech
speech_commands\right\1b42b551_nohash_3.wav,speech
speech_commands\go\34881b10_nohash_0.wav,speech
speech_commands\left\e9bc5cc2_nohash_3.wav,speech
speech_commands\up\5f9cd2eb_nohash_4.wav,speech
speech_commands\go\7c1d8533_nohash_1.wav,speech
speech_commands\up\7fb8d703_nohash_3.wav,speech
speech_commands\down\ca4d5368_nohash_2.wav,speech
speech_commands\right\56f8a100_nohash_0.wav,speech
speech_commands\right\efbc3952_nohash_0.wav,speech
speech_commands\go\f4c77b26_nohash_3.wav,speech
speech_commands\up\ce0cb033_nohash_2.wav,speech
speech_commands\right\779de043_nohash_1.wav,speech
speech_commands\no\ef77b778_nohash_2.wav,speech
speech_commands\go\f798ac78_nohash_1.wav,speech
speech_commands\stop\784e281a_nohash_2.wav,speech
speech_commands\yes\a9ca1818_nohash_1.wav,speech
speech_commands\go\435695e3_nohash_2.wav,speech
speech_commands\right\a9f38bae_nohash_0.wav,speech
speech_commands\right\377e916b_nohash_0.wav,speech
speech_commands\left\01bb6a2a_nohash_1.wav,speech
speech_commands\yes\472b8045_nohash_0.wav,speech
speech_commands\up\321aba74_nohash_0.wav,speech
speech_commands\up\cc6ee39b_nohash_0.wav,speech
speech_commands\right\a518d1cf_nohash_1.wav,speech
speech_commands\up\5195f0ec_nohash_0.wav,speech
speech_commands\left\c22d3f18_nohash_4.wav,speech
speech_commands\up\ccca5655_nohash_0.wav,speech
speech_commands\down\b91b718c_nohash_1.wav,speech
speech_commands\down\38c388bc_nohash_1.wav,speech
speech_commands\no\3291330e_nohash_0.wav,speech
speech_commands\yes\f9643d42_nohash_3.wav,speech
speech_commands\left\61482e52_nohash_3.wav,speech
speech_commands\go\bf8d5617_nohash_0.wav,speech
speech_commands\no\69f609ec_nohash_0.wav,speech
speech_commands\no\5fe4a278_nohash_0.wav,speech
speech_commands\no\beb49c22_nohash_0.wav,speech
speech_commands\left\d1a17cbe_nohash_1.wav,speech
speech_commands\no\9886d8bf_nohash_4.wav,speech
speech_commands\no\075e38c3_nohash_0.wav,speech
speech_commands\yes\589bce2c_nohash_0.wav,speech
speech_commands\go\8769c34c_nohash_0.wav,speech
speech_commands\yes\a827e3a1_nohash_0.wav,speech
speech_commands\down\c2d15ea5_nohash_0.wav,speech
speech_commands\go\a3502f15_nohash_3.wav,speech
speech_commands\no\ac9dee0e_nohash_2.wav,speech
speech_commands\left\f2e59fea_nohash_3.wav,speech
speech_commands\down\472b8045_nohash_3.wav,speech
speech_commands\no\333784b7_nohash_0.wav,speech
speech_commands\right\0cb74144_nohash_0.wav,speech
speech_commands\down\02ade946_nohash_3.wav,speech
speech_commands\stop\211b928a_nohash_2.wav,speech
speech_commands\stop\a929f9b9_nohash_3.wav,speech
speech_commands\right\b87bdb22_nohash_4.wav,speech
speech_commands\left\20fd451f_nohash_2.wav,speech
speech_commands\right\bfbd0e6b_nohash_0.wav,speech
speech_commands\left\ceef6d96_nohash_0.wav,speech
speech_commands\yes\8f447c3e_nohash_0.wav,speech
speech_commands\yes\b9515bf3_nohash_0.wav,speech
speech_commands\go\3659fc1c_nohash_0.wav,speech
speech_commands\up\b00dff7e_nohash_0.wav,speech
speech_commands\go\4a1e736b_nohash_1.wav,speech
speech_commands\up\a6f2fd71_nohash_0.wav,speech
speech_commands\stop\b66f4f93_nohash_7.wav,speech
speech_commands\right\3c1e12cf_nohash_0.wav,speech
speech_commands\stop\462dca36_nohash_1.wav,speech
speech_commands\up\5769c5ab_nohash_2.wav,speech
speech_commands\go\cd911ace_nohash_1.wav,speech
speech_commands\right\c50f55b8_nohash_6.wav,speech
speech_commands\right\65079685_nohash_0.wav,speech
speech_commands\yes\1b18600d_nohash_1.wav,speech
speech_commands\left\a60a09cf_nohash_0.wav,speech
speech_commands\down\e62056e2_nohash_1.wav,speech
speech_commands\down\3cc595de_nohash_1.wav,speech
speech_commands\up\f297e878_nohash_1.wav,speech
speech_commands\left\9aa21fa9_nohash_4.wav,speech
speech_commands\go\7e783e3f_nohash_1.wav,speech
speech_commands\yes\eaa83485_nohash_1.wav,speech
speech_commands\go\6f9088d7_nohash_1.wav,speech
speech_commands\no\3824c00e_nohash_0.wav,speech
speech_commands\no\338dacf5_nohash_0.wav,speech
speech_commands\up\c44d2a58_nohash_0.wav,speech
speech_commands\up\f2e9b610_nohash_4.wav,speech
speech_commands\up\e882abb2_nohash_4.wav,speech
speech_commands\left\62641b88_nohash_0.wav,speech
speech_commands\right\f575faf3_nohash_4.wav,speech
speech_commands\yes\d0426d63_nohash_0.wav,speech
speech_commands\right\d3831f6a_nohash_0.wav,speech
speech_commands\yes\db9cd41d_nohash_1.wav,speech
speech_commands\up\bd8412df_nohash_1.wav,speech
speech_commands\left\964e8cfd_nohash_4.wav,speech
speech_commands\yes\d1dd03ed_nohash_2.wav,speech
speech_commands\left\a3502f15_nohash_0.wav,speech
speech_commands\stop\5f01c798_nohash_0.wav,speech
speech_commands\right\57de2379_nohash_0.wav,speech
speech_commands\up\7fd25f7c_nohash_2.wav,speech
speech_commands\right\7318280c_nohash_2.wav,speech
speech_commands\stop\dae01802_nohash_4.wav,speech
speech_commands\right\6f9088d7_nohash_0.wav,speech
speech_commands\go\679463fc_nohash_4.wav,speech
speech_commands\stop\2da58b32_nohash_3.wav,speech
speech_commands\go\2d3c8dcb_nohash_0.wav,speech
speech_commands\down\890cc926_nohash_4.wav,speech
speech_commands\up\0f250098_nohash_0.wav,speech
speech_commands\up\cd671b5f_nohash_2.wav,speech
speech_commands\down\22296dbe_nohash_1.wav,speech
speech_commands\go\f174517e_nohash_1.wav,speech
speech_commands\yes\4e02d62d_nohash_1.wav,speech
speech_commands\no\692a88e6_nohash_0.wav,speech
speech_commands\stop\439c84f4_nohash_3.wav,speech
speech_commands\go\57152045_nohash_1.wav,speech
speech_commands\no\2aca1e72_nohash_11.wav,speech
speech_commands\down\33903159_nohash_0.wav,speech
speech_commands\down\215699ff_nohash_0.wav,speech
speech_commands\down\becd5a53_nohash_0.wav,speech
speech_commands\down\d78858d9_nohash_0.wav,speech
speech_commands\go\54b6d355_nohash_3.wav,speech
speech_commands\yes\51055bda_nohash_2.wav,speech
speech_commands\go\462e1919_nohash_0.wav,speech
speech_commands\right\8a28231e_nohash_2.wav,speech
speech_commands\right\71d0ded4_nohash_0.wav,speech
speech_commands\stop\c120e80e_nohash_3.wav,speech
speech_commands\down\ceef6d96_nohash_1.wav,speech
speech_commands\no\f2f0d244_nohash_2.wav,speech
speech_commands\yes\659b7fae_nohash_0.wav,speech
speech_commands\left\460f2bad_nohash_1.wav,speech
speech_commands\go\f5626af6_nohash_0.wav,speech
speech_commands\right\cc4f9250_nohash_0.wav,speech
speech_commands\right\9d050657_nohash_0.wav,speech
speech_commands\go\189cbabe_nohash_1.wav,speech
speech_commands\yes\2a89ad5c_nohash_0.wav,speech
speech_commands\stop\cce7416f_nohash_0.wav,speech
speech_commands\left\e7d0eb3f_nohash_0.wav,speech
speech_commands\left\b5552931_nohash_4.wav,speech
speech_commands\stop\837a0f64_nohash_0.wav,speech
speech_commands\stop\95fd5a0f_nohash_1.wav,speech
speech_commands\stop\51055bda_nohash_2.wav,speech
speech_commands\right\20fd451f_nohash_2.wav,speech
speech_commands\up\1b627376_nohash_1.wav,speech
speech_commands\right\3ed3e49a_nohash_0.wav,speech
speech_commands\down\db7c95b0_nohash_2.wav,speech
speech_commands\down\c634a189_nohash_1.wav,speech
speech_commands\yes\ccca5655_nohash_0.wav,speech
speech_commands\right\5cf1ecce_nohash_3.wav,speech
speech_commands\no\ddedba85_nohash_6.wav,speech
speech_commands\no\195c120a_nohash_3.wav,speech
speech_commands\stop\7f208e83_nohash_0.wav,speech
speech_commands\left\412c675c_nohash_0.wav,speech
speech_commands\go\b49caed3_nohash_4.wav,speech
speech_commands\left\88053e92_nohash_0.wav,speech
speech_commands\left\f8ba7c0e_nohash_0.wav,speech
speech_commands\stop\ab71c9a7_nohash_0.wav,speech
speech_commands\stop\3777c08e_nohash_0.wav,speech
speech_commands\left\24694eb6_nohash_1.wav,speech
speech_commands\go\742d6431_nohash_3.wav,speech
speech_commands\down\1a5b9ca4_nohash_0.wav,speech
speech_commands\down\71f6fed7_nohash_0.wav,speech
speech_commands\yes\bd76a7fd_nohash_5.wav,speech
speech_commands\no\8dc18a75_nohash_4.wav,speech
speech_commands\go\b25b6065_nohash_0.wav,speech
speech_commands\no\bdee441c_nohash_3.wav,speech
speech_commands\right\bdee441c_nohash_0.wav,speech
speech_commands\left\f5626af6_nohash_3.wav,speech
speech_commands\go\61482e52_nohash_2.wav,speech
speech_commands\left\3bb68054_nohash_4.wav,speech
speech_commands\up\0bd689d7_nohash_0.wav,speech
speech_commands\left\65040d9b_nohash_0.wav,speech
speech_commands\up\5165cf0a_nohash_0.wav,speech
speech_commands\right\5769c5ab_nohash_0.wav,speech
speech_commands\go\1a994c9f_nohash_2.wav,speech
speech_commands\left\f01a0d63_nohash_0.wav,speech
speech_commands\yes\742d6431_nohash_2.wav,speech
speech_commands\up\4ec7d027_nohash_1.wav,speech
speech_commands\left\b19f7f5f_nohash_0.wav,speech
speech_commands\no\4d4e17f5_nohash_1.wav,speech
speech_commands\yes\8b25410a_nohash_4.wav,speech
speech_commands\stop\964e8cfd_nohash_1.wav,speech
speech_commands\down\f822b9bf_nohash_3.wav,speech
speech_commands\up\3b852f6f_nohash_0.wav,speech
speech_commands\go\578d3efb_nohash_1.wav,speech
speech_commands\no\1b42b551_nohash_1.wav,speech
speech_commands\left\983577be_nohash_0.wav,speech
speech_commands\right\322d17d3_nohash_2.wav,speech
speech_commands\up\62641b88_nohash_0.wav,speech
speech_commands\right\7211390b_nohash_4.wav,speech
speech_commands\up\c8771f88_nohash_0.wav,speech
speech_commands\yes\3b4f8f24_nohash_1.wav,speech
speech_commands\no\6c0f6493_nohash_3.wav,speech
speech_commands\no\988e2f9a_nohash_0.wav,speech
speech_commands\right\68dd409e_nohash_0.wav,speech
speech_commands\right\09a7aa2a_nohash_0.wav,speech
speech_commands\no\a9ca1818_nohash_4.wav,speech
speech_commands\right\13199b79_nohash_0.wav,speech
speech_commands\yes\78622c2b_nohash_1.wav,speech
speech_commands\stop\0f46028a_nohash_1.wav,speech
speech_commands\yes\435695e3_nohash_2.wav,speech
speech_commands\go\cc3b5b62_nohash_3.wav,speech
speech_commands\yes\67bdbf56_nohash_2.wav,speech
speech_commands\right\c6ee87a7_nohash_0.wav,speech
speech_commands\stop\fc2411fe_nohash_0.wav,speech
speech_commands\down\ef3367d9_nohash_1.wav,speech
speech_commands\no\a7200079_nohash_2.wav,speech
speech_commands\stop\3ec05c3d_nohash_0.wav,speech
speech_commands\go\0f46028a_nohash_0.wav,speech
speech_commands\left\f4c77b26_nohash_0.wav,speech
speech_commands\go\db9cd41d_nohash_0.wav,speech
speech_commands\up\3903b558_nohash_0.wav,speech
speech_commands\go\48bfde8e_nohash_0.wav,speech
speech_commands\down\5c39594f_nohash_3.wav,speech
speech_commands\right\ceef6d96_nohash_2.wav,speech
speech_commands\no\017c4098_nohash_2.wav,speech
speech_commands\down\bfd26d6b_nohash_3.wav,speech
speech_commands\yes\3d794813_nohash_2.wav,speech
speech_commands\no\fb8c31a9_nohash_4.wav,speech
speech_commands\up\1678e6f1_nohash_2.wav,speech
speech_commands\go\b9515bf3_nohash_2.wav,speech
speech_commands\no\742d6431_nohash_5.wav,speech
speech_commands\right\608473c9_nohash_0.wav,speech
speech_commands\go\f3d06008_nohash_0.wav,speech
speech_commands\up\f0ae7203_nohash_3.wav,speech
speech_commands\up\a4ca3afe_nohash_0.wav,speech
speech_commands\stop\e9323bd9_nohash_0.wav,speech
speech_commands\stop\dbaf8fc6_nohash_1.wav,speech
speech_commands\no\57152045_nohash_4.wav,speech
speech_commands\right\151bfb79_nohash_0.wav,speech
speech_commands\right\978240e1_nohash_3.wav,speech
speech_commands\stop\2296b1af_nohash_1.wav,speech
speech_commands\left\4ec7d027_nohash_0.wav,speech
speech_commands\right\0447d7c1_nohash_0.wav,speech
speech_commands\down\ccca5655_nohash_4.wav,speech
speech_commands\yes\bfaf2000_nohash_0.wav,speech
speech_commands\stop\5bf1f1cb_nohash_0.wav,speech
speech_commands\yes\39833acb_nohash_1.wav,speech
speech_commands\go\333784b7_nohash_1.wav,speech
speech_commands\no\563aa4e6_nohash_2.wav,speech
speech_commands\right\365908bd_nohash_3.wav,speech
speech_commands\up\cd7f8c1b_nohash_2.wav,speech
speech_commands\left\96cd0255_nohash_1.wav,speech
speech_commands\no\c25a032b_nohash_1.wav,speech
speech_commands\right\3cc595de_nohash_3.wav,speech
speech_commands\no\cd671b5f_nohash_4.wav,speech
speech_commands\down\7622d95b_nohash_0.wav,speech
speech_commands\no\d85270c1_nohash_0.wav,speech
speech_commands\down\b9515bf3_nohash_0.wav,speech
speech_commands\no\b5cf6ea8_nohash_2.wav,speech
speech_commands\stop\365531e2_nohash_0.wav,speech
speech_commands\down\833a0279_nohash_0.wav,speech
speech_commands\go\64df20d8_nohash_0.wav,speech
speech_commands\up\4a1e736b_nohash_3.wav,speech
speech_commands\right\5170b77f_nohash_2.wav,speech
speech_commands\left\97e0c576_nohash_0.wav,speech
speech_commands\left\7846fd85_nohash_3.wav,speech
speech_commands\down\c1d39ce8_nohash_3.wav,speech
speech_commands\yes\14775481_nohash_2.wav,speech
speech_commands\go\f2e9b610_nohash_2.wav,speech
speech_commands\right\b9f46737_nohash_1.wav,speech
speech_commands\no\16d41d07_nohash_0.wav,speech
speech_commands\no\6aafb34f_nohash_0.wav,speech
speech_commands\down\131e738d_nohash_0.wav,speech
speech_commands\left\c2bc4489_nohash_0.wav,speech
speech_commands\yes\131e738d_nohash_3.wav,speech
speech_commands\no\d278d8ef_nohash_0.wav,speech
speech_commands\stop\15dd287d_nohash_0.wav,speech
speech_commands\down\20fd451f_nohash_3.wav,speech
speech_commands\left\cc3b5b62_nohash_2.wav,speech
speech_commands\right\fbb2f6cc_nohash_1.wav,speech
speech_commands\stop\888a0c49_nohash_3.wav,speech
speech_commands\down\fe11e258_nohash_0.wav,speech
speech_commands\down\f810e799_nohash_0.wav,speech
speech_commands\down\6af4aa07_nohash_2.wav,speech
speech_commands\stop\439c84f4_nohash_2.wav,speech
speech_commands\go\87d5e978_nohash_0.wav,speech
speech_commands\right\989a2213_nohash_0.wav,speech
speech_commands\go\1ffd513b_nohash_0.wav,speech
speech_commands\right\325a0c39_nohash_0.wav,speech
speech_commands\stop\e71a9381_nohash_2.wav,speech
speech_commands\go\cfbedff9_nohash_3.wav,speech
speech_commands\stop\1496195a_nohash_4.wav,speech
speech_commands\no\c948d727_nohash_4.wav,speech
speech_commands\go\e1469561_nohash_3.wav,speech
speech_commands\stop\824e8ce5_nohash_0.wav,speech
speech_commands\down\b83c1acf_nohash_4.wav,speech
speech_commands\up\5ac04a92_nohash_0.wav,speech
speech_commands\left\f575faf3_nohash_1.wav,speech
speech_commands\down\3d794813_nohash_1.wav,speech
speech_commands\go\499be02e_nohash_0.wav,speech
speech_commands\up\ec74a8a5_nohash_0.wav,speech
speech_commands\yes\d486fb84_nohash_0.wav,speech
speech_commands\yes\10ace7eb_nohash_1.wav,speech
speech_commands\up\44f68a83_nohash_2.wav,speech
speech_commands\down\9b5815cd_nohash_2.wav,speech
speech_commands\right\21832144_nohash_0.wav,speech
speech_commands\right\1942abd7_nohash_1.wav,speech
speech_commands\go\1b42b551_nohash_0.wav,speech
speech_commands\up\ba676390_nohash_0.wav,speech
speech_commands\down\75b631ff_nohash_0.wav,speech
speech_commands\up\ffd2ba2f_nohash_0.wav,speech
speech_commands\down\226537ab_nohash_0.wav,speech
speech_commands\stop\559bc36a_nohash_1.wav,speech
speech_commands\stop\779de043_nohash_3.wav,speech
speech_commands\down\c50f55b8_nohash_5.wav,speech
speech_commands\yes\e0c782d5_nohash_2.wav,speech
speech_commands\up\037c445a_nohash_0.wav,speech
speech_commands\yes\879a2b38_nohash_2.wav,speech
speech_commands\stop\caa4779f_nohash_0.wav,speech
speech_commands\stop\46a153d8_nohash_0.wav,speech
speech_commands\down\6727b579_nohash_3.wav,speech
speech_commands\stop\b528edb3_nohash_3.wav,speech
speech_commands\right\48bfde8e_nohash_0.wav,speech
speech_commands\stop\47565088_nohash_0.wav,speech
speech_commands\stop\2748cce7_nohash_0.wav,speech
speech_commands\down\8d4cdc60_nohash_0.wav,speech
speech_commands\down\facd97c0_nohash_1.wav,speech
speech_commands\right\92a9c5e6_nohash_1.wav,speech
speech_commands\down\82e7204d_nohash_0.wav,speech
speech_commands\stop\784e281a_nohash_0.wav,speech
speech_commands\no\8e523821_nohash_3.wav,speech
speech_commands\no\38d78313_nohash_4.wav,speech
speech_commands\up\52162b51_nohash_3.wav,speech
speech_commands\left\726382d6_nohash_0.wav,speech
speech_commands\no\f8f60f59_nohash_0.wav,speech
speech_commands\right\a2cc5444_nohash_0.wav,speech
speech_commands\yes\76b58705_nohash_0.wav,speech
speech_commands\left\cc6ee39b_nohash_2.wav,speech
speech_commands\right\3d3ddaf8_nohash_0.wav,speech
speech_commands\left\c6ca5d01_nohash_0.wav,speech
speech_commands\left\d55aa56c_nohash_0.wav,speech
speech_commands\down\0ff728b5_nohash_0.wav,speech
speech_commands\go\5a5721f8_nohash_3.wav,speech
speech_commands\down\97f493b9_nohash_1.wav,speech
speech_commands\stop\a902ce9b_nohash_1.wav,speech
speech_commands\down\beb49c22_nohash_2.wav,speech
speech_commands\no\24632875_nohash_0.wav,speech
speech_commands\left\1474273a_nohash_0.wav,speech
speech_commands\yes\33903159_nohash_0.wav,speech
speech_commands\down\8a194ee6_nohash_0.wav,speech
speech_commands\up\27c24504_nohash_2.wav,speech
speech_commands\stop\71bf8f48_nohash_0.wav,speech
speech_commands\stop\23da904f_nohash_2.wav,speech
speech_commands\right\b2ae3928_nohash_1.wav,speech
speech_commands\go\7bf801d1_nohash_1.wav,speech
speech_commands\go\5b26c81b_nohash_1.wav,speech
speech_commands\go\370844f7_nohash_2.wav,speech
speech_commands\left\32ad5b65_nohash_4.wav,speech
speech_commands\yes\4954abe8_nohash_0.wav,speech
speech_commands\up\e9901cf0_nohash_0.wav,speech
speech_commands\down\f568162b_nohash_4.wav,speech
speech_commands\left\e41a903b_nohash_3.wav,speech
speech_commands\no\9229bff9_nohash_0.wav,speech
speech_commands\stop\da040491_nohash_1.wav,speech
speech_commands\left\1ed0b13d_nohash_1.wav,speech
speech_commands\no\ceef6d96_nohash_1.wav,speech
speech_commands\down\c948d727_nohash_2.wav,speech
speech_commands\up\7e4fa1d8_nohash_0.wav,speech
speech_commands\down\61e2f74f_nohash_1.wav,speech
speech_commands\left\a16013b7_nohash_3.wav,speech
speech_commands\go\f575faf3_nohash_4.wav,speech
speech_commands\right\b15fc37d_nohash_0.wav,speech
speech_commands\right\f798ac78_nohash_3.wav,speech
speech_commands\down\aeb99b1c_nohash_1.wav,speech
speech_commands\stop\f953e1af_nohash_1.wav,speech
speech_commands\up\3c257192_nohash_0.wav,speech
speech_commands\stop\7e7ca854_nohash_0.wav,speech
speech_commands\right\24cab2cb_nohash_0.wav,speech
speech_commands\no\64e48f55_nohash_0.wav,speech
speech_commands\right\1b18600d_nohash_2.wav,speech
speech_commands\down\8fe67225_nohash_2.wav,speech
speech_commands\right\6b889021_nohash_0.wav,speech
speech_commands\up\b528edb3_nohash_0.wav,speech
speech_commands\no\7fd25f7c_nohash_1.wav,speech
speech_commands\stop\6c968bd9_nohash_0.wav,speech
speech_commands\yes\cc3b5b62_nohash_3.wav,speech
speech_commands\go\eb3f7d82_nohash_2.wav,speech
speech_commands\no\0c5027de_nohash_0.wav,speech
speech_commands\left\3bb68054_nohash_3.wav,speech
speech_commands\left\1c1060b1_nohash_0.wav,speech
speech_commands\left\d0faf7e4_nohash_4.wav,speech
speech_commands\up\b6091c84_nohash_0.wav,speech
speech_commands\left\6c0f6493_nohash_1.wav,speech
speech_commands\right\bcdaa7a9_nohash_0.wav,speech
speech_commands\no\8442ea62_nohash_0.wav,speech
speech_commands\down\bd76a7fd_nohash_4.wav,speech
speech_commands\right\a24cf51c_nohash_0.wav,speech
speech_commands\stop\c9b5ff26_nohash_3.wav,speech
speech_commands\down\88b7c5fa_nohash_0.wav,speech
speech_commands\yes\bd76a7fd_nohash_6.wav,speech
speech_commands\no\cee22275_nohash_0.wav,speech
speech_commands\stop\f30285c8_nohash_0.wav,speech
speech_commands\no\d1dd03ed_nohash_1.wav,speech
speech_commands\left\42a99aec_nohash_0.wav,speech
speech_commands\right\61ab8fbc_nohash_4.wav,speech
speech_commands\stop\8a56f36e_nohash_0.wav,speech
speech_commands\go\7fd25f7c_nohash_0.wav,speech
speech_commands\left\a9ca1818_nohash_0.wav,speech
speech_commands\right\857366dd_nohash_1.wav,speech
speech_commands\stop\c0c0d87d_nohash_1.wav,speech
speech_commands\go\171b56dc_nohash_1.wav,speech
speech_commands\stop\25e95412_nohash_1.wav,speech
speech_commands\up\eeaf97c3_nohash_2.wav,speech
speech_commands\stop\6cf5459b_nohash_1.wav,speech
speech_commands\go\dae01802_nohash_3.wav,speech
speech_commands\right\321aba74_nohash_3.wav,speech
speech_commands\yes\f5626af6_nohash_4.wav,speech
speech_commands\go\eaa83485_nohash_4.wav,speech
speech_commands\yes\6fb3d5a7_nohash_1.wav,speech
speech_commands\right\559bc36a_nohash_2.wav,speech
speech_commands\down\59fe87e6_nohash_0.wav,speech
speech_commands\up\ea356919_nohash_2.wav,speech
speech_commands\up\e2b7d6d6_nohash_3.wav,speech
speech_commands\right\ff4ed4f3_nohash_1.wav,speech
speech_commands\down\39a12648_nohash_1.wav,speech
speech_commands\yes\988e2f9a_nohash_0.wav,speech
speech_commands\go\ef77b778_nohash_2.wav,speech
speech_commands\right\8a1c449e_nohash_0.wav,speech
speech_commands\no\9be15e93_nohash_4.wav,speech
speech_commands\up\2e8c59f7_nohash_0.wav,speech
speech_commands\yes\f8f60f59_nohash_0.wav,speech
speech_commands\right\587f3271_nohash_0.wav,speech
speech_commands\down\beb49c22_nohash_0.wav,speech
speech_commands\go\29dce108_nohash_2.wav,speech
speech_commands\up\70a00e98_nohash_0.wav,speech
speech_commands\stop\7799c9cd_nohash_0.wav,speech
speech_commands\go\6bf5baf3_nohash_4.wav,speech
speech_commands\yes\70a00e98_nohash_1.wav,speech
speech_commands\right\616420be_nohash_2.wav,speech
speech_commands\right\37dca74f_nohash_1.wav,speech
speech_commands\no\3a69f765_nohash_2.wav,speech
speech_commands\no\1ecfb537_nohash_1.wav,speech
speech_commands\no\a929f9b9_nohash_0.wav,speech
speech_commands\stop\d98dd124_nohash_0.wav,speech
speech_commands\go\6414258b_nohash_0.wav,speech
speech_commands\up\c9b653a0_nohash_0.wav,speech
speech_commands\right\9448c397_nohash_2.wav,speech
speech_commands\right\b1df80c0_nohash_0.wav,speech
speech_commands\go\cd671b5f_nohash_0.wav,speech
speech_commands\no\29b81b73_nohash_1.wav,speech
speech_commands\stop\a16013b7_nohash_1.wav,speech
speech_commands\right\4c3cddb8_nohash_0.wav,speech
speech_commands\left\060cd039_nohash_0.wav,speech
speech_commands\no\7e783e3f_nohash_0.wav,speech
speech_commands\left\95299b6c_nohash_0.wav,speech
speech_commands\yes\acfd5b5e_nohash_4.wav,speech
speech_commands\up\13dce503_nohash_1.wav,speech
speech_commands\stop\c2dccf38_nohash_2.wav,speech
speech_commands\down\5188de0d_nohash_2.wav,speech
speech_commands\no\72e382bd_nohash_4.wav,speech
speech_commands\stop\9a7c1f83_nohash_4.wav,speech
speech_commands\down\5a3712c9_nohash_1.wav,speech
speech_commands\yes\7bf801d1_nohash_0.wav,speech
speech_commands\yes\0b7ee1a0_nohash_1.wav,speech
speech_commands\go\c38720cb_nohash_2.wav,speech
speech_commands\stop\3d794813_nohash_4.wav,speech
speech_commands\no\bab36420_nohash_3.wav,speech
speech_commands\left\6846af18_nohash_0.wav,speech
speech_commands\left\8781f4c1_nohash_0.wav,speech
speech_commands\no\61bcb275_nohash_0.wav,speech
speech_commands\up\d9e9f554_nohash_1.wav,speech
speech_commands\left\70a00e98_nohash_3.wav,speech
speech_commands\no\4c6167ca_nohash_3.wav,speech
speech_commands\up\1890e5c3_nohash_3.wav,speech
speech_commands\left\a1dd919f_nohash_0.wav,speech
speech_commands\left\6dfff95a_nohash_1.wav,speech
speech_commands\left\96c66ab7_nohash_0.wav,speech
speech_commands\yes\bb05582b_nohash_3.wav,speech
speech_commands\no\0f7205ef_nohash_1.wav,speech
speech_commands\down\2d82a556_nohash_0.wav,speech
speech_commands\go\a045368c_nohash_2.wav,speech
speech_commands\down\57152045_nohash_2.wav,speech
speech_commands\go\96a48d28_nohash_2.wav,speech
speech_commands\go\95ba4996_nohash_0.wav,speech
speech_commands\go\f9643d42_nohash_3.wav,speech
speech_commands\go\2dc4f05d_nohash_2.wav,speech
speech_commands\yes\0b56bcfe_nohash_0.wav,speech
speech_commands\yes\4e99c1b7_nohash_0.wav,speech
speech_commands\up\7c1d8533_nohash_2.wav,speech
speech_commands\no\a73be046_nohash_2.wav,speech
speech_commands\left\27c24504_nohash_4.wav,speech
speech_commands\go\195c120a_nohash_0.wav,speech
speech_commands\yes\1e9e6bdd_nohash_2.wav,speech
speech_commands\right\91bed2e0_nohash_1.wav,speech
speech_commands\stop\af130f12_nohash_0.wav,speech
speech_commands\left\611d2b50_nohash_0.wav,speech
speech_commands\right\0a2b400e_nohash_2.wav,speech
speech_commands\up\7257420c_nohash_0.wav,speech
speech_commands\no\94de6a6a_nohash_0.wav,speech
speech_commands\yes\25e95412_nohash_4.wav,speech
speech_commands\down\b7016c27_nohash_0.wav,speech
speech_commands\yes\0a196374_nohash_1.wav,speech
speech_commands\down\4620dc14_nohash_0.wav,speech
speech_commands\left\2da58b32_nohash_3.wav,speech
speech_commands\stop\0d90d8e1_nohash_0.wav,speech
speech_commands\no\da040491_nohash_1.wav,speech
speech_commands\down\d7529c0c_nohash_0.wav,speech
speech_commands\right\6c88cf25_nohash_0.wav,speech
speech_commands\stop\dc7ec25b_nohash_0.wav,speech
speech_commands\stop\97f493b9_nohash_0.wav,speech
speech_commands\no\0e6e36c9_nohash_3.wav,speech
speech_commands\yes\d5ca80c6_nohash_0.wav,speech
speech_commands\go\2f0ce4d9_nohash_0.wav,speech
speech_commands\up\333d7ddb_nohash_1.wav,speech
speech_commands\up\f4386675_nohash_0.wav,speech
speech_commands\stop\893705bb_nohash_12.wav,speech
speech_commands\no\5fadb538_nohash_3.wav,speech
speech_commands\yes\8a5acefd_nohash_0.wav,speech
speech_commands\left\f550b7dc_nohash_1.wav,speech
speech_commands\yes\611d2b50_nohash_0.wav,speech
speech_commands\stop\773e26f7_nohash_4.wav,speech
speech_commands\stop\6727b579_nohash_1.wav,speech
speech_commands\go\cb62dbf1_nohash_0.wav,speech
speech_commands\left\22296dbe_nohash_3.wav,speech
speech_commands\up\5a5721f8_nohash_0.wav,speech
speech_commands\down\06f6c194_nohash_1.wav,speech
speech_commands\up\61e2f74f_nohash_2.wav,speech
speech_commands\stop\cce17a61_nohash_0.wav,speech
speech_commands\go\a045368c_nohash_1.wav,speech
speech_commands\right\87d5e978_nohash_2.wav,speech
speech_commands\down\c9b653a0_nohash_4.wav,speech
speech_commands\no\18e910f4_nohash_1.wav,speech
speech_commands\stop\d98dd124_nohash_2.wav,speech
speech_commands\right\a7200079_nohash_1.wav,speech
speech_commands\up\190821dc_nohash_0.wav,speech
speech_commands\stop\fa52ddf6_nohash_2.wav,speech
speech_commands\left\5170b77f_nohash_2.wav,speech
speech_commands\no\8e884ec4_nohash_0.wav,speech
speech_commands\no\5b09db89_nohash_0.wav,speech
speech_commands\right\c7124b73_nohash_1.wav,speech
speech_commands\left\dae01802_nohash_1.wav,speech
speech_commands\yes\28e47b1a_nohash_0.wav,speech
speech_commands\no\de89e2ca_nohash_0.wav,speech
speech_commands\no\d486fb84_nohash_0.wav,speech
speech_commands\left\211b928a_nohash_1.wav,speech
speech_commands\no\14775481_nohash_0.wav,speech
speech_commands\no\bde0f20a_nohash_2.wav,speech
speech_commands\left\2f0ce4d9_nohash_4.wav,speech
speech_commands\up\f632210f_nohash_0.wav,speech
speech_commands\up\37dca74f_nohash_1.wav,speech
speech_commands\no\627c0bec_nohash_1.wav,speech
speech_commands\yes\ff63ab0b_nohash_0.wav,speech
speech_commands\go\0b7ee1a0_nohash_3.wav,speech
speech_commands\down\80b8eab4_nohash_0.wav,speech
speech_commands\left\b2e2773a_nohash_2.wav,speech
speech_commands\yes\4def68db_nohash_0.wav,speech
speech_commands\go\1cc80e39_nohash_1.wav,speech
speech_commands\right\6bf5baf3_nohash_0.wav,speech
speech_commands\down\66276b0e_nohash_1.wav,speech
speech_commands\stop\1b88bf70_nohash_1.wav,speech
speech_commands\left\8281a2a8_nohash_3.wav,speech
speech_commands\up\7e6bd776_nohash_0.wav,speech
speech_commands\down\3cc595de_nohash_3.wav,speech
speech_commands\yes\64df20d8_nohash_1.wav,speech
speech_commands\down\004ae714_nohash_0.wav,speech
speech_commands\yes\637c702a_nohash_1.wav,speech
speech_commands\down\9aa21fa9_nohash_3.wav,speech
speech_commands\down\87728a88_nohash_0.wav,speech
speech_commands\right\10ace7eb_nohash_2.wav,speech
speech_commands\yes\29b81b73_nohash_0.wav,speech
speech_commands\yes\63f7a489_nohash_3.wav,speech
speech_commands\down\cd7f8c1b_nohash_4.wav,speech
speech_commands\yes\f19c1390_nohash_4.wav,speech
speech_commands\go\b6573c88_nohash_0.wav,speech
speech_commands\go\2748cce7_nohash_0.wav,speech
speech_commands\no\0132a06d_nohash_4.wav,speech
speech_commands\up\9a69672b_nohash_3.wav,speech
speech_commands\stop\171edea9_nohash_0.wav,speech
speech_commands\go\f30285c8_nohash_2.wav,speech
speech_commands\down\e9bc5cc2_nohash_1.wav,speech
speech_commands\no\3d794813_nohash_1.wav,speech
speech_commands\no\b414c653_nohash_0.wav,speech
speech_commands\down\da15e796_nohash_0.wav,speech
speech_commands\down\c7dc7278_nohash_2.wav,speech
speech_commands\down\50a8ef27_nohash_0.wav,speech
speech_commands\yes\151bfb79_nohash_1.wav,speech
speech_commands\stop\7fd25f7c_nohash_1.wav,speech
speech_commands\go\81332c92_nohash_0.wav,speech
speech_commands\down\9a76f8c3_nohash_2.wav,speech
speech_commands\yes\d1dd03ed_nohash_1.wav,speech
speech_commands\down\9b8a7439_nohash_1.wav,speech
speech_commands\up\5a5721f8_nohash_1.wav,speech
speech_commands\stop\37fc5d97_nohash_2.wav,speech
speech_commands\down\3c257192_nohash_4.wav,speech
speech_commands\down\1b42b551_nohash_2.wav,speech
speech_commands\down\e6db3894_nohash_0.wav,speech
speech_commands\no\1e9b215e_nohash_0.wav,speech
speech_commands\go\7c83c5f6_nohash_0.wav,speech
speech_commands\right\0397ecda_nohash_0.wav,speech
speech_commands\right\a05a90c1_nohash_3.wav,speech
speech_commands\yes\da7689f1_nohash_0.wav,speech
speech_commands\up\45692b02_nohash_0.wav,speech
speech_commands\left\0d90d8e1_nohash_1.wav,speech
speech_commands\down\33246bc2_nohash_1.wav,speech
speech_commands\yes\f5626af6_nohash_2.wav,speech
speech_commands\stop\55d3725a_nohash_0.wav,speech
speech_commands\yes\ee1d8d49_nohash_1.wav,speech
speech_commands\left\a1533da4_nohash_0.wav,speech
speech_commands\yes\ddedba85_nohash_12.wav,speech
speech_commands\up\28e47b1a_nohash_2.wav,speech
speech_commands\no\a60a09cf_nohash_1.wav,speech
speech_commands\down\22296dbe_nohash_2.wav,speech
speech_commands\no\a7acbbeb_nohash_3.wav,speech
speech_commands\left\9229bff9_nohash_0.wav,speech
speech_commands\stop\2aca1e72_nohash_4.wav,speech
speech_commands\right\060cd039_nohash_0.wav,speech
speech_commands\up\61482e52_nohash_1.wav,speech
speech_commands\no\abbfc3b4_nohash_0.wav,speech
speech_commands\stop\f822b9bf_nohash_3.wav,speech
speech_commands\go\64e48f55_nohash_3.wav,speech
speech_commands\stop\712e4d58_nohash_2.wav,speech
speech_commands\no\5170b77f_nohash_1.wav,speech
speech_commands\yes\51995cea_nohash_1.wav,speech
speech_commands\up\9b5815cd_nohash_1.wav,speech
speech_commands\up\256c0a05_nohash_1.wav,speech
speech_commands\right\b76f6088_nohash_4.wav,speech
speech_commands\no\b69fe0e2_nohash_4.wav,speech
speech_commands\down\cc4f9250_nohash_2.wav,speech
speech_commands\right\e8d562ca_nohash_2.wav,speech
speech_commands\up\0137b3f4_nohash_2.wav,speech
speech_commands\stop\beb458a4_nohash_0.wav,speech
speech_commands\no\ed032775_nohash_2.wav,speech
speech_commands\yes\0685264e_nohash_1.wav,speech
speech_commands\yes\1b627376_nohash_0.wav,speech
speech_commands\down\ad89eb1e_nohash_2.wav,speech
speech_commands\yes\bcf614a2_nohash_3.wav,speech
speech_commands\right\b2ae3928_nohash_0.wav,speech
speech_commands\yes\e6be0830_nohash_0.wav,speech
speech_commands\right\0f2442b6_nohash_0.wav,speech
speech_commands\up\d1dd03ed_nohash_4.wav,speech
speech_commands\down\a902ce9b_nohash_2.wav,speech
speech_commands\up\21307344_nohash_0.wav,speech
speech_commands\no\365908bd_nohash_4.wav,speech
speech_commands\yes\beb458a4_nohash_1.wav,speech
speech_commands\left\964e8cfd_nohash_3.wav,speech
speech_commands\up\459345ea_nohash_0.wav,speech
speech_commands\yes\a04817c2_nohash_4.wav,speech
speech_commands\left\195c120a_nohash_1.wav,speech
speech_commands\left\195c120a_nohash_2.wav,speech
speech_commands\yes\d264f7b6_nohash_3.wav,speech
speech_commands\right\ad6a46f1_nohash_0.wav,speech
speech_commands\stop\1c3f4fac_nohash_0.wav,speech
speech_commands\down\6f342826_nohash_0.wav,speech
speech_commands\no\e57d35bc_nohash_0.wav,speech
speech_commands\go\cc6ee39b_nohash_2.wav,speech
speech_commands\stop\7211390b_nohash_1.wav,speech
speech_commands\stop\2da58b32_nohash_2.wav,speech
speech_commands\go\dbaf8fc6_nohash_0.wav,speech
speech_commands\yes\6736bc64_nohash_1.wav,speech
speech_commands\yes\ceaadb24_nohash_2.wav,speech
speech_commands\left\ddedba85_nohash_11.wav,speech
speech_commands\no\6ef407da_nohash_0.wav,speech
speech_commands\right\6640fdc0_nohash_1.wav,speech
speech_commands\yes\51c5601d_nohash_0.wav,speech
speech_commands\right\333d7ddb_nohash_2.wav,speech
speech_commands\stop\65d81c54_nohash_0.wav,speech
speech_commands\stop\fbb56351_nohash_1.wav,speech
speech_commands\left\c4533c47_nohash_0.wav,speech
speech_commands\down\b76f6088_nohash_0.wav,speech
speech_commands\stop\98ea0818_nohash_2.wav,speech
speech_commands\go\8dc18a75_nohash_3.wav,speech
speech_commands\left\3777c08e_nohash_1.wav,speech
speech_commands\yes\f1d8a638_nohash_1.wav,speech
speech_commands\yes\c79159aa_nohash_2.wav,speech
speech_commands\right\322d17d3_nohash_0.wav,speech
speech_commands\left\61e2f74f_nohash_2.wav,speech
speech_commands\right\8dc18a75_nohash_4.wav,speech
speech_commands\yes\6124b431_nohash_1.wav,speech
speech_commands\yes\15dd287d_nohash_0.wav,speech
speech_commands\right\332d33b1_nohash_4.wav,speech
speech_commands\no\21307344_nohash_0.wav,speech
speech_commands\down\9e92ef0c_nohash_3.wav,speech
speech_commands\down\7464b22e_nohash_0.wav,speech
speech_commands\no\65d14087_nohash_0.wav,speech
speech_commands\stop\bb05582b_nohash_1.wav,speech
speech_commands\stop\f798ac78_nohash_0.wav,speech
speech_commands\right\978240e1_nohash_4.wav,speech
speech_commands\go\a95dbfd4_nohash_1.wav,speech
speech_commands\down\3b3d2f59_nohash_0.wav,speech
speech_commands\stop\340c8b10_nohash_2.wav,speech
speech_commands\right\7117fb6d_nohash_0.wav,speech
speech_commands\left\2bd2cad5_nohash_0.wav,speech
speech_commands\yes\c351e611_nohash_2.wav,speech
speech_commands\go\18e910f4_nohash_1.wav,speech
speech_commands\left\e0ff1e9c_nohash_1.wav,speech
speech_commands\no\837a0f64_nohash_4.wav,speech
speech_commands\yes\ed032775_nohash_4.wav,speech
speech_commands\go\520b2c17_nohash_1.wav,speech
speech_commands\go\5170b77f_nohash_3.wav,speech
speech_commands\go\cc4f9250_nohash_2.wav,speech
speech_commands\stop\3b4f8f24_nohash_2.wav,speech
speech_commands\right\0fc57d61_nohash_0.wav,speech
speech_commands\go\322d17d3_nohash_0.wav,speech
speech_commands\down\cd911ace_nohash_0.wav,speech
speech_commands\right\31601aad_nohash_0.wav,speech
speech_commands\go\fb2f3242_nohash_0.wav,speech
speech_commands\left\c1d39ce8_nohash_1.wav,speech
speech_commands\go\82951cf0_nohash_1.wav,speech
speech_commands\down\7cbf645a_nohash_0.wav,speech
speech_commands\right\837a0f64_nohash_2.wav,speech
speech_commands\left\bb6d4301_nohash_3.wav,speech
speech_commands\no\5f9cd2eb_nohash_4.wav,speech
speech_commands\yes\ebdd0f59_nohash_0.wav,speech
speech_commands\no\171edea9_nohash_0.wav,speech
speech_commands\left\1ecfb537_nohash_2.wav,speech
speech_commands\yes\7d149b38_nohash_0.wav,speech
speech_commands\right\fb24c826_nohash_0.wav,speech
speech_commands\right\234d6a48_nohash_1.wav,speech
speech_commands\no\4f256313_nohash_1.wav,speech
speech_commands\yes\d98dd124_nohash_3.wav,speech
speech_commands\go\72be9202_nohash_0.wav,speech
speech_commands\right\b9515bf3_nohash_1.wav,speech
speech_commands\up\f8ba7c0e_nohash_2.wav,speech
speech_commands\up\0685264e_nohash_0.wav,speech
speech_commands\left\c6389ab0_nohash_1.wav,speech
speech_commands\up\c948d727_nohash_0.wav,speech
speech_commands\down\bab36420_nohash_4.wav,speech
speech_commands\go\aa80f517_nohash_1.wav,speech
speech_commands\no\8012c69d_nohash_0.wav,speech
speech_commands\down\262d7a03_nohash_0.wav,speech
speech_commands\go\25e95412_nohash_2.wav,speech
speech_commands\left\954f190f_nohash_1.wav,speech
speech_commands\stop\f953e1af_nohash_4.wav,speech
speech_commands\down\264f471d_nohash_0.wav,speech
speech_commands\yes\3b3d2f59_nohash_3.wav,speech
speech_commands\right\4c6167ca_nohash_1.wav,speech
speech_commands\down\c50f55b8_nohash_7.wav,speech
speech_commands\right\72e382bd_nohash_3.wav,speech
speech_commands\right\179a61b7_nohash_0.wav,speech
speech_commands\left\2144be19_nohash_0.wav,speech
speech_commands\right\9190045a_nohash_0.wav,speech
speech_commands\no\122c5aa7_nohash_1.wav,speech
speech_commands\up\0717b9f6_nohash_2.wav,speech
speech_commands\right\cb62dbf1_nohash_1.wav,speech
speech_commands\up\14c7b073_nohash_3.wav,speech
speech_commands\yes\eb3f7d82_nohash_3.wav,speech
speech_commands\right\87070229_nohash_2.wav,speech
speech_commands\go\686d030b_nohash_2.wav,speech
speech_commands\go\afd53389_nohash_2.wav,speech
speech_commands\yes\61482e52_nohash_2.wav,speech
speech_commands\yes\87070229_nohash_0.wav,speech
speech_commands\stop\28ce0c58_nohash_3.wav,speech
speech_commands\down\893705bb_nohash_1.wav,speech
speech_commands\stop\9b8a7439_nohash_4.wav,speech
speech_commands\down\ef2a3cfb_nohash_0.wav,speech
speech_commands\right\5b09db89_nohash_4.wav,speech
speech_commands\down\b97c9f77_nohash_2.wav,speech
speech_commands\up\63ae15e4_nohash_0.wav,speech
speech_commands\left\7846fd85_nohash_2.wav,speech
speech_commands\left\409c962a_nohash_0.wav,speech
speech_commands\up\da2c5f1b_nohash_0.wav,speech
speech_commands\left\19785c4e_nohash_1.wav,speech
speech_commands\up\c137814b_nohash_0.wav,speech
speech_commands\no\d3831f6a_nohash_0.wav,speech
speech_commands\down\aa753bb9_nohash_0.wav,speech
speech_commands\right\64da5281_nohash_0.wav,speech
speech_commands\stop\cd671b5f_nohash_3.wav,speech
speech_commands\up\56abe7dc_nohash_4.wav,speech
speech_commands\up\61482e52_nohash_0.wav,speech
speech_commands\down\cc4f9250_nohash_3.wav,speech
speech_commands\down\e6327279_nohash_4.wav,speech
speech_commands\yes\c7e02d9c_nohash_0.wav,speech
speech_commands\go\9e92ef0c_nohash_3.wav,speech
speech_commands\down\9a76f8c3_nohash_4.wav,speech
speech_commands\left\1ed557b9_nohash_0.wav,speech
speech_commands\stop\0d6d7360_nohash_1.wav,speech
speech_commands\up\03c96658_nohash_1.wav,speech
speech_commands\stop\e0315cf6_nohash_2.wav,speech
speech_commands\down\9f93e408_nohash_2.wav,speech
speech_commands\down\b66f4f93_nohash_8.wav,speech
speech_commands\down\686d030b_nohash_3.wav,speech
speech_commands\go\3108acca_nohash_2.wav,speech
speech_commands\no\35d1b6ee_nohash_0.wav,speech
speech_commands\right\18e910f4_nohash_1.wav,speech
speech_commands\left\f9643d42_nohash_4.wav,speech
speech_commands\up\b528edb3_nohash_3.wav,speech
speech_commands\right\91ffb786_nohash_0.wav,speech
speech_commands\down\29229c21_nohash_4.wav,speech
speech_commands\yes\71e6ab20_nohash_0.wav,speech
speech_commands\yes\1a5b9ca4_nohash_1.wav,speech
speech_commands\down\6c968bd9_nohash_1.wav,speech
speech_commands\right\eb3f7d82_nohash_2.wav,speech
speech_commands\no\4874a7e9_nohash_0.wav,speech
speech_commands\up\39a12648_nohash_3.wav,speech
speech_commands\right\2ce7534c_nohash_1.wav,speech
speech_commands\go\e805a617_nohash_0.wav,speech
speech_commands\right\332d33b1_nohash_0.wav,speech
speech_commands\up\24a3e589_nohash_2.wav,speech
speech_commands\right\5ebc1cda_nohash_2.wav,speech
speech_commands\no\5c43ac9f_nohash_0.wav,speech
speech_commands\yes\a045368c_nohash_3.wav,speech
speech_commands\left\54ad8f22_nohash_0.wav,speech
speech_commands\up\1b627376_nohash_2.wav,speech
speech_commands\stop\ab46af55_nohash_4.wav,speech
speech_commands\no\fa44fcf5_nohash_0.wav,speech
speech_commands\stop\bfaf2000_nohash_0.wav,speech
speech_commands\stop\4b3a7ad5_nohash_0.wav,speech
speech_commands\yes\679463fc_nohash_0.wav,speech
speech_commands\up\3bb68054_nohash_1.wav,speech
speech_commands\no\cfbedff9_nohash_2.wav,speech
speech_commands\up\a16013b7_nohash_2.wav,speech
speech_commands\down\6c88cf25_nohash_0.wav,speech
speech_commands\go\24694eb6_nohash_0.wav,speech
speech_commands\go\5769c5ab_nohash_2.wav,speech
speech_commands\left\e6327279_nohash_3.wav,speech
speech_commands\no\ee202358_nohash_2.wav,speech
speech_commands\yes\a97017df_nohash_0.wav,speech
speech_commands\go\d070ea86_nohash_1.wav,speech
speech_commands\go\b5eb4f9b_nohash_0.wav,speech
speech_commands\left\c37a72d3_nohash_2.wav,speech
speech_commands\up\ceef6d96_nohash_3.wav,speech
speech_commands\go\bdb90d38_nohash_0.wav,speech
speech_commands\right\3bfd30e6_nohash_4.wav,speech
speech_commands\up\29fb33da_nohash_1.wav,speech
speech_commands\go\bbaa7946_nohash_0.wav,speech
speech_commands\stop\a04817c2_nohash_2.wav,speech
speech_commands\yes\f68160c0_nohash_1.wav,speech
speech_commands\left\44c201dd_nohash_0.wav,speech
speech_commands\down\87070229_nohash_2.wav,speech
speech_commands\yes\257e17e0_nohash_0.wav,speech
speech_commands\yes\d5b963aa_nohash_4.wav,speech
speech_commands\go\578d3efb_nohash_2.wav,speech
speech_commands\go\6aa8def4_nohash_0.wav,speech
speech_commands\yes\4a4e28f1_nohash_0.wav,speech
speech_commands\up\b2fbe484_nohash_0.wav,speech
speech_commands\up\9e92ef0c_nohash_2.wav,speech
speech_commands\yes\00f0204f_nohash_2.wav,speech
speech_commands\left\f8ba7c0e_nohash_3.wav,speech
speech_commands\yes\c099668c_nohash_0.wav,speech
speech_commands\left\b29f8b23_nohash_1.wav,speech
speech_commands\down\190821dc_nohash_1.wav,speech
speech_commands\down\35d1b6ee_nohash_4.wav,speech
speech_commands\down\61482e52_nohash_1.wav,speech
speech_commands\stop\87070229_nohash_4.wav,speech
speech_commands\right\8ca3b1db_nohash_1.wav,speech
speech_commands\up\3d794813_nohash_0.wav,speech
speech_commands\up\bbf38549_nohash_4.wav,speech
speech_commands\no\b5cf6ea8_nohash_6.wav,speech
speech_commands\down\88e90bc1_nohash_1.wav,speech
speech_commands\down\ad63d93c_nohash_2.wav,speech
speech_commands\go\cb802c63_nohash_0.wav,speech
speech_commands\stop\d264f7b6_nohash_5.wav,speech
speech_commands\go\02ade946_nohash_3.wav,speech
speech_commands\left\f7b43563_nohash_2.wav,speech
speech_commands\yes\712e4d58_nohash_2.wav,speech
speech_commands\left\e54a0f16_nohash_1.wav,speech
speech_commands\no\d070ea86_nohash_2.wav,speech
speech_commands\right\234d6a48_nohash_0.wav,speech
speech_commands\go\c90c0105_nohash_0.wav,speech
speech_commands\stop\c1e0e8e3_nohash_2.wav,speech
speech_commands\up\b7a0754f_nohash_3.wav,speech
speech_commands\left\77f185d3_nohash_2.wav,speech
speech_commands\down\37bd115d_nohash_0.wav,speech
speech_commands\down\0f7266cf_nohash_4.wav,speech
speech_commands\go\f192e6b4_nohash_0.wav,speech
speech_commands\left\08ab231c_nohash_2.wav,speech
speech_commands\down\8eb4a1bf_nohash_4.wav,speech
speech_commands\go\02ade946_nohash_1.wav,speech
speech_commands\left\067f61e2_nohash_3.wav,speech
speech_commands\go\c4e1f6e0_nohash_0.wav,speech
speech_commands\yes\ee1d8d49_nohash_2.wav,speech
speech_commands\yes\cb72dfb6_nohash_3.wav,speech
speech_commands\left\64e48f55_nohash_1.wav,speech
speech_commands\down\94de6a6a_nohash_0.wav,speech
speech_commands\no\cd911ace_nohash_0.wav,speech
speech_commands\yes\05739450_nohash_0.wav,speech
speech_commands\stop\d394ef8e_nohash_0.wav,speech
speech_commands\stop\f2e9b610_nohash_4.wav,speech
speech_commands\right\0137b3f4_nohash_3.wav,speech
speech_commands\down\571c044e_nohash_1.wav,speech
speech_commands\stop\6904f0cb_nohash_2.wav,speech
speech_commands\up\9a8d8d34_nohash_2.wav,speech
speech_commands\up\5ebc1cda_nohash_2.wav,speech
speech_commands\go\1a994c9f_nohash_1.wav,speech
speech_commands\down\ea1f888c_nohash_0.wav,speech
speech_commands\yes\ddedba85_nohash_13.wav,speech
speech_commands\yes\611d2b50_nohash_2.wav,speech
speech_commands\right\9be15e93_nohash_1.wav,speech
speech_commands\no\57cb3575_nohash_0.wav,speech
speech_commands\up\1dc86f91_nohash_0.wav,speech
speech_commands\no\25040e85_nohash_1.wav,speech
speech_commands\left\f19c1390_nohash_2.wav,speech
speech_commands\left\099d52ad_nohash_1.wav,speech
speech_commands\left\3d9200b9_nohash_0.wav,speech
speech_commands\left\14c7b073_nohash_0.wav,speech
speech_commands\go\64220627_nohash_0.wav,speech
speech_commands\yes\de3fe344_nohash_2.wav,speech
speech_commands\stop\1970b130_nohash_0.wav,speech
speech_commands\down\25132942_nohash_4.wav,speech
speech_commands\no\a045368c_nohash_3.wav,speech
speech_commands\no\8c4854bc_nohash_0.wav,speech
speech_commands\yes\fa52ddf6_nohash_4.wav,speech
speech_commands\right\e0c782d5_nohash_1.wav,speech
speech_commands\right\333d7ddb_nohash_0.wav,speech
speech_commands\no\c50f55b8_nohash_12.wav,speech
speech_commands\go\ccca5655_nohash_2.wav,speech
speech_commands\left\f638a812_nohash_0.wav,speech
speech_commands\left\9a7c1f83_nohash_2.wav,speech
speech_commands\left\093f65a1_nohash_0.wav,speech
speech_commands\yes\e0315cf6_nohash_0.wav,speech
speech_commands\left\61482e52_nohash_2.wav,speech
speech_commands\go\6fb3d5a7_nohash_0.wav,speech
speech_commands\yes\619b5164_nohash_0.wav,speech
speech_commands\right\d9b50b8b_nohash_1.wav,speech
speech_commands\down\56eb74ae_nohash_0.wav,speech
speech_commands\right\1496195a_nohash_3.wav,speech
speech_commands\down\af6fbbf5_nohash_1.wav,speech
speech_commands\up\f4c77b26_nohash_0.wav,speech
speech_commands\yes\ffbb695d_nohash_0.wav,speech
speech_commands\left\840c366d_nohash_0.wav,speech
speech_commands\go\c1d39ce8_nohash_9.wav,speech
speech_commands\go\cce7416f_nohash_7.wav,speech
speech_commands\down\92a9c5e6_nohash_3.wav,speech
speech_commands\up\f5733968_nohash_0.wav,speech
speech_commands\up\363c6bad_nohash_0.wav,speech
speech_commands\no\1995cf9e_nohash_1.wav,speech
speech_commands\up\2aa787cf_nohash_3.wav,speech
speech_commands\yes\0a2b400e_nohash_3.wav,speech
speech_commands\up\71e6ab20_nohash_0.wav,speech
speech_commands\left\322d17d3_nohash_4.wav,speech
speech_commands\yes\64df20d8_nohash_0.wav,speech
speech_commands\up\a9ca1818_nohash_2.wav,speech
speech_commands\right\ee1d8d49_nohash_0.wav,speech
speech_commands\go\9e92ef0c_nohash_2.wav,speech
speech_commands\right\1887fe04_nohash_0.wav,speech
speech_commands\up\ee1d8d49_nohash_0.wav,speech
speech_commands\up\07089da9_nohash_2.wav,speech
speech_commands\right\d1dd03ed_nohash_2.wav,speech
speech_commands\left\9a3f97f8_nohash_0.wav,speech
speech_commands\right\cc71bada_nohash_0.wav,speech
speech_commands\right\b737ee80_nohash_0.wav,speech
speech_commands\no\73f20b00_nohash_2.wav,speech
speech_commands\down\d264f7b6_nohash_1.wav,speech
speech_commands\up\de08912f_nohash_1.wav,speech
speech_commands\no\6c0f6493_nohash_0.wav,speech
speech_commands\left\2796ac50_nohash_2.wav,speech
speech_commands\left\e11fbc6e_nohash_3.wav,speech
speech_commands\no\0d82fd99_nohash_0.wav,speech
speech_commands\yes\d962e5ac_nohash_3.wav,speech
speech_commands\go\3589bc72_nohash_4.wav,speech
speech_commands\down\8fe52b97_nohash_0.wav,speech
speech_commands\down\10ace7eb_nohash_3.wav,speech
speech_commands\down\1c84a139_nohash_0.wav,speech
speech_commands\right\7be5a0f3_nohash_0.wav,speech
speech_commands\stop\ad63d93c_nohash_4.wav,speech
speech_commands\up\35d1b6ee_nohash_4.wav,speech
speech_commands\right\76424fa5_nohash_1.wav,speech
speech_commands\go\3102f006_nohash_0.wav,speech
speech_commands\go\7c1d8533_nohash_2.wav,speech
speech_commands\right\c22ebf46_nohash_4.wav,speech
speech_commands\down\d394ef8e_nohash_3.wav,speech
speech_commands\left\6ac35824_nohash_0.wav,speech
speech_commands\stop\0c2d2ffa_nohash_0.wav,speech
speech_commands\stop\3d86b69a_nohash_2.wav,speech
speech_commands\go\4beff0c5_nohash_0.wav,speech
speech_commands\stop\d9aa8c90_nohash_2.wav,speech
speech_commands\stop\6d818f6c_nohash_1.wav,speech
speech_commands\go\c50f55b8_nohash_7.wav,speech
speech_commands\left\cb62dbf1_nohash_3.wav,speech
speech_commands\no\189cbabe_nohash_0.wav,speech
speech_commands\no\20fd451f_nohash_2.wav,speech
speech_commands\go\6add0595_nohash_0.wav,speech
speech_commands\down\15dd287d_nohash_3.wav,speech
speech_commands\down\e53139ad_nohash_2.wav,speech
speech_commands\right\8494fba8_nohash_1.wav,speech
speech_commands\left\4cee0c60_nohash_1.wav,speech
speech_commands\up\472b8045_nohash_2.wav,speech
speech_commands\stop\7910d292_nohash_0.wav,speech
speech_commands\right\211b928a_nohash_3.wav,speech
speech_commands\down\e900b652_nohash_0.wav,speech
speech_commands\up\9aa21fa9_nohash_3.wav,speech
speech_commands\right\4620dc14_nohash_1.wav,speech
speech_commands\stop\9b02d503_nohash_1.wav,speech
speech_commands\down\fbb56351_nohash_2.wav,speech
speech_commands\left\332d33b1_nohash_1.wav,speech
speech_commands\right\ee6163d5_nohash_0.wav,speech
speech_commands\up\aa80f517_nohash_0.wav,speech
speech_commands\down\54b6d355_nohash_0.wav,speech
speech_commands\no\c7aaad67_nohash_2.wav,speech
speech_commands\no\aa80f517_nohash_0.wav,speech
speech_commands\no\bb6d4301_nohash_0.wav,speech
speech_commands\down\3e31dffe_nohash_1.wav,speech
speech_commands\left\022cd682_nohash_0.wav,speech
speech_commands\down\c9b5ff26_nohash_2.wav,speech
speech_commands\stop\dea820ce_nohash_2.wav,speech
speech_commands\right\cc8b3228_nohash_0.wav,speech
speech_commands\down\afabfa0e_nohash_0.wav,speech
speech_commands\no\172dc2b0_nohash_0.wav,speech
speech_commands\down\f9643d42_nohash_2.wav,speech
speech_commands\down\7fd25f7c_nohash_0.wav,speech
speech_commands\no\75b631ff_nohash_1.wav,speech
speech_commands\up\3589bc72_nohash_4.wav,speech
speech_commands\up\8eb4a1bf_nohash_3.wav,speech
speech_commands\down\d962e5ac_nohash_0.wav,speech
speech_commands\down\5f9cd2eb_nohash_6.wav,speech
speech_commands\stop\af790082_nohash_1.wav,speech
speech_commands\down\f9643d42_nohash_0.wav,speech
speech_commands\yes\f0659908_nohash_2.wav,speech
speech_commands\left\67961766_nohash_0.wav,speech
speech_commands\stop\ee07dcb9_nohash_1.wav,speech
speech_commands\up\bbf38549_nohash_2.wav,speech
speech_commands\up\012187a4_nohash_0.wav,speech
speech_commands\up\e8e960fd_nohash_0.wav,speech
speech_commands\up\cb72dfb6_nohash_4.wav,speech
speech_commands\right\fb7c9b3b_nohash_0.wav,speech
speech_commands\down\a5527c48_nohash_0.wav,speech
speech_commands\down\f8f60f59_nohash_3.wav,speech
speech_commands\go\76e53db9_nohash_0.wav,speech
speech_commands\down\b44007bc_nohash_0.wav,speech
speech_commands\left\4c6167ca_nohash_0.wav,speech
speech_commands\right\96a48d28_nohash_1.wav,speech
speech_commands\right\1d1fe0a0_nohash_0.wav,speech
speech_commands\up\7c83c5f6_nohash_0.wav,speech
speech_commands\stop\5ebc1cda_nohash_4.wav,speech
speech_commands\right\6e74c582_nohash_0.wav,speech
speech_commands\right\29229c21_nohash_3.wav,speech
speech_commands\go\84999496_nohash_0.wav,speech
speech_commands\left\d0faf7e4_nohash_3.wav,speech
speech_commands\yes\1b627376_nohash_1.wav,speech
speech_commands\up\5fadb538_nohash_1.wav,speech
speech_commands\yes\ddedba85_nohash_18.wav,speech
speech_commands\yes\333d7ddb_nohash_1.wav,speech
speech_commands\go\28e47b1a_nohash_1.wav,speech
speech_commands\no\2f421e88_nohash_0.wav,speech
speech_commands\yes\6e41a77e_nohash_0.wav,speech
speech_commands\down\ab5ae445_nohash_0.wav,speech
speech_commands\yes\763188c4_nohash_2.wav,speech
speech_commands\no\a827e3a1_nohash_1.wav,speech
speech_commands\stop\324210dd_nohash_4.wav,speech
speech_commands\left\518588b6_nohash_1.wav,speech
speech_commands\left\a2473d62_nohash_2.wav,speech
speech_commands\no\520e8c0e_nohash_3.wav,speech
speech_commands\stop\5f9cd2eb_nohash_2.wav,speech
speech_commands\down\c351e611_nohash_1.wav,speech
speech_commands\stop\11099149_nohash_0.wav,speech
speech_commands\no\3102f006_nohash_3.wav,speech
speech_commands\yes\83c9e7e6_nohash_1.wav,speech
speech_commands\down\cf68fad2_nohash_0.wav,speech
speech_commands\left\a04817c2_nohash_0.wav,speech
speech_commands\stop\70a00e98_nohash_0.wav,speech
speech_commands\no\b0ae6326_nohash_0.wav,speech
speech_commands\left\591d32f3_nohash_0.wav,speech
speech_commands\up\8a56f36e_nohash_3.wav,speech
speech_commands\yes\421ed23f_nohash_0.wav,speech
speech_commands\stop\f9643d42_nohash_2.wav,speech
speech_commands\left\dea820ce_nohash_0.wav,speech
speech_commands\go\c50225fa_nohash_1.wav,speech
speech_commands\yes\d57febf0_nohash_0.wav,speech
speech_commands\down\3102f006_nohash_3.wav,speech
speech_commands\right\5a98d407_nohash_2.wav,speech
speech_commands\down\b59fa113_nohash_1.wav,speech
speech_commands\left\39a12648_nohash_3.wav,speech
speech_commands\up\bbb2eb5b_nohash_1.wav,speech
speech_commands\right\51c5601d_nohash_0.wav,speech
speech_commands\left\3d794813_nohash_4.wav,speech
speech_commands\down\74551073_nohash_0.wav,speech
speech_commands\up\b97c9f77_nohash_4.wav,speech
speech_commands\go\3903b558_nohash_0.wav,speech
speech_commands\no\f2f0d244_nohash_3.wav,speech
speech_commands\up\439c84f4_nohash_2.wav,speech
speech_commands\left\a045368c_nohash_4.wav,speech
speech_commands\left\bb6d4301_nohash_0.wav,speech
speech_commands\left\becd5a53_nohash_0.wav,speech
speech_commands\down\db7c95b0_nohash_0.wav,speech
speech_commands\stop\616420be_nohash_0.wav,speech
speech_commands\down\d4dddb92_nohash_0.wav,speech
speech_commands\down\a05a90c1_nohash_3.wav,speech
speech_commands\yes\61e2f74f_nohash_0.wav,speech
speech_commands\right\d9aa8c90_nohash_2.wav,speech
speech_commands\go\29b81b73_nohash_0.wav,speech
speech_commands\go\35d1b6ee_nohash_2.wav,speech
speech_commands\go\74241b28_nohash_1.wav,speech
speech_commands\down\c6ee87a7_nohash_0.wav,speech
speech_commands\stop\98ea0818_nohash_1.wav,speech
speech_commands\up\a6f2fd71_nohash_3.wav,speech
speech_commands\yes\6fca237d_nohash_0.wav,speech
speech_commands\yes\1b63157b_nohash_5.wav,speech
speech_commands\left\40b60ae9_nohash_0.wav,speech
speech_commands\stop\131e738d_nohash_1.wav,speech
speech_commands\no\af405b69_nohash_1.wav,speech
speech_commands\down\39833acb_nohash_1.wav,speech
speech_commands\right\5cf1ecce_nohash_1.wav,speech
speech_commands\left\997867e7_nohash_0.wav,speech
speech_commands\right\459345ea_nohash_0.wav,speech
speech_commands\right\5f9cd2eb_nohash_5.wav,speech
speech_commands\go\b49caed3_nohash_3.wav,speech
speech_commands\right\017c4098_nohash_0.wav,speech
speech_commands\no\d94eb94f_nohash_0.wav,speech
speech_commands\right\b9f46737_nohash_0.wav,speech
speech_commands\down\5769c5ab_nohash_0.wav,speech
speech_commands\down\f822b9bf_nohash_2.wav,speech
speech_commands\down\76b58705_nohash_0.wav,speech
speech_commands\go\0d82fd99_nohash_4.wav,speech
speech_commands\left\5d4e3bb8_nohash_1.wav,speech
speech_commands\up\f35eedd7_nohash_1.wav,speech
speech_commands\up\9886d8bf_nohash_4.wav,speech
speech_commands\left\370844f7_nohash_0.wav,speech
speech_commands\down\17cc40ee_nohash_0.wav,speech
speech_commands\no\a16013b7_nohash_4.wav,speech
speech_commands\left\8d5e1dc0_nohash_0.wav,speech
speech_commands\left\1b4c9b89_nohash_2.wav,speech
speech_commands\no\9a76f8c3_nohash_1.wav,speech
speech_commands\go\be91a00a_nohash_1.wav,speech
speech_commands\no\74241b28_nohash_4.wav,speech
speech_commands\down\c22d3f18_nohash_3.wav,speech
speech_commands\yes\9fac5701_nohash_2.wav,speech
speech_commands\no\8a194ee6_nohash_1.wav,speech
speech_commands\no\6c429c7b_nohash_0.wav,speech
speech_commands\left\3102f006_nohash_1.wav,speech
speech_commands\up\4c1aa16d_nohash_0.wav,speech
speech_commands\yes\f822b9bf_nohash_1.wav,speech
speech_commands\go\21e8c417_nohash_2.wav,speech
speech_commands\yes\54ad8f22_nohash_4.wav,speech
speech_commands\go\94de6a6a_nohash_0.wav,speech
speech_commands\stop\4c77947d_nohash_0.wav,speech
speech_commands\up\b0c0197e_nohash_0.wav,speech
speech_commands\stop\2dc4f05d_nohash_1.wav,speech
speech_commands\no\106a6183_nohash_4.wav,speech
speech_commands\right\25e95412_nohash_3.wav,speech
speech_commands\stop\1acc97de_nohash_0.wav,speech
speech_commands\yes\0d82fd99_nohash_2.wav,speech
speech_commands\stop\be7a5b2d_nohash_4.wav,speech
speech_commands\go\e0ff1e9c_nohash_0.wav,speech
speech_commands\down\f839238a_nohash_2.wav,speech
speech_commands\right\f19c1390_nohash_2.wav,speech
speech_commands\no\4249c833_nohash_0.wav,speech
speech_commands\yes\525eaa62_nohash_0.wav,speech
speech_commands\no\3e3b65eb_nohash_0.wav,speech
speech_commands\right\dd664d92_nohash_0.wav,speech
speech_commands\down\0819edb0_nohash_1.wav,speech
speech_commands\yes\6904f0cb_nohash_0.wav,speech
speech_commands\left\878befa7_nohash_2.wav,speech
speech_commands\right\e6be0830_nohash_3.wav,speech
speech_commands\down\42a99aec_nohash_1.wav,speech
speech_commands\down\30060aba_nohash_4.wav,speech
speech_commands\right\2144be19_nohash_1.wav,speech
speech_commands\down\9aa21fa9_nohash_0.wav,speech
speech_commands\stop\7fd25f7c_nohash_3.wav,speech
speech_commands\up\19a1e5c7_nohash_1.wav,speech
speech_commands\left\ad63d93c_nohash_0.wav,speech
speech_commands\up\ce0cb033_nohash_1.wav,speech
speech_commands\up\a05a90c1_nohash_2.wav,speech
speech_commands\stop\f8ad3941_nohash_0.wav,speech
speech_commands\yes\9b8a7439_nohash_0.wav,speech
speech_commands\left\9ff2d2f4_nohash_0.wav,speech
speech_commands\down\f5341341_nohash_2.wav,speech
speech_commands\stop\a4e8a997_nohash_0.wav,speech
speech_commands\up\64df20d8_nohash_4.wav,speech
speech_commands\no\cc3b5b62_nohash_4.wav,speech
speech_commands\no\85851131_nohash_0.wav,speech
speech_commands\up\5ab63b0a_nohash_1.wav,speech
speech_commands\yes\91ffb786_nohash_3.wav,speech
speech_commands\left\a5527c48_nohash_0.wav,speech
speech_commands\up\3903b558_nohash_1.wav,speech
speech_commands\no\4f256313_nohash_0.wav,speech
speech_commands\go\72aa7259_nohash_0.wav,speech
speech_commands\up\90e72357_nohash_0.wav,speech
speech_commands\up\833a0279_nohash_0.wav,speech
speech_commands\yes\c1e0e8e3_nohash_1.wav,speech
speech_commands\stop\e882abb2_nohash_0.wav,speech
speech_commands\no\cce7416f_nohash_9.wav,speech
speech_commands\right\7d149b38_nohash_0.wav,speech
speech_commands\no\c1b7c224_nohash_0.wav,speech
speech_commands\stop\c1d39ce8_nohash_9.wav,speech
speech_commands\stop\bfd26d6b_nohash_4.wav,speech
speech_commands\stop\fd32732a_nohash_0.wav,speech
speech_commands\stop\6c429c7b_nohash_1.wav,speech
speech_commands\no\c9b653a0_nohash_0.wav,speech
speech_commands\left\57152045_nohash_0.wav,speech
speech_commands\down\33903159_nohash_1.wav,speech
speech_commands\up\7211390b_nohash_3.wav,speech
speech_commands\go\f4cae173_nohash_0.wav,speech
speech_commands\up\b9f46737_nohash_0.wav,speech
speech_commands\left\f5341341_nohash_2.wav,speech
speech_commands\left\559bc36a_nohash_3.wav,speech
speech_commands\down\7e7ca854_nohash_1.wav,speech
speech_commands\yes\1474273a_nohash_0.wav,speech
speech_commands\yes\ef77b778_nohash_2.wav,speech
speech_commands\down\a8f45bdc_nohash_1.wav,speech
speech_commands\stop\e0c782d5_nohash_1.wav,speech
speech_commands\go\b87bdb22_nohash_2.wav,speech
speech_commands\no\f8f60f59_nohash_1.wav,speech
speech_commands\right\acfd5b5e_nohash_4.wav,speech
speech_commands\down\6a700f9d_nohash_0.wav,speech
speech_commands\down\2aca1e72_nohash_8.wav,speech
speech_commands\right\c842b5e4_nohash_0.wav,speech
speech_commands\down\3a3ee7ed_nohash_2.wav,speech
speech_commands\stop\012187a4_nohash_1.wav,speech
speech_commands\yes\52162b51_nohash_3.wav,speech
speech_commands\down\c205e625_nohash_0.wav,speech
speech_commands\right\82951cf0_nohash_0.wav,speech
speech_commands\stop\ab9b93e4_nohash_0.wav,speech
speech_commands\go\29229c21_nohash_3.wav,speech
speech_commands\right\c245d3d7_nohash_0.wav,speech
speech_commands\left\b9f46737_nohash_1.wav,speech
speech_commands\yes\ec545975_nohash_2.wav,speech
speech_commands\go\324210dd_nohash_1.wav,speech
speech_commands\stop\1dce06e8_nohash_0.wav,speech
speech_commands\up\893705bb_nohash_10.wav,speech
speech_commands\left\19e98e89_nohash_0.wav,speech
speech_commands\stop\563aa4e6_nohash_1.wav,speech
speech_commands\yes\3291330e_nohash_2.wav,speech
speech_commands\right\b97c9f77_nohash_1.wav,speech
speech_commands\up\51c5601d_nohash_0.wav,speech
speech_commands\left\f216055e_nohash_0.wav,speech
speech_commands\left\80c17118_nohash_1.wav,speech
speech_commands\go\1c6e5447_nohash_2.wav,speech
speech_commands\up\4c6944d6_nohash_1.wav,speech
speech_commands\left\c7b4049e_nohash_0.wav,speech
speech_commands\up\3d9bbe2d_nohash_4.wav,speech
speech_commands\go\b84f83d2_nohash_0.wav,speech
speech_commands\up\113b3fbc_nohash_2.wav,speech
speech_commands\yes\5cf1ecce_nohash_2.wav,speech
speech_commands\stop\723efc4c_nohash_0.wav,speech
speech_commands\right\a045368c_nohash_1.wav,speech
speech_commands\down\8335f893_nohash_0.wav,speech
speech_commands\no\98170b49_nohash_0.wav,speech
speech_commands\stop\aa80f517_nohash_3.wav,speech
speech_commands\up\4c3cddb8_nohash_0.wav,speech
speech_commands\yes\b0ae6326_nohash_2.wav,speech
speech_commands\yes\c9a5100f_nohash_0.wav,speech
speech_commands\no\6078eb0d_nohash_1.wav,speech
speech_commands\left\87070229_nohash_2.wav,speech
speech_commands\up\850e2222_nohash_2.wav,speech
speech_commands\up\7846fd85_nohash_0.wav,speech
speech_commands\down\46a153d8_nohash_3.wav,speech
speech_commands\yes\8a90cf67_nohash_3.wav,speech
speech_commands\no\bd76a7fd_nohash_1.wav,speech
speech_commands\down\ab5b211a_nohash_0.wav,speech
speech_commands\down\4d9e07cf_nohash_0.wav,speech
speech_commands\left\8781f4c1_nohash_1.wav,speech
speech_commands\no\c120e80e_nohash_1.wav,speech
speech_commands\right\51c5601d_nohash_3.wav,speech
speech_commands\down\c79159aa_nohash_3.wav,speech
speech_commands\go\88b7c5fa_nohash_0.wav,speech
speech_commands\right\0fa1e7a9_nohash_0.wav,speech
speech_commands\yes\d9ae8983_nohash_0.wav,speech
speech_commands\no\b414c653_nohash_3.wav,speech
speech_commands\up\845f8553_nohash_0.wav,speech
speech_commands\left\fe1916ba_nohash_0.wav,speech
speech_commands\down\eb609143_nohash_2.wav,speech
speech_commands\right\716757ce_nohash_2.wav,speech
speech_commands\left\3c257192_nohash_1.wav,speech
speech_commands\left\89e59d18_nohash_0.wav,speech
speech_commands\go\a2fefcb4_nohash_0.wav,speech
speech_commands\down\735845ab_nohash_2.wav,speech
speech_commands\left\e57d35bc_nohash_0.wav,speech
speech_commands\right\f5d09ebd_nohash_1.wav,speech
speech_commands\yes\9a7c1f83_nohash_1.wav,speech
speech_commands\left\4995d875_nohash_3.wav,speech
speech_commands\down\c9027901_nohash_0.wav,speech
speech_commands\no\3e3fa7fd_nohash_1.wav,speech
speech_commands\yes\31f01a8d_nohash_0.wav,speech
speech_commands\go\d0858dce_nohash_0.wav,speech
speech_commands\left\099d52ad_nohash_2.wav,speech
speech_commands\stop\c1d39ce8_nohash_3.wav,speech
speech_commands\yes\4f086393_nohash_0.wav,speech
speech_commands\yes\b9f46737_nohash_2.wav,speech
speech_commands\yes\9c06a3f3_nohash_0.wav,speech
speech_commands\no\763188c4_nohash_1.wav,speech
speech_commands\left\b6573c88_nohash_1.wav,speech
speech_commands\stop\1496195a_nohash_1.wav,speech
speech_commands\up\b4ea0d9a_nohash_0.wav,speech
speech_commands\yes\978240e1_nohash_0.wav,speech
speech_commands\up\d486fb84_nohash_1.wav,speech
speech_commands\left\f0659908_nohash_2.wav,speech
speech_commands\no\dce5041a_nohash_1.wav,speech
speech_commands\right\b8874962_nohash_4.wav,speech
speech_commands\go\617de221_nohash_2.wav,speech
speech_commands\go\365908bd_nohash_4.wav,speech
speech_commands\go\c245d3d7_nohash_0.wav,speech
speech_commands\down\5087f68b_nohash_1.wav,speech
speech_commands\go\5b09db89_nohash_1.wav,speech
speech_commands\go\9f63152b_nohash_0.wav,speech
speech_commands\yes\24694eb6_nohash_0.wav,speech
speech_commands\go\39afb88e_nohash_0.wav,speech
speech_commands\down\b19f7f5f_nohash_0.wav,speech
speech_commands\yes\f5c3de1b_nohash_2.wav,speech
speech_commands\up\7e7ca854_nohash_1.wav,speech
speech_commands\yes\0e6e36c9_nohash_1.wav,speech
speech_commands\down\686d030b_nohash_4.wav,speech
speech_commands\left\11321027_nohash_0.wav,speech
speech_commands\down\3402e488_nohash_0.wav,speech
speech_commands\yes\86f12ac0_nohash_0.wav,speech
speech_commands\left\5f5eef60_nohash_3.wav,speech
speech_commands\left\4634529e_nohash_0.wav,speech
speech_commands\up\eeaf97c3_nohash_4.wav,speech
speech_commands\yes\60472d26_nohash_0.wav,speech
speech_commands\down\e71a9381_nohash_1.wav,speech
speech_commands\right\2b5e346d_nohash_0.wav,speech
speech_commands\yes\9b02d503_nohash_2.wav,speech
speech_commands\stop\f804cbb3_nohash_1.wav,speech
speech_commands\right\db9d52d2_nohash_0.wav,speech
speech_commands\up\32ad5b65_nohash_0.wav,speech
speech_commands\yes\dd6c6806_nohash_1.wav,speech
speech_commands\stop\64a80906_nohash_0.wav,speech
speech_commands\left\a7200079_nohash_1.wav,speech
speech_commands\down\c7f9ffb5_nohash_0.wav,speech
speech_commands\stop\8012c69d_nohash_1.wav,speech
speech_commands\down\1d919a90_nohash_0.wav,speech
speech_commands\yes\b84f83d2_nohash_1.wav,speech
speech_commands\left\72242187_nohash_0.wav,speech
speech_commands\right\d9e9f554_nohash_0.wav,speech
speech_commands\go\a957fef5_nohash_0.wav,speech
speech_commands\go\2927c601_nohash_1.wav,speech
speech_commands\go\446a3161_nohash_0.wav,speech
speech_commands\left\f21893dc_nohash_0.wav,speech
speech_commands\down\97f4c236_nohash_4.wav,speech
speech_commands\yes\3d9bbe2d_nohash_1.wav,speech
speech_commands\go\f2e59fea_nohash_2.wav,speech
speech_commands\no\4634529e_nohash_0.wav,speech
speech_commands\up\7910d292_nohash_1.wav,speech
speech_commands\no\cc3b5b62_nohash_1.wav,speech
speech_commands\no\1c84a139_nohash_0.wav,speech
speech_commands\left\493392c6_nohash_0.wav,speech
speech_commands\go\3bfd30e6_nohash_0.wav,speech
speech_commands\left\bb31b82b_nohash_0.wav,speech
speech_commands\left\bbf38549_nohash_3.wav,speech
speech_commands\right\2f0ce4d9_nohash_0.wav,speech
speech_commands\up\96d8bb6f_nohash_3.wav,speech
speech_commands\stop\7014b07e_nohash_0.wav,speech
speech_commands\down\578d3efb_nohash_4.wav,speech
speech_commands\no\2aca1e72_nohash_9.wav,speech
speech_commands\stop\772db621_nohash_1.wav,speech
speech_commands\down\b87bdb22_nohash_1.wav,speech
speech_commands\right\85851131_nohash_2.wav,speech
speech_commands\left\b7a0754f_nohash_1.wav,speech
speech_commands\right\5744b6a7_nohash_0.wav,speech
speech_commands\left\2510c044_nohash_0.wav,speech
speech_commands\down\779de043_nohash_2.wav,speech
speech_commands\go\195c120a_nohash_1.wav,speech
speech_commands\yes\195c120a_nohash_1.wav,speech
speech_commands\up\aa48c94a_nohash_1.wav,speech
speech_commands\right\679463fc_nohash_0.wav,speech
speech_commands\up\acfd5b5e_nohash_4.wav,speech
speech_commands\no\264f471d_nohash_0.wav,speech
speech_commands\yes\ffbb695d_nohash_1.wav,speech
speech_commands\yes\56eb74ae_nohash_3.wav,speech
speech_commands\yes\0bac8a71_nohash_0.wav,speech
speech_commands\down\0717b9f6_nohash_2.wav,speech
speech_commands\go\4249c833_nohash_1.wav,speech
speech_commands\up\833d9f56_nohash_3.wav,speech
speech_commands\up\9a7c1f83_nohash_2.wav,speech
speech_commands\yes\b66f4f93_nohash_1.wav,speech
speech_commands\stop\8769c34c_nohash_2.wav,speech
speech_commands\no\bbc30633_nohash_2.wav,speech
speech_commands\left\4c841771_nohash_0.wav,speech
speech_commands\left\3c257192_nohash_3.wav,speech
speech_commands\right\ab5b211a_nohash_0.wav,speech
speech_commands\left\1dce06e8_nohash_0.wav,speech
speech_commands\no\beb458a4_nohash_0.wav,speech
speech_commands\go\6adb8ad9_nohash_0.wav,speech
speech_commands\right\aff582a1_nohash_4.wav,speech
speech_commands\down\72242187_nohash_1.wav,speech
speech_commands\right\324210dd_nohash_2.wav,speech
speech_commands\up\48463cbc_nohash_2.wav,speech
speech_commands\no\28ce0c58_nohash_5.wav,speech
speech_commands\no\52162b51_nohash_0.wav,speech
speech_commands\no\85851131_nohash_4.wav,speech
speech_commands\no\ccca5655_nohash_3.wav,speech
speech_commands\down\321aba74_nohash_1.wav,speech
speech_commands\right\0d90d8e1_nohash_2.wav,speech
speech_commands\no\9b8a7439_nohash_1.wav,speech
speech_commands\yes\ef3367d9_nohash_4.wav,speech
speech_commands\no\8012c69d_nohash_3.wav,speech
speech_commands\down\acde7e73_nohash_0.wav,speech
speech_commands\left\c0e8f5a1_nohash_1.wav,speech
speech_commands\up\c5a1e46c_nohash_2.wav,speech
speech_commands\yes\71904de3_nohash_0.wav,speech
speech_commands\right\324210dd_nohash_0.wav,speech
speech_commands\left\53458368_nohash_0.wav,speech
speech_commands\right\e6be0830_nohash_2.wav,speech
speech_commands\up\9e2ce5e3_nohash_1.wav,speech
speech_commands\go\d5b963aa_nohash_1.wav,speech
speech_commands\down\6fca237d_nohash_1.wav,speech
speech_commands\yes\9be15e93_nohash_3.wav,speech
speech_commands\stop\66aa0f29_nohash_0.wav,speech
speech_commands\down\adebe223_nohash_0.wav,speech
speech_commands\yes\8fe67225_nohash_2.wav,speech
speech_commands\stop\113b3fbc_nohash_0.wav,speech
speech_commands\yes\ccb1266b_nohash_2.wav,speech
speech_commands\no\a293e285_nohash_3.wav,speech
speech_commands\left\1cec8d71_nohash_0.wav,speech
speech_commands\up\e3e49931_nohash_0.wav,speech
speech_commands\stop\bf8d5617_nohash_1.wav,speech
speech_commands\stop\f68160c0_nohash_1.wav,speech
speech_commands\no\0cd323ec_nohash_1.wav,speech
speech_commands\down\acfd5b5e_nohash_4.wav,speech
speech_commands\down\8a194ee6_nohash_2.wav,speech
speech_commands\no\ed032775_nohash_3.wav,speech
speech_commands\yes\cfbedff9_nohash_0.wav,speech
speech_commands\stop\5c39594f_nohash_1.wav,speech
speech_commands\down\365908bd_nohash_4.wav,speech
speech_commands\yes\9587481f_nohash_0.wav,speech
speech_commands\right\a489191a_nohash_4.wav,speech
speech_commands\stop\a4ca3afe_nohash_0.wav,speech
speech_commands\up\0f7266cf_nohash_0.wav,speech
speech_commands\go\c1e0e8e3_nohash_3.wav,speech
speech_commands\stop\ba676390_nohash_0.wav,speech
speech_commands\down\31270cb2_nohash_0.wav,speech
speech_commands\down\95ba4996_nohash_1.wav,speech
speech_commands\stop\88f3719f_nohash_1.wav,speech
speech_commands\down\d71ad617_nohash_0.wav,speech
speech_commands\up\eb609143_nohash_1.wav,speech
speech_commands\no\3c4aa5ef_nohash_1.wav,speech
speech_commands\up\c1e0e8e3_nohash_4.wav,speech
speech_commands\up\c4e00ee9_nohash_3.wav,speech
speech_commands\go\067f61e2_nohash_1.wav,speech
speech_commands\left\cfbedff9_nohash_3.wav,speech
speech_commands\stop\a1533da4_nohash_1.wav,speech
speech_commands\go\9448c397_nohash_3.wav,speech
speech_commands\no\61e2f74f_nohash_0.wav,speech
speech_commands\yes\0ba018fc_nohash_0.wav,speech
speech_commands\stop\9a76f8c3_nohash_3.wav,speech
speech_commands\stop\06f6c194_nohash_1.wav,speech
speech_commands\left\a2cc5444_nohash_2.wav,speech
speech_commands\no\cd7f8c1b_nohash_2.wav,speech
speech_commands\down\fc3ba625_nohash_2.wav,speech
speech_commands\left\3a3ee7ed_nohash_2.wav,speech
speech_commands\down\676f8138_nohash_1.wav,speech
speech_commands\go\a5d485dc_nohash_1.wav,speech
speech_commands\stop\471a0925_nohash_3.wav,speech
speech_commands\right\1a892463_nohash_0.wav,speech
speech_commands\stop\fa7895de_nohash_0.wav,speech
speech_commands\no\195c120a_nohash_0.wav,speech
speech_commands\down\bd76a7fd_nohash_0.wav,speech
speech_commands\left\2b5e346d_nohash_4.wav,speech
speech_commands\stop\c120e80e_nohash_5.wav,speech
speech_commands\go\ff2b842e_nohash_3.wav,speech
speech_commands\go\da040491_nohash_1.wav,speech
speech_commands\go\b7e9f841_nohash_1.wav,speech
speech_commands\stop\f97e1fcd_nohash_0.wav,speech
speech_commands\left\8910e5ef_nohash_0.wav,speech
speech_commands\up\122c5aa7_nohash_1.wav,speech
speech_commands\up\a5d1becc_nohash_0.wav,speech
speech_commands\yes\e2b7d6d6_nohash_0.wav,speech
speech_commands\no\7195ffa6_nohash_0.wav,speech
speech_commands\down\1daa5ada_nohash_0.wav,speech
speech_commands\yes\aff582a1_nohash_0.wav,speech
speech_commands\right\1e4064b8_nohash_0.wav,speech
speech_commands\stop\5170b77f_nohash_0.wav,speech
speech_commands\right\40738a2d_nohash_1.wav,speech
speech_commands\no\24a3e589_nohash_0.wav,speech
speech_commands\right\8ff44869_nohash_0.wav,speech
speech_commands\up\86f12ac0_nohash_0.wav,speech
speech_commands\no\a16013b7_nohash_3.wav,speech
speech_commands\stop\2b3f509b_nohash_0.wav,speech
speech_commands\left\2da58b32_nohash_1.wav,speech
speech_commands\right\845f8553_nohash_1.wav,speech
speech_commands\down\460209ac_nohash_4.wav,speech
speech_commands\yes\a489191a_nohash_2.wav,speech
speech_commands\left\215699ff_nohash_3.wav,speech
speech_commands\yes\a16013b7_nohash_2.wav,speech
speech_commands\right\91ffb786_nohash_1.wav,speech
speech_commands\yes\27c24504_nohash_0.wav,speech
speech_commands\right\2f666bb2_nohash_1.wav,speech
speech_commands\up\3bfd30e6_nohash_2.wav,speech
speech_commands\down\525eaa62_nohash_0.wav,speech
speech_commands\yes\3e549219_nohash_1.wav,speech
speech_commands\left\dc6e9c04_nohash_1.wav,speech
speech_commands\up\e7117d00_nohash_0.wav,speech
speech_commands\up\dea820ce_nohash_0.wav,speech
speech_commands\go\5cf1ecce_nohash_1.wav,speech
speech_commands\left\7e556a2c_nohash_1.wav,speech
speech_commands\up\f6af2457_nohash_1.wav,speech
speech_commands\no\c08585c1_nohash_3.wav,speech
speech_commands\right\b10b0654_nohash_1.wav,speech
speech_commands\yes\4c6167ca_nohash_3.wav,speech
speech_commands\up\a583c5b0_nohash_1.wav,speech
speech_commands\stop\25e95412_nohash_2.wav,speech
speech_commands\up\91ffb786_nohash_0.wav,speech
speech_commands\right\96c66ab7_nohash_0.wav,speech
speech_commands\up\888a0c49_nohash_4.wav,speech
speech_commands\go\ef3367d9_nohash_3.wav,speech
speech_commands\down\87d5e978_nohash_0.wav,speech
speech_commands\go\09a7aa2a_nohash_0.wav,speech
speech_commands\go\3d9bbe2d_nohash_0.wav,speech
speech_commands\no\d1dd03ed_nohash_0.wav,speech
speech_commands\right\9080f6d3_nohash_0.wav,speech
speech_commands\up\f59d0771_nohash_0.wav,speech
speech_commands\left\2bdbe5f7_nohash_4.wav,speech
speech_commands\right\3cdecb0b_nohash_0.wav,speech
speech_commands\stop\676f8138_nohash_1.wav,speech
speech_commands\no\18e910f4_nohash_4.wav,speech
speech_commands\go\dcc012ec_nohash_0.wav,speech
speech_commands\up\30060aba_nohash_1.wav,speech
speech_commands\up\42f81601_nohash_1.wav,speech
speech_commands\yes\bfd26d6b_nohash_3.wav,speech
speech_commands\go\48463cbc_nohash_1.wav,speech
speech_commands\go\042a8dde_nohash_2.wav,speech
speech_commands\up\321aba74_nohash_3.wav,speech
speech_commands\yes\189cbabe_nohash_1.wav,speech
speech_commands\down\9be15e93_nohash_3.wav,speech
speech_commands\no\f575faf3_nohash_1.wav,speech
speech_commands\right\2a1f4853_nohash_2.wav,speech
speech_commands\left\cd85758f_nohash_0.wav,speech
speech_commands\down\2bdbe5f7_nohash_2.wav,speech
speech_commands\down\c50f55b8_nohash_1.wav,speech
speech_commands\no\5de8f2f0_nohash_0.wav,speech
speech_commands\left\61482e52_nohash_4.wav,speech
speech_commands\up\4c6167ca_nohash_3.wav,speech
speech_commands\no\24cab2cb_nohash_1.wav,speech
speech_commands\go\b97c9f77_nohash_0.wav,speech
speech_commands\no\4e6902d0_nohash_3.wav,speech
speech_commands\no\7ab5b8f7_nohash_0.wav,speech
speech_commands\up\c392e01d_nohash_0.wav,speech
speech_commands\up\c22ebf46_nohash_1.wav,speech
speech_commands\right\626e323f_nohash_0.wav,speech
speech_commands\no\30276d03_nohash_4.wav,speech
speech_commands\left\31fd5cf5_nohash_0.wav,speech
speech_commands\left\29fb33da_nohash_3.wav,speech
speech_commands\up\099d52ad_nohash_0.wav,speech
speech_commands\right\f5626af6_nohash_1.wav,speech
speech_commands\stop\f9af0887_nohash_1.wav,speech
speech_commands\yes\53d5b86f_nohash_1.wav,speech
speech_commands\no\ca4d5368_nohash_3.wav,speech
speech_commands\left\69086eb0_nohash_0.wav,speech
speech_commands\up\144d27ff_nohash_1.wav,speech
speech_commands\no\e718c302_nohash_0.wav,speech
speech_commands\yes\85b877b5_nohash_0.wav,speech
speech_commands\stop\2dce72b3_nohash_0.wav,speech
speech_commands\go\11321027_nohash_0.wav,speech
speech_commands\no\ec21c46b_nohash_0.wav,speech
speech_commands\yes\59b98a22_nohash_0.wav,speech
speech_commands\down\a80f9f53_nohash_0.wav,speech
speech_commands\no\b5cf6ea8_nohash_3.wav,speech
speech_commands\up\541e4079_nohash_0.wav,speech
speech_commands\right\b49caed3_nohash_1.wav,speech
speech_commands\left\b176f8e9_nohash_0.wav,speech
speech_commands\stop\ff2b842e_nohash_1.wav,speech
speech_commands\go\e9901cf0_nohash_0.wav,speech
speech_commands\go\c948d727_nohash_0.wav,speech
speech_commands\right\77655bdf_nohash_0.wav,speech
speech_commands\yes\617de221_nohash_3.wav,speech
speech_commands\yes\52162b51_nohash_4.wav,speech
speech_commands\down\7ab5b8f7_nohash_0.wav,speech
speech_commands\stop\b3bdded5_nohash_2.wav,speech
speech_commands\yes\d8c314c0_nohash_1.wav,speech
speech_commands\down\ed032775_nohash_4.wav,speech
speech_commands\up\5cf1ecce_nohash_3.wav,speech
speech_commands\down\57152045_nohash_4.wav,speech
speech_commands\right\0132a06d_nohash_2.wav,speech
speech_commands\stop\3d794813_nohash_3.wav,speech
speech_commands\right\0e17f595_nohash_1.wav,speech
speech_commands\left\3ce4910e_nohash_0.wav,speech
speech_commands\stop\2b5e346d_nohash_0.wav,speech
speech_commands\up\de3fe344_nohash_1.wav,speech
speech_commands\up\948867e7_nohash_0.wav,speech
speech_commands\up\caf9fceb_nohash_0.wav,speech
speech_commands\no\6c429c7b_nohash_2.wav,speech
speech_commands\go\20fd451f_nohash_1.wav,speech
speech_commands\down\878befa7_nohash_1.wav,speech
speech_commands\go\23da904f_nohash_2.wav,speech
speech_commands\go\07c5129e_nohash_0.wav,speech
speech_commands\up\f2e59fea_nohash_1.wav,speech
speech_commands\down\87070229_nohash_1.wav,speech
speech_commands\right\a045368c_nohash_0.wav,speech
speech_commands\right\0f7266cf_nohash_0.wav,speech
speech_commands\yes\a7216980_nohash_2.wav,speech
speech_commands\up\5184ed3e_nohash_0.wav,speech
speech_commands\stop\13d7b8c9_nohash_0.wav,speech
speech_commands\go\1f3bece8_nohash_0.wav,speech
speech_commands\right\b3bb4dd6_nohash_0.wav,speech
speech_commands\no\d070ea86_nohash_1.wav,speech
speech_commands\up\513aeddf_nohash_1.wav,speech
speech_commands\go\5efb758c_nohash_0.wav,speech
speech_commands\stop\ef3367d9_nohash_3.wav,speech
speech_commands\left\e71a9381_nohash_1.wav,speech
speech_commands\right\59fe87e6_nohash_0.wav,speech
speech_commands\stop\de650823_nohash_0.wav,speech
speech_commands\up\113b3fbc_nohash_4.wav,speech
speech_commands\left\b414c653_nohash_4.wav,speech
speech_commands\up\050170cb_nohash_1.wav,speech
speech_commands\right\85c60942_nohash_0.wav,speech
speech_commands\yes\0f7266cf_nohash_3.wav,speech
speech_commands\up\31601aad_nohash_0.wav,speech
speech_commands\right\7846fd85_nohash_2.wav,speech
speech_commands\no\229978fd_nohash_0.wav,speech
speech_commands\go\adec6a94_nohash_0.wav,speech
speech_commands\no\5cf1ecce_nohash_1.wav,speech
speech_commands\no\e3e0f145_nohash_0.wav,speech
speech_commands\yes\a5d1becc_nohash_4.wav,speech
speech_commands\up\4c841771_nohash_0.wav,speech
speech_commands\down\6c968bd9_nohash_4.wav,speech
speech_commands\stop\5184ed3e_nohash_2.wav,speech
speech_commands\no\be7a5b2d_nohash_1.wav,speech
speech_commands\no\39a12648_nohash_1.wav,speech
speech_commands\no\89f680f3_nohash_1.wav,speech
speech_commands\no\499be02e_nohash_3.wav,speech
speech_commands\go\0132a06d_nohash_1.wav,speech
speech_commands\down\14c7b073_nohash_2.wav,speech
speech_commands\left\0a2b400e_nohash_2.wav,speech
speech_commands\left\e5e54cee_nohash_1.wav,speech
speech_commands\yes\f5e44d34_nohash_0.wav,speech
